ISO-10303-21;
HEADER;
/* Generated by software containing ST-Developer
 * from STEP Tools, Inc. (www.steptools.com) 
 */
/* OPTION: using custom renumber hook */

FILE_DESCRIPTION(
/* description */ ('STEP AP242 Edition 2',
'CAx-IF Rec.Pracs.---Representation and Presentation of Product Manufa
cturing Information (PMI)---4.0---2014-10-13',
'CAx-IF Rec.Pracs.---3D Tessellated Geometry---0.4---2014-09-14','2;1',
'CAx-IF Rec.Pracs.---User Defined Attributes---1.5---2016-08-15'),
/* implementation_level */ '2;1');

FILE_NAME(
/* name */ '6a9f35077d127599ce242050',
/* time_stamp */ '2026-09-07T22:05:17Z',
/* author */ (''),
/* organization */ (''),
/* preprocessor_version */ 'ST-DEVELOPER v20',
/* originating_system */ 'ONSHAPE BY PTC INC, 1.220',
/* authorisation */ '  ');

FILE_SCHEMA (('AP242_MANAGED_MODEL_BASED_3D_ENGINEERING_MIM_LF { 1 0 10303 442 3 1 4 }'));
ENDSEC;

DATA;
#10=CONICAL_SURFACE('',#6668,0.0214354800782009,0.761402778892039);
#11=CONICAL_SURFACE('',#6670,0.00669273325435443,0.76140277889204);
#12=CONICAL_SURFACE('',#6672,0.00496788937533603,0.809393547902857);
#13=DEGENERATE_TOROIDAL_SURFACE('',#6665,0.0107177400391004,0.0108103676606379,
 .T.);
#14=(
BOUNDED_CURVE()
B_SPLINE_CURVE(2,(#9383,#9384,#9385),.UNSPECIFIED.,.F.,.F.)
B_SPLINE_CURVE_WITH_KNOTS((3,3),(0.,1.),.PIECEWISE_BEZIER_KNOTS.)
CURVE()
GEOMETRIC_REPRESENTATION_ITEM()
RATIONAL_B_SPLINE_CURVE((1.,0.989699778634411,1.))
REPRESENTATION_ITEM('')
);
#15=(
BOUNDED_CURVE()
B_SPLINE_CURVE(2,(#9403,#9404,#9405),.UNSPECIFIED.,.F.,.F.)
B_SPLINE_CURVE_WITH_KNOTS((3,3),(0.,1.),.PIECEWISE_BEZIER_KNOTS.)
CURVE()
GEOMETRIC_REPRESENTATION_ITEM()
RATIONAL_B_SPLINE_CURVE((1.,0.990960195679234,1.))
REPRESENTATION_ITEM('')
);
#16=(
BOUNDED_CURVE()
B_SPLINE_CURVE(2,(#9423,#9424,#9425),.UNSPECIFIED.,.F.,.F.)
B_SPLINE_CURVE_WITH_KNOTS((3,3),(0.,1.),.PIECEWISE_BEZIER_KNOTS.)
CURVE()
GEOMETRIC_REPRESENTATION_ITEM()
RATIONAL_B_SPLINE_CURVE((1.,0.989943702530537,1.))
REPRESENTATION_ITEM('')
);
#17=(
BOUNDED_CURVE()
B_SPLINE_CURVE(2,(#9443,#9444,#9445),.UNSPECIFIED.,.F.,.F.)
B_SPLINE_CURVE_WITH_KNOTS((3,3),(0.,1.),.PIECEWISE_BEZIER_KNOTS.)
CURVE()
GEOMETRIC_REPRESENTATION_ITEM()
RATIONAL_B_SPLINE_CURVE((1.,0.990339259884388,1.))
REPRESENTATION_ITEM('')
);
#18=(
BOUNDED_CURVE()
B_SPLINE_CURVE(2,(#9463,#9464,#9465),.UNSPECIFIED.,.F.,.F.)
B_SPLINE_CURVE_WITH_KNOTS((3,3),(0.,1.),.PIECEWISE_BEZIER_KNOTS.)
CURVE()
GEOMETRIC_REPRESENTATION_ITEM()
RATIONAL_B_SPLINE_CURVE((1.,0.989041459801669,1.))
REPRESENTATION_ITEM('')
);
#19=(
BOUNDED_CURVE()
B_SPLINE_CURVE(3,(#9600,#9601,#9602,#9603,#9604,#9605,#9606,#9607,#9608,
#9609,#9610,#9611,#9612,#9613,#9614,#9615,#9616,#9617),.UNSPECIFIED.,.F.,
 .F.)
B_SPLINE_CURVE_WITH_KNOTS((4,2,2,2,2,2,2,2,4),(1.77029650611441,2.11312054298326,
2.45594457985211,2.62735659828653,2.79876861672095,2.88447462593816,2.97018063515537,
3.05588664437258,3.1415926535898),.UNSPECIFIED.)
CURVE()
GEOMETRIC_REPRESENTATION_ITEM()
RATIONAL_B_SPLINE_CURVE((1.,1.,1.,1.,1.,1.,1.,1.,1.,1.,1.,1.,1.,1.,1.,1.,
1.,1.))
REPRESENTATION_ITEM('')
);
#20=(
BOUNDED_CURVE()
B_SPLINE_CURVE(3,(#9619,#9620,#9621,#9622,#9623,#9624,#9625,#9626,#9627,
#9628,#9629,#9630,#9631,#9632,#9633,#9634,#9635,#9636),.UNSPECIFIED.,.F.,
 .F.)
B_SPLINE_CURVE_WITH_KNOTS((4,2,2,2,2,2,2,2,4),(1.77029650611441,2.11312054298326,
2.45594457985211,2.62735659828653,2.79876861672095,2.88447462593816,2.97018063515537,
3.05588664437258,3.1415926535898),.UNSPECIFIED.)
CURVE()
GEOMETRIC_REPRESENTATION_ITEM()
RATIONAL_B_SPLINE_CURVE((1.,1.,1.,1.,1.,1.,1.,1.,1.,1.,1.,1.,1.,1.,1.,1.,
1.,1.))
REPRESENTATION_ITEM('')
);
#21=(
BOUNDED_CURVE()
B_SPLINE_CURVE(3,(#9639,#9640,#9641,#9642,#9643,#9644,#9645,#9646,#9647,
#9648,#9649,#9650,#9651,#9652,#9653,#9654),.UNSPECIFIED.,.F.,.F.)
B_SPLINE_CURVE_WITH_KNOTS((4,2,2,2,2,2,2,4),(1.76201357208703,2.10690834246272,
2.45180311283841,2.62425049802626,2.7966978832141,2.88292157580803,2.96914526840195,
3.1415926535898),.UNSPECIFIED.)
CURVE()
GEOMETRIC_REPRESENTATION_ITEM()
RATIONAL_B_SPLINE_CURVE((1.,1.,1.,1.,1.,1.,1.,1.,1.,1.,1.,1.,1.,1.,1.,1.))
REPRESENTATION_ITEM('')
);
#22=(
BOUNDED_CURVE()
B_SPLINE_CURVE(3,(#9658,#9659,#9660,#9661,#9662,#9663,#9664,#9665,#9666,
#9667,#9668,#9669,#9670,#9671,#9672,#9673,#9674,#9675),.UNSPECIFIED.,.F.,
 .F.)
B_SPLINE_CURVE_WITH_KNOTS((4,2,2,2,2,2,2,2,4),(1.77517703006948,2.11678093594956,
2.45838484182964,2.62918679476967,2.79998874770971,2.88538972417973,2.97079070064975,
3.05619167711978,3.1415926535898),.UNSPECIFIED.)
CURVE()
GEOMETRIC_REPRESENTATION_ITEM()
RATIONAL_B_SPLINE_CURVE((1.,1.,1.,1.,1.,1.,1.,1.,1.,1.,1.,1.,1.,1.,1.,1.,
1.,1.))
REPRESENTATION_ITEM('')
);
#23=(
BOUNDED_CURVE()
B_SPLINE_CURVE(3,(#9678,#9679,#9680,#9681,#9682,#9683,#9684,#9685,#9686,
#9687,#9688,#9689,#9690,#9691,#9692,#9693),.UNSPECIFIED.,.F.,.F.)
B_SPLINE_CURVE_WITH_KNOTS((4,2,2,2,2,2,2,4),(1.76201357208703,2.10690834246272,
2.45180311283841,2.62425049802626,2.7966978832141,2.88292157580803,2.96914526840195,
3.1415926535898),.UNSPECIFIED.)
CURVE()
GEOMETRIC_REPRESENTATION_ITEM()
RATIONAL_B_SPLINE_CURVE((1.,1.,1.,1.,1.,1.,1.,1.,1.,1.,1.,1.,1.,1.,1.,1.))
REPRESENTATION_ITEM('')
);
#24=(
BOUNDED_CURVE()
B_SPLINE_CURVE(3,(#9695,#9696,#9697,#9698,#9699,#9700,#9701,#9702,#9703,
#9704,#9705,#9706,#9707,#9708,#9709,#9710,#9711,#9712),.UNSPECIFIED.,.F.,
 .F.)
B_SPLINE_CURVE_WITH_KNOTS((4,2,2,2,2,2,2,2,4),(1.77517703006948,2.11678093594956,
2.45838484182964,2.62918679476967,2.79998874770971,2.88538972417973,2.97079070064975,
3.05619167711978,3.1415926535898),.UNSPECIFIED.)
CURVE()
GEOMETRIC_REPRESENTATION_ITEM()
RATIONAL_B_SPLINE_CURVE((1.,1.,1.,1.,1.,1.,1.,1.,1.,1.,1.,1.,1.,1.,1.,1.,
1.,1.))
REPRESENTATION_ITEM('')
);
#25=(
BOUNDED_CURVE()
B_SPLINE_CURVE(3,(#9715,#9716,#9717,#9718,#9719,#9720,#9721,#9722,#9723,
#9724,#9725,#9726,#9727,#9728,#9729,#9730,#9731,#9732),.UNSPECIFIED.,.F.,
 .F.)
B_SPLINE_CURVE_WITH_KNOTS((4,2,2,2,2,2,2,2,4),(1.78773524288908,2.12619959556425,
2.46466394823943,2.63389612457703,2.80312830091462,2.88774438908341,2.9723604772522,
3.056976565421,3.1415926535898),.UNSPECIFIED.)
CURVE()
GEOMETRIC_REPRESENTATION_ITEM()
RATIONAL_B_SPLINE_CURVE((1.,1.,1.,1.,1.,1.,1.,1.,1.,1.,1.,1.,1.,1.,1.,1.,
1.,1.))
REPRESENTATION_ITEM('')
);
#26=(
BOUNDED_CURVE()
B_SPLINE_CURVE(3,(#9736,#9737,#9738,#9739,#9740,#9741,#9742,#9743,#9744,
#9745,#9746,#9747,#9748,#9749,#9750,#9751),.UNSPECIFIED.,.F.,.F.)
B_SPLINE_CURVE_WITH_KNOTS((4,2,2,2,2,2,2,4),(1.74746471364688,2.09599669863261,
2.44452868361833,2.6187946761112,2.79306066860407,2.8801936648505,2.96732666109693,
3.1415926535898),.UNSPECIFIED.)
CURVE()
GEOMETRIC_REPRESENTATION_ITEM()
RATIONAL_B_SPLINE_CURVE((1.,1.,1.,1.,1.,1.,1.,1.,1.,1.,1.,1.,1.,1.,1.,1.))
REPRESENTATION_ITEM('')
);
#27=(
BOUNDED_CURVE()
B_SPLINE_CURVE(3,(#9754,#9755,#9756,#9757,#9758,#9759,#9760,#9761,#9762,
#9763,#9764,#9765,#9766,#9767,#9768,#9769,#9770,#9771),.UNSPECIFIED.,.F.,
 .F.)
B_SPLINE_CURVE_WITH_KNOTS((4,2,2,2,2,2,2,2,4),(1.78773524288908,2.12619959556425,
2.46466394823943,2.63389612457703,2.80312830091462,2.88774438908341,2.9723604772522,
3.056976565421,3.1415926535898),.UNSPECIFIED.)
CURVE()
GEOMETRIC_REPRESENTATION_ITEM()
RATIONAL_B_SPLINE_CURVE((1.,1.,1.,1.,1.,1.,1.,1.,1.,1.,1.,1.,1.,1.,1.,1.,
1.,1.))
REPRESENTATION_ITEM('')
);
#28=(
BOUNDED_CURVE()
B_SPLINE_CURVE(3,(#9773,#9774,#9775,#9776,#9777,#9778,#9779,#9780,#9781,
#9782,#9783,#9784,#9785,#9786,#9787,#9788),.UNSPECIFIED.,.F.,.F.)
B_SPLINE_CURVE_WITH_KNOTS((4,2,2,2,2,2,2,4),(1.74746471364688,2.09599669863261,
2.44452868361833,2.6187946761112,2.79306066860407,2.8801936648505,2.96732666109693,
3.1415926535898),.UNSPECIFIED.)
CURVE()
GEOMETRIC_REPRESENTATION_ITEM()
RATIONAL_B_SPLINE_CURVE((1.,1.,1.,1.,1.,1.,1.,1.,1.,1.,1.,1.,1.,1.,1.,1.))
REPRESENTATION_ITEM('')
);
#29=(
BOUNDED_CURVE()
B_SPLINE_CURVE(2,(#9859,#9860,#9861),.UNSPECIFIED.,.F.,.F.)
B_SPLINE_CURVE_WITH_KNOTS((3,3),(0.,1.),.PIECEWISE_BEZIER_KNOTS.)
CURVE()
GEOMETRIC_REPRESENTATION_ITEM()
RATIONAL_B_SPLINE_CURVE((1.,0.8217262090821,1.))
REPRESENTATION_ITEM('')
);
#30=(
BOUNDED_CURVE()
B_SPLINE_CURVE(2,(#9911,#9912,#9913),.UNSPECIFIED.,.F.,.F.)
B_SPLINE_CURVE_WITH_KNOTS((3,3),(0.,1.),.PIECEWISE_BEZIER_KNOTS.)
CURVE()
GEOMETRIC_REPRESENTATION_ITEM()
RATIONAL_B_SPLINE_CURVE((1.,0.805099477417404,1.))
REPRESENTATION_ITEM('')
);
#31=(
BOUNDED_CURVE()
B_SPLINE_CURVE(2,(#9969,#9970,#9971),.UNSPECIFIED.,.F.,.F.)
B_SPLINE_CURVE_WITH_KNOTS((3,3),(0.,1.),.PIECEWISE_BEZIER_KNOTS.)
CURVE()
GEOMETRIC_REPRESENTATION_ITEM()
RATIONAL_B_SPLINE_CURVE((1.,0.811127125044038,1.))
REPRESENTATION_ITEM('')
);
#32=(
BOUNDED_CURVE()
B_SPLINE_CURVE(2,(#10021,#10022,#10023),.UNSPECIFIED.,.F.,.F.)
B_SPLINE_CURVE_WITH_KNOTS((3,3),(0.,1.),.PIECEWISE_BEZIER_KNOTS.)
CURVE()
GEOMETRIC_REPRESENTATION_ITEM()
RATIONAL_B_SPLINE_CURVE((1.,0.792216225948722,1.))
REPRESENTATION_ITEM('')
);
#33=(
BOUNDED_CURVE()
B_SPLINE_CURVE(2,(#10079,#10080,#10081),.UNSPECIFIED.,.F.,.F.)
B_SPLINE_CURVE_WITH_KNOTS((3,3),(0.,1.),.PIECEWISE_BEZIER_KNOTS.)
CURVE()
GEOMETRIC_REPRESENTATION_ITEM()
RATIONAL_B_SPLINE_CURVE((1.,0.814347143189217,1.))
REPRESENTATION_ITEM('')
);
#34=DRAUGHTING_PRE_DEFINED_COLOUR('blue');
#35=DRAUGHTING_PRE_DEFINED_COLOUR('white');
#36=(
BOUNDED_SURFACE()
B_SPLINE_SURFACE(3,2,((#8889,#8890,#8891),(#8892,#8893,#8894),(#8895,#8896,
#8897),(#8898,#8899,#8900),(#8901,#8902,#8903),(#8904,#8905,#8906),(#8907,
#8908,#8909),(#8910,#8911,#8912),(#8913,#8914,#8915),(#8916,#8917,#8918),
(#8919,#8920,#8921),(#8922,#8923,#8924)),.UNSPECIFIED.,.F.,.F.,.F.)
B_SPLINE_SURFACE_WITH_KNOTS((4,1,1,1,1,1,1,1,1,4),(3,3),(3.14159265358979,
3.23976742401447,3.33794219443916,3.43611696486384,3.53429173528852,3.73064127613788,
3.92699081698724,4.1233403578366,4.31968989868597,4.71238898038469),(0.,
1.),.UNSPECIFIED.)
GEOMETRIC_REPRESENTATION_ITEM()
RATIONAL_B_SPLINE_SURFACE(((1.,0.30901699437489,1.),(1.,0.309016995151502,
1.),(1.,0.318667995863467,1.),(1.,0.357765523362493,1.),(1.,0.412912524483746,
1.),(1.,0.498174928224317,1.),(1.,0.613537668236437,1.),(1.,0.74339171009184,
1.),(1.,0.853486336162838,1.),(1.,0.964458962102929,1.),(1.,0.999999999998872,
1.),(1.,1.,1.)))
REPRESENTATION_ITEM('')
SURFACE()
);
#37=(
BOUNDED_SURFACE()
B_SPLINE_SURFACE(3,2,((#8927,#8928,#8929),(#8930,#8931,#8932),(#8933,#8934,
#8935),(#8936,#8937,#8938),(#8939,#8940,#8941),(#8942,#8943,#8944),(#8945,
#8946,#8947),(#8948,#8949,#8950),(#8951,#8952,#8953),(#8954,#8955,#8956),
(#8957,#8958,#8959),(#8960,#8961,#8962)),.UNSPECIFIED.,.F.,.F.,.F.)
B_SPLINE_SURFACE_WITH_KNOTS((4,1,1,1,1,1,1,1,1,4),(3,3),(6.28318530717959,
6.38136007760427,6.47953484802895,6.57770961845363,6.67588438887831,6.87223392972767,
7.06858347057703,7.2649330114264,7.46128255227576,7.85398163397448),(0.,
1.),.UNSPECIFIED.)
GEOMETRIC_REPRESENTATION_ITEM()
RATIONAL_B_SPLINE_SURFACE(((1.,0.309016994374897,1.),(1.,0.309016995152141,
1.),(1.,0.318667995863171,1.),(1.,0.357765523362571,1.),(1.,0.412912524483729,
1.),(1.,0.498174928224316,1.),(1.,0.613537668236435,1.),(1.,0.743391710091831,
1.),(1.,0.853486336162833,1.),(1.,0.964458962102926,1.),(1.,0.999999999998872,
1.),(1.,1.,1.)))
REPRESENTATION_ITEM('')
SURFACE()
);
#38=(
BOUNDED_SURFACE()
B_SPLINE_SURFACE(3,2,((#8965,#8966,#8967),(#8968,#8969,#8970),(#8971,#8972,
#8973),(#8974,#8975,#8976),(#8977,#8978,#8979),(#8980,#8981,#8982),(#8983,
#8984,#8985),(#8986,#8987,#8988),(#8989,#8990,#8991),(#8992,#8993,#8994),
(#8995,#8996,#8997),(#8998,#8999,#9000)),.UNSPECIFIED.,.F.,.F.,.F.)
B_SPLINE_SURFACE_WITH_KNOTS((4,1,1,1,1,1,1,1,1,4),(3,3),(6.28318530717959,
6.38136007760427,6.47953484802895,6.57770961845363,6.67588438887831,6.87223392972767,
7.06858347057703,7.2649330114264,7.46128255227576,7.85398163397448),(0.,
1.),.UNSPECIFIED.)
GEOMETRIC_REPRESENTATION_ITEM()
RATIONAL_B_SPLINE_SURFACE(((1.,0.309016994374888,1.),(1.,0.309016995150954,
1.),(1.,0.318667995863722,1.),(1.,0.357765523362403,1.),(1.,0.412912524483758,
1.),(1.,0.498174928224275,1.),(1.,0.613537668236425,1.),(1.,0.74339171009181,
1.),(1.,0.853486336162821,1.),(1.,0.964458962102913,1.),(1.,0.999999999998872,
1.),(1.,1.,1.)))
REPRESENTATION_ITEM('')
SURFACE()
);
#39=(
BOUNDED_SURFACE()
B_SPLINE_SURFACE(3,2,((#9003,#9004,#9005),(#9006,#9007,#9008),(#9009,#9010,
#9011),(#9012,#9013,#9014),(#9015,#9016,#9017),(#9018,#9019,#9020),(#9021,
#9022,#9023),(#9024,#9025,#9026),(#9027,#9028,#9029),(#9030,#9031,#9032),
(#9033,#9034,#9035),(#9036,#9037,#9038)),.UNSPECIFIED.,.F.,.F.,.F.)
B_SPLINE_SURFACE_WITH_KNOTS((4,1,1,1,1,1,1,1,1,4),(3,3),(3.14159265358979,
3.23976742401447,3.33794219443916,3.43611696486384,3.53429173528852,3.73064127613788,
3.92699081698724,4.1233403578366,4.31968989868597,4.71238898038469),(0.,
1.),.UNSPECIFIED.)
GEOMETRIC_REPRESENTATION_ITEM()
RATIONAL_B_SPLINE_SURFACE(((1.,0.309016994374883,1.),(1.,0.309016995151633,
1.),(1.,0.318667995863391,1.),(1.,0.357765523362491,1.),(1.,0.412912524483747,
1.),(1.,0.498174928224299,1.),(1.,0.613537668236431,1.),(1.,0.743391710091833,
1.),(1.,0.853486336162828,1.),(1.,0.964458962102926,1.),(1.,0.999999999998872,
1.),(1.,1.,1.)))
REPRESENTATION_ITEM('')
SURFACE()
);
#40=(
BOUNDED_SURFACE()
B_SPLINE_SURFACE(3,2,((#9041,#9042,#9043),(#9044,#9045,#9046),(#9047,#9048,
#9049),(#9050,#9051,#9052),(#9053,#9054,#9055),(#9056,#9057,#9058),(#9059,
#9060,#9061),(#9062,#9063,#9064),(#9065,#9066,#9067),(#9068,#9069,#9070),
(#9071,#9072,#9073),(#9074,#9075,#9076)),.UNSPECIFIED.,.F.,.F.,.F.)
B_SPLINE_SURFACE_WITH_KNOTS((4,1,1,1,1,1,1,1,1,4),(3,3),(3.14159265358979,
3.23976742401447,3.33794219443916,3.43611696486384,3.53429173528852,3.73064127613788,
3.92699081698724,4.1233403578366,4.31968989868597,4.71238898038469),(0.,
1.),.UNSPECIFIED.)
GEOMETRIC_REPRESENTATION_ITEM()
RATIONAL_B_SPLINE_SURFACE(((1.,0.309016994374898,1.),(1.,0.309016995151535,
1.),(1.,0.318667995863455,1.),(1.,0.357765523362498,1.),(1.,0.412912524483754,
1.),(1.,0.498174928224301,1.),(1.,0.613537668236432,1.),(1.,0.743391710091832,
1.),(1.,0.85348633616283,1.),(1.,0.964458962102923,1.),(1.,0.999999999998872,
1.),(1.,1.,1.)))
REPRESENTATION_ITEM('')
SURFACE()
);
#41=(
BOUNDED_SURFACE()
B_SPLINE_SURFACE(3,2,((#9371,#9372,#9373),(#9374,#9375,#9376),(#9377,#9378,
#9379),(#9380,#9381,#9382)),.UNSPECIFIED.,.F.,.F.,.F.)
B_SPLINE_SURFACE_WITH_KNOTS((4,4),(3,3),(0.,0.207973251942239),(0.,1.),
 .PIECEWISE_BEZIER_KNOTS.)
GEOMETRIC_REPRESENTATION_ITEM()
RATIONAL_B_SPLINE_SURFACE(((1.,1.,1.),(1.,1.00000000049476,1.),(1.,0.996656407451255,
1.),(1.,0.989699778634411,1.)))
REPRESENTATION_ITEM('')
SURFACE()
);
#42=(
BOUNDED_SURFACE()
B_SPLINE_SURFACE(3,2,((#9391,#9392,#9393),(#9394,#9395,#9396),(#9397,#9398,
#9399),(#9400,#9401,#9402)),.UNSPECIFIED.,.F.,.F.,.F.)
B_SPLINE_SURFACE_WITH_KNOTS((4,4),(3,3),(0.,0.189324817480964),(0.,1.),
 .PIECEWISE_BEZIER_KNOTS.)
GEOMETRIC_REPRESENTATION_ITEM()
RATIONAL_B_SPLINE_SURFACE(((1.,1.,1.),(1.,1.0000000004514,1.),(1.,0.997070918569362,
1.),(1.,0.990960195679233,1.)))
REPRESENTATION_ITEM('')
SURFACE()
);
#43=(
BOUNDED_SURFACE()
B_SPLINE_SURFACE(3,2,((#9411,#9412,#9413),(#9414,#9415,#9416),(#9417,#9418,
#9419),(#9420,#9421,#9422)),.UNSPECIFIED.,.F.,.F.,.F.)
B_SPLINE_SURFACE_WITH_KNOTS((4,4),(3,3),(0.,0.204655286615276),(0.,1.),
 .PIECEWISE_BEZIER_KNOTS.)
GEOMETRIC_REPRESENTATION_ITEM()
RATIONAL_B_SPLINE_SURFACE(((1.,1.,1.),(1.,1.00000000048694,1.),(1.,0.996736958830194,
1.),(1.,0.989943702530536,1.)))
REPRESENTATION_ITEM('')
SURFACE()
);
#44=(
BOUNDED_SURFACE()
B_SPLINE_SURFACE(3,2,((#9431,#9432,#9433),(#9434,#9435,#9436),(#9437,#9438,
#9439),(#9440,#9441,#9442)),.UNSPECIFIED.,.F.,.F.,.F.)
B_SPLINE_SURFACE_WITH_KNOTS((4,4),(3,3),(0.800960519636194,1.),(0.,1.),
 .PIECEWISE_BEZIER_KNOTS.)
GEOMETRIC_REPRESENTATION_ITEM()
RATIONAL_B_SPLINE_SURFACE(((1.,0.990339259884388,1.),(1.,0.996867236478535,
1.),(1.,1.00000000047391,1.),(1.,1.,1.)))
REPRESENTATION_ITEM('')
SURFACE()
);
#45=(
BOUNDED_SURFACE()
B_SPLINE_SURFACE(3,2,((#9451,#9452,#9453),(#9454,#9455,#9456),(#9457,#9458,
#9459),(#9460,#9461,#9462)),.UNSPECIFIED.,.F.,.F.,.F.)
B_SPLINE_SURFACE_WITH_KNOTS((4,4),(3,3),(0.783494605838733,1.),(0.,1.),
 .PIECEWISE_BEZIER_KNOTS.)
GEOMETRIC_REPRESENTATION_ITEM()
RATIONAL_B_SPLINE_SURFACE(((1.,0.989041459801668,1.),(1.,0.996438154996632,
1.),(1.,1.00000000051482,1.),(1.,1.,1.)))
REPRESENTATION_ITEM('')
SURFACE()
);
#46=(
BOUNDED_SURFACE()
B_SPLINE_SURFACE(2,3,((#9805,#9806,#9807,#9808,#9809,#9810,#9811,#9812,
#9813,#9814,#9815,#9816,#9817,#9818,#9819,#9820,#9821,#9822),(#9823,#9824,
#9825,#9826,#9827,#9828,#9829,#9830,#9831,#9832,#9833,#9834,#9835,#9836,
#9837,#9838,#9839,#9840),(#9841,#9842,#9843,#9844,#9845,#9846,#9847,#9848,
#9849,#9850,#9851,#9852,#9853,#9854,#9855,#9856,#9857,#9858)),
 .UNSPECIFIED.,.F.,.F.,.F.)
B_SPLINE_SURFACE_WITH_KNOTS((3,3),(4,2,2,2,2,2,2,2,4),(0.,1.),(1.78773524288908,
2.12619959556425,2.46466394823943,2.63389612457703,2.80312830091462,2.88774438908341,
2.9723604772522,3.056976565421,3.1415926535898),.UNSPECIFIED.)
GEOMETRIC_REPRESENTATION_ITEM()
RATIONAL_B_SPLINE_SURFACE(((1.,1.,1.,1.,1.,1.,1.,1.,1.,1.,1.,1.,1.,1.,1.,
1.,1.,1.),(0.989041459801669,0.986700863266601,0.983834276607796,0.973883492844623,
0.96701288629999,0.947575868279327,0.939478764519789,0.91861869132573,0.905688711641429,
0.883466339180753,0.875625515230736,0.860017400040893,0.852253216035977,
0.838443485571224,0.832427365444853,0.824045672097661,0.821700481495746,
0.8217262090821),(1.,1.,1.,1.,1.,1.,1.,1.,1.,1.,1.,1.,1.,1.,1.,1.,1.,1.)))
REPRESENTATION_ITEM('')
SURFACE()
);
#47=(
BOUNDED_SURFACE()
B_SPLINE_SURFACE(2,3,((#9863,#9864,#9865,#9866,#9867,#9868,#9869,#9870,
#9871,#9872,#9873,#9874,#9875,#9876,#9877,#9878),(#9879,#9880,#9881,#9882,
#9883,#9884,#9885,#9886,#9887,#9888,#9889,#9890,#9891,#9892,#9893,#9894),
(#9895,#9896,#9897,#9898,#9899,#9900,#9901,#9902,#9903,#9904,#9905,#9906,
#9907,#9908,#9909,#9910)),.UNSPECIFIED.,.F.,.F.,.F.)
B_SPLINE_SURFACE_WITH_KNOTS((3,3),(4,2,2,2,2,2,2,4),(0.,1.),(1.76201357208703,
2.10690834246272,2.45180311283841,2.62425049802626,2.7966978832141,2.88292157580803,
2.96914526840195,3.1415926535898),.UNSPECIFIED.)
GEOMETRIC_REPRESENTATION_ITEM()
RATIONAL_B_SPLINE_SURFACE(((1.,1.,1.,1.,1.,1.,1.,1.,1.,1.,1.,1.,1.,1.,1.,
1.),(0.990339259884388,0.988177217019486,0.985548340451578,0.976096850473384,
0.969575477500904,0.949842830083507,0.94149270171769,0.919178964060494,
0.905008828055427,0.879644051626204,0.870543884956637,0.852111794275869,
0.842779988113571,0.817537994640761,0.804770537455491,0.805099477417404),
(1.,1.,1.,1.,1.,1.,1.,1.,1.,1.,1.,1.,1.,1.,1.,1.)))
REPRESENTATION_ITEM('')
SURFACE()
);
#48=(
BOUNDED_SURFACE()
B_SPLINE_SURFACE(2,3,((#9915,#9916,#9917,#9918,#9919,#9920,#9921,#9922,
#9923,#9924,#9925,#9926,#9927,#9928,#9929,#9930,#9931,#9932),(#9933,#9934,
#9935,#9936,#9937,#9938,#9939,#9940,#9941,#9942,#9943,#9944,#9945,#9946,
#9947,#9948,#9949,#9950),(#9951,#9952,#9953,#9954,#9955,#9956,#9957,#9958,
#9959,#9960,#9961,#9962,#9963,#9964,#9965,#9966,#9967,#9968)),
 .UNSPECIFIED.,.F.,.F.,.F.)
B_SPLINE_SURFACE_WITH_KNOTS((3,3),(4,2,2,2,2,2,2,2,4),(0.,1.),(1.77029650611441,
2.11312054298326,2.45594457985211,2.62735659828653,2.79876861672095,2.88447462593816,
2.97018063515537,3.05588664437258,3.1415926535898),.UNSPECIFIED.)
GEOMETRIC_REPRESENTATION_ITEM()
RATIONAL_B_SPLINE_SURFACE(((1.,1.,1.,1.,1.,1.,1.,1.,1.,1.,1.,1.,1.,1.,1.,
1.,1.,1.),(0.989943702530537,0.987722897431278,0.985015686721168,0.975395558792231,
0.968753289504159,0.949109934589709,0.940840412924013,0.919018970568205,
0.905274039698793,0.881018585166645,0.872366498587826,0.854948613328315,
0.846184217321403,0.830456265038984,0.823528023932167,0.813832981858824,
0.811094998136513,0.811127125044038),(1.,1.,1.,1.,1.,1.,1.,1.,1.,1.,1.,
1.,1.,1.,1.,1.,1.,1.)))
REPRESENTATION_ITEM('')
SURFACE()
);
#49=(
BOUNDED_SURFACE()
B_SPLINE_SURFACE(2,3,((#9973,#9974,#9975,#9976,#9977,#9978,#9979,#9980,
#9981,#9982,#9983,#9984,#9985,#9986,#9987,#9988),(#9989,#9990,#9991,#9992,
#9993,#9994,#9995,#9996,#9997,#9998,#9999,#10000,#10001,#10002,#10003,#10004),
(#10005,#10006,#10007,#10008,#10009,#10010,#10011,#10012,#10013,#10014,
#10015,#10016,#10017,#10018,#10019,#10020)),.UNSPECIFIED.,.F.,.F.,.F.)
B_SPLINE_SURFACE_WITH_KNOTS((3,3),(4,2,2,2,2,2,2,4),(0.,1.),(1.74746471364688,
2.09599669863261,2.44452868361833,2.6187946761112,2.79306066860407,2.8801936648505,
2.96732666109693,3.1415926535898),.UNSPECIFIED.)
GEOMETRIC_REPRESENTATION_ITEM()
RATIONAL_B_SPLINE_SURFACE(((1.,1.,1.,1.,1.,1.,1.,1.,1.,1.,1.,1.,1.,1.,1.,
1.),(0.990960195679234,0.988903925653141,0.986416225229076,0.977278100147804,
0.970989431209982,0.951109365126545,0.942617737170093,0.919359700231493,
0.904361448903083,0.876731897609158,0.866705536392011,0.846143996369625,
0.835605395795944,0.806811736220846,0.79182618908873,0.792216225948722),
(1.,1.,1.,1.,1.,1.,1.,1.,1.,1.,1.,1.,1.,1.,1.,1.)))
REPRESENTATION_ITEM('')
SURFACE()
);
#50=(
BOUNDED_SURFACE()
B_SPLINE_SURFACE(2,3,((#10025,#10026,#10027,#10028,#10029,#10030,#10031,
#10032,#10033,#10034,#10035,#10036,#10037,#10038,#10039,#10040,#10041,#10042),
(#10043,#10044,#10045,#10046,#10047,#10048,#10049,#10050,#10051,#10052,
#10053,#10054,#10055,#10056,#10057,#10058,#10059,#10060),(#10061,#10062,
#10063,#10064,#10065,#10066,#10067,#10068,#10069,#10070,#10071,#10072,#10073,
#10074,#10075,#10076,#10077,#10078)),.UNSPECIFIED.,.F.,.F.,.F.)
B_SPLINE_SURFACE_WITH_KNOTS((3,3),(4,2,2,2,2,2,2,2,4),(0.,1.),(1.77517703006948,
2.11678093594956,2.45838484182964,2.62918679476967,2.79998874770971,2.88538972417973,
2.97079070064975,3.05619167711978,3.1415926535898),.UNSPECIFIED.)
GEOMETRIC_REPRESENTATION_ITEM()
RATIONAL_B_SPLINE_SURFACE(((1.,1.,1.,1.,1.,1.,1.,1.,1.,1.,1.,1.,1.,1.,1.,
1.,1.,1.),(0.989699778634411,0.987444899720248,0.9846923092029,0.974976304383329,
0.968266626455121,0.948678421783993,0.940456737546624,0.918913619180203,
0.905406790758838,0.881757607068727,0.873348803525272,0.856477214741724,
0.848016423821998,0.832873564671154,0.826225020767658,0.816933712920866,
0.814317030674193,0.814347143189217),(1.,1.,1.,1.,1.,1.,1.,1.,1.,1.,1.,
1.,1.,1.,1.,1.,1.,1.)))
REPRESENTATION_ITEM('')
SURFACE()
);
#51=B_SPLINE_CURVE_WITH_KNOTS('',3,(#8438,#8439,#8440,#8441,#8442,#8443,
#8444,#8445,#8446,#8447),.UNSPECIFIED.,.F.,.F.,(4,1,1,1,1,1,1,4),(0.,0.000144167369854752,
0.000288334739709504,0.000576669479419009,0.000865004219128513,0.00115333895883802,
0.00173000843825703,0.00230667791767604),.UNSPECIFIED.);
#52=B_SPLINE_CURVE_WITH_KNOTS('',3,(#8448,#8449,#8450,#8451,#8452,#8453,
#8454,#8455,#8456,#8457),.UNSPECIFIED.,.F.,.F.,(4,1,1,1,1,1,1,4),(0.,0.000144167369877564,
0.000288334739755129,0.000576669479510258,0.000865004219265387,0.00115333895902052,
0.00173000843853077,0.00230667791804103),.UNSPECIFIED.);
#53=B_SPLINE_CURVE_WITH_KNOTS('',3,(#9106,#9107,#9108,#9109,#9110,#9111,
#9112,#9113,#9114,#9115),.UNSPECIFIED.,.F.,.F.,(4,1,1,1,1,1,1,4),(0.,0.000144167369854752,
0.000288334739709504,0.000576669479419009,0.000865004219128513,0.00115333895883802,
0.00173000843825703,0.00230667791767604),.UNSPECIFIED.);
#54=B_SPLINE_CURVE_WITH_KNOTS('',3,(#9116,#9117,#9118,#9119,#9120,#9121,
#9122,#9123,#9124,#9125),.UNSPECIFIED.,.F.,.F.,(4,1,1,1,1,1,1,4),(0.,0.000144167369877564,
0.000288334739755129,0.000576669479510258,0.000865004219265387,0.00115333895902052,
0.00173000843853077,0.00230667791804103),.UNSPECIFIED.);
#55=TOROIDAL_SURFACE('',#6279,0.0235986577676714,0.0004);
#56=TOROIDAL_SURFACE('',#6280,0.0214099997797815,0.0004);
#57=TOROIDAL_SURFACE('',#6281,0.0346,0.0004);
#58=TOROIDAL_SURFACE('',#6419,0.0235986577676714,0.0004);
#59=TOROIDAL_SURFACE('',#6420,0.0214099997797815,0.0004);
#60=TOROIDAL_SURFACE('',#6421,0.0346,0.0004);
#61=TOROIDAL_SURFACE('',#6546,0.0026,0.0004);
#62=TOROIDAL_SURFACE('',#6549,0.0026,0.0004);
#63=TOROIDAL_SURFACE('',#6552,0.0026,0.0004);
#64=TOROIDAL_SURFACE('',#6555,0.0026,0.0004);
#65=TOROIDAL_SURFACE('',#6558,0.0026,0.0004);
#66=CIRCLE('',#6266,0.0231986577676714);
#67=CIRCLE('',#6267,0.0231986577676714);
#68=CIRCLE('',#6269,0.0218099997797815);
#69=CIRCLE('',#6270,0.0218099997797815);
#70=CIRCLE('',#6272,0.035);
#71=CIRCLE('',#6273,0.035);
#72=CIRCLE('',#6275,0.0235986577676714);
#73=CIRCLE('',#6276,0.0214099997797815);
#74=CIRCLE('',#6277,0.0346);
#75=CIRCLE('',#6342,0.001);
#76=CIRCLE('',#6343,0.001);
#77=CIRCLE('',#6344,0.001);
#78=CIRCLE('',#6345,0.001);
#79=CIRCLE('',#6346,0.001);
#80=CIRCLE('',#6394,0.001);
#81=CIRCLE('',#6396,0.001);
#82=CIRCLE('',#6398,0.001);
#83=CIRCLE('',#6400,0.001);
#84=CIRCLE('',#6402,0.001);
#85=CIRCLE('',#6406,0.0231986577676714);
#86=CIRCLE('',#6407,0.0231986577676714);
#87=CIRCLE('',#6409,0.0218099997797815);
#88=CIRCLE('',#6410,0.0218099997797815);
#89=CIRCLE('',#6412,0.035);
#90=CIRCLE('',#6413,0.035);
#91=CIRCLE('',#6415,0.0235986577676714);
#92=CIRCLE('',#6416,0.0214099997797815);
#93=CIRCLE('',#6417,0.0346);
#94=CIRCLE('',#6450,0.00125);
#95=CIRCLE('',#6453,0.00125);
#96=CIRCLE('',#6498,0.0026);
#97=CIRCLE('',#6499,0.0026);
#98=CIRCLE('',#6500,0.0026);
#99=CIRCLE('',#6501,0.0026);
#100=CIRCLE('',#6502,0.0026);
#101=CIRCLE('',#6514,0.003);
#102=CIRCLE('',#6515,0.003);
#103=CIRCLE('',#6516,0.003);
#104=CIRCLE('',#6517,0.003);
#105=CIRCLE('',#6518,0.003);
#106=CIRCLE('',#6519,0.003);
#107=CIRCLE('',#6520,0.003);
#108=CIRCLE('',#6521,0.003);
#109=CIRCLE('',#6522,0.003);
#110=CIRCLE('',#6523,0.003);
#111=CIRCLE('',#6525,0.0004);
#112=CIRCLE('',#6527,0.0004);
#113=CIRCLE('',#6529,0.0004);
#114=CIRCLE('',#6531,0.0004);
#115=CIRCLE('',#6533,0.0004);
#116=CIRCLE('',#6535,0.0004);
#117=CIRCLE('',#6537,0.0004);
#118=CIRCLE('',#6539,0.0004);
#119=CIRCLE('',#6541,0.0004);
#120=CIRCLE('',#6543,0.0004);
#121=CIRCLE('',#6545,0.003);
#122=CIRCLE('',#6548,0.003);
#123=CIRCLE('',#6551,0.003);
#124=CIRCLE('',#6554,0.003);
#125=CIRCLE('',#6557,0.003);
#126=CIRCLE('',#6566,0.026);
#127=CIRCLE('',#6567,0.026);
#128=CIRCLE('',#6569,0.026);
#129=CIRCLE('',#6570,0.03);
#130=CIRCLE('',#6571,0.026);
#131=CIRCLE('',#6577,0.03);
#132=CIRCLE('',#6666,0.0214354800782009);
#133=CIRCLE('',#6667,0.00669273325435443);
#134=CIRCLE('',#6669,0.018408915624279);
#135=CIRCLE('',#6671,0.00496788937533603);
#136=ELLIPSE('',#6257,0.00282842712474619,0.002);
#137=ELLIPSE('',#6258,0.00282842712474619,0.002);
#138=ELLIPSE('',#6260,0.00282842712474619,0.002);
#139=ELLIPSE('',#6262,0.00282842712474619,0.002);
#140=ELLIPSE('',#6301,0.00282842712474619,0.002);
#141=ELLIPSE('',#6302,0.00282842712474619,0.002);
#142=ELLIPSE('',#6304,0.00282842712474619,0.002);
#143=ELLIPSE('',#6306,0.00282842712474619,0.002);
#144=ELLIPSE('',#6370,0.00367044083932702,0.002);
#145=ELLIPSE('',#6371,0.00247213595499958,0.002);
#146=ELLIPSE('',#6373,0.00367044083932702,0.002);
#147=ELLIPSE('',#6375,0.00367044083932701,0.002);
#148=ELLIPSE('',#6376,0.00247213595499958,0.002);
#149=ELLIPSE('',#6378,0.00367044083932701,0.002);
#150=ELLIPSE('',#6379,0.00247213595499958,0.002);
#151=ELLIPSE('',#6381,0.00367044083932701,0.002);
#152=ELLIPSE('',#6383,0.00367044083932701,0.002);
#153=ELLIPSE('',#6385,0.00367044083932701,0.002);
#154=ELLIPSE('',#6386,0.00247213595499958,0.002);
#155=ELLIPSE('',#6388,0.00367044083932701,0.002);
#156=ELLIPSE('',#6389,0.00247213595499958,0.002);
#157=ELLIPSE('',#6391,0.00367044083932701,0.002);
#158=ELLIPSE('',#6393,0.00367044083932701,0.002);
#159=ELLIPSE('',#6487,0.00245594326484167,0.0004);
#160=ELLIPSE('',#6488,0.00245594326484167,0.0004);
#161=ELLIPSE('',#6489,0.00264937411560265,0.0004);
#162=ELLIPSE('',#6490,0.00264937411560266,0.0004);
#163=ELLIPSE('',#6491,0.00248401543127063,0.0004);
#164=ELLIPSE('',#6492,0.00248401543127062,0.0004);
#165=ELLIPSE('',#6493,0.00253661386899139,0.0004);
#166=ELLIPSE('',#6494,0.00253661386899139,0.0004);
#167=ELLIPSE('',#6495,0.00239165046392991,0.0004);
#168=ELLIPSE('',#6496,0.00239165046392991,0.0004);
#169=ELLIPSE('',#6650,0.00212132034355965,0.0015);
#170=ELLIPSE('',#6651,0.00212132034355965,0.0015);
#171=ELLIPSE('',#6653,0.00212132034355965,0.0015);
#172=ELLIPSE('',#6655,0.00212132034355965,0.0015);
#173=CYLINDRICAL_SURFACE('',#6256,0.002);
#174=CYLINDRICAL_SURFACE('',#6259,0.002);
#175=CYLINDRICAL_SURFACE('',#6261,0.002);
#176=CYLINDRICAL_SURFACE('',#6263,0.002);
#177=CYLINDRICAL_SURFACE('',#6265,0.0231986577676714);
#178=CYLINDRICAL_SURFACE('',#6268,0.0218099997797815);
#179=CYLINDRICAL_SURFACE('',#6271,0.035);
#180=CYLINDRICAL_SURFACE('',#6300,0.002);
#181=CYLINDRICAL_SURFACE('',#6303,0.002);
#182=CYLINDRICAL_SURFACE('',#6305,0.002);
#183=CYLINDRICAL_SURFACE('',#6307,0.002);
#184=CYLINDRICAL_SURFACE('',#6369,0.002);
#185=CYLINDRICAL_SURFACE('',#6372,0.002);
#186=CYLINDRICAL_SURFACE('',#6374,0.002);
#187=CYLINDRICAL_SURFACE('',#6377,0.002);
#188=CYLINDRICAL_SURFACE('',#6380,0.002);
#189=CYLINDRICAL_SURFACE('',#6382,0.002);
#190=CYLINDRICAL_SURFACE('',#6384,0.002);
#191=CYLINDRICAL_SURFACE('',#6387,0.002);
#192=CYLINDRICAL_SURFACE('',#6390,0.002);
#193=CYLINDRICAL_SURFACE('',#6392,0.002);
#194=CYLINDRICAL_SURFACE('',#6395,0.001);
#195=CYLINDRICAL_SURFACE('',#6397,0.001);
#196=CYLINDRICAL_SURFACE('',#6399,0.001);
#197=CYLINDRICAL_SURFACE('',#6401,0.001);
#198=CYLINDRICAL_SURFACE('',#6403,0.001);
#199=CYLINDRICAL_SURFACE('',#6405,0.0231986577676714);
#200=CYLINDRICAL_SURFACE('',#6408,0.0218099997797815);
#201=CYLINDRICAL_SURFACE('',#6411,0.035);
#202=CYLINDRICAL_SURFACE('',#6452,0.00125);
#203=CYLINDRICAL_SURFACE('',#6524,0.0004);
#204=CYLINDRICAL_SURFACE('',#6526,0.0004);
#205=CYLINDRICAL_SURFACE('',#6528,0.0004);
#206=CYLINDRICAL_SURFACE('',#6530,0.0004);
#207=CYLINDRICAL_SURFACE('',#6532,0.0004);
#208=CYLINDRICAL_SURFACE('',#6534,0.0004);
#209=CYLINDRICAL_SURFACE('',#6536,0.0004);
#210=CYLINDRICAL_SURFACE('',#6538,0.0004);
#211=CYLINDRICAL_SURFACE('',#6540,0.0004);
#212=CYLINDRICAL_SURFACE('',#6542,0.0004);
#213=CYLINDRICAL_SURFACE('',#6544,0.003);
#214=CYLINDRICAL_SURFACE('',#6547,0.003);
#215=CYLINDRICAL_SURFACE('',#6550,0.003);
#216=CYLINDRICAL_SURFACE('',#6553,0.003);
#217=CYLINDRICAL_SURFACE('',#6556,0.003);
#218=CYLINDRICAL_SURFACE('',#6559,0.003);
#219=CYLINDRICAL_SURFACE('',#6560,0.003);
#220=CYLINDRICAL_SURFACE('',#6561,0.003);
#221=CYLINDRICAL_SURFACE('',#6562,0.003);
#222=CYLINDRICAL_SURFACE('',#6563,0.003);
#223=CYLINDRICAL_SURFACE('',#6578,0.03);
#224=CYLINDRICAL_SURFACE('',#6583,0.026);
#225=CYLINDRICAL_SURFACE('',#6586,0.026);
#226=CYLINDRICAL_SURFACE('',#6649,0.0015);
#227=CYLINDRICAL_SURFACE('',#6652,0.0015);
#228=CYLINDRICAL_SURFACE('',#6654,0.0015);
#229=CYLINDRICAL_SURFACE('',#6656,0.0015);
#230=CONTEXT_DEPENDENT_SHAPE_REPRESENTATION(#286,#10739);
#231=CONTEXT_DEPENDENT_SHAPE_REPRESENTATION(#287,#10741);
#232=CONTEXT_DEPENDENT_SHAPE_REPRESENTATION(#288,#10743);
#233=CONTEXT_DEPENDENT_SHAPE_REPRESENTATION(#289,#10745);
#234=CONTEXT_DEPENDENT_SHAPE_REPRESENTATION(#290,#10747);
#235=CONTEXT_DEPENDENT_SHAPE_REPRESENTATION(#291,#10749);
#236=CONTEXT_DEPENDENT_SHAPE_REPRESENTATION(#292,#10751);
#237=CONTEXT_DEPENDENT_SHAPE_REPRESENTATION(#293,#10753);
#238=CONTEXT_DEPENDENT_SHAPE_REPRESENTATION(#294,#10755);
#239=CONTEXT_DEPENDENT_SHAPE_REPRESENTATION(#295,#10757);
#240=CONTEXT_DEPENDENT_SHAPE_REPRESENTATION(#296,#10759);
#241=CONTEXT_DEPENDENT_SHAPE_REPRESENTATION(#297,#10761);
#242=CONTEXT_DEPENDENT_SHAPE_REPRESENTATION(#298,#10762);
#243=CONTEXT_DEPENDENT_SHAPE_REPRESENTATION(#299,#10764);
#244=CONTEXT_DEPENDENT_SHAPE_REPRESENTATION(#300,#10766);
#245=CONTEXT_DEPENDENT_SHAPE_REPRESENTATION(#301,#10768);
#246=CONTEXT_DEPENDENT_SHAPE_REPRESENTATION(#302,#10770);
#247=CONTEXT_DEPENDENT_SHAPE_REPRESENTATION(#303,#10772);
#248=CONTEXT_DEPENDENT_SHAPE_REPRESENTATION(#304,#10774);
#249=CONTEXT_DEPENDENT_SHAPE_REPRESENTATION(#305,#10776);
#250=CONTEXT_DEPENDENT_SHAPE_REPRESENTATION(#306,#10778);
#251=CONTEXT_DEPENDENT_SHAPE_REPRESENTATION(#307,#10780);
#252=CONTEXT_DEPENDENT_SHAPE_REPRESENTATION(#308,#10782);
#253=CONTEXT_DEPENDENT_SHAPE_REPRESENTATION(#309,#10784);
#254=CONTEXT_DEPENDENT_SHAPE_REPRESENTATION(#310,#10786);
#255=CONTEXT_DEPENDENT_SHAPE_REPRESENTATION(#311,#10788);
#256=CONTEXT_DEPENDENT_SHAPE_REPRESENTATION(#312,#10790);
#257=CONTEXT_DEPENDENT_SHAPE_REPRESENTATION(#313,#10792);
#258=NEXT_ASSEMBLY_USAGE_OCCURRENCE('NAUO1','Part 1','Part 1',#10793,#10794,
'');
#259=NEXT_ASSEMBLY_USAGE_OCCURRENCE('NAUO2','Part 3','Part 3',#10793,#10795,
'');
#260=NEXT_ASSEMBLY_USAGE_OCCURRENCE('NAUO3','Part 19','Part 19',#10793,
#10796,'');
#261=NEXT_ASSEMBLY_USAGE_OCCURRENCE('NAUO4','Part 10','Part 10',#10793,
#10797,'');
#262=NEXT_ASSEMBLY_USAGE_OCCURRENCE('NAUO5','Part 4','Part 4',#10793,#10798,
'');
#263=NEXT_ASSEMBLY_USAGE_OCCURRENCE('NAUO6','Part 1','Part 1',#10793,#10799,
'');
#264=NEXT_ASSEMBLY_USAGE_OCCURRENCE('NAUO7','Part 6','Part 6',#10793,#10800,
'');
#265=NEXT_ASSEMBLY_USAGE_OCCURRENCE('NAUO8','Part 1','Part 1',#10793,#10801,
'');
#266=NEXT_ASSEMBLY_USAGE_OCCURRENCE('NAUO9','Part 13','Part 13',#10793,
#10802,'');
#267=NEXT_ASSEMBLY_USAGE_OCCURRENCE('NAUO10','Part 4','Part 4',#10793,#10803,
'');
#268=NEXT_ASSEMBLY_USAGE_OCCURRENCE('NAUO11','Part 11','Part 11',#10793,
#10804,'');
#269=NEXT_ASSEMBLY_USAGE_OCCURRENCE('NAUO12','Part 2','Part 2',#10793,#10805,
'');
#270=NEXT_ASSEMBLY_USAGE_OCCURRENCE('NAUO13','Part 1','Part 1',#10793,#10794,
'');
#271=NEXT_ASSEMBLY_USAGE_OCCURRENCE('NAUO14','Part 5','Part 5',#10793,#10806,
'');
#272=NEXT_ASSEMBLY_USAGE_OCCURRENCE('NAUO15','Part 3','Part 3',#10793,#10807,
'');
#273=NEXT_ASSEMBLY_USAGE_OCCURRENCE('NAUO16','Part 2','Part 2',#10793,#10808,
'');
#274=NEXT_ASSEMBLY_USAGE_OCCURRENCE('NAUO17','Part 12','Part 12',#10793,
#10809,'');
#275=NEXT_ASSEMBLY_USAGE_OCCURRENCE('NAUO18','Part 1','Part 1',#10793,#10810,
'');
#276=NEXT_ASSEMBLY_USAGE_OCCURRENCE('NAUO19','Part 8','Part 8',#10793,#10811,
'');
#277=NEXT_ASSEMBLY_USAGE_OCCURRENCE('NAUO20','Part 2','Part 2',#10793,#10812,
'');
#278=NEXT_ASSEMBLY_USAGE_OCCURRENCE('NAUO21','Part 1','Part 1',#10793,#10813,
'');
#279=NEXT_ASSEMBLY_USAGE_OCCURRENCE('NAUO22','Part 2','Part 2',#10793,#10814,
'');
#280=NEXT_ASSEMBLY_USAGE_OCCURRENCE('NAUO23','Part 1','Part 1',#10793,#10815,
'');
#281=NEXT_ASSEMBLY_USAGE_OCCURRENCE('NAUO24','Part 1','Part 1',#10793,#10816,
'');
#282=NEXT_ASSEMBLY_USAGE_OCCURRENCE('NAUO25','Part 9','Part 9',#10793,#10817,
'');
#283=NEXT_ASSEMBLY_USAGE_OCCURRENCE('NAUO26','Part 3','Part 3',#10793,#10818,
'');
#284=NEXT_ASSEMBLY_USAGE_OCCURRENCE('NAUO27','Part 7','Part 7',#10793,#10819,
'');
#285=NEXT_ASSEMBLY_USAGE_OCCURRENCE('NAUO28','Part 1','Part 1',#10793,#10820,
'');
#286=(
REPRESENTATION_RELATIONSHIP(' ',' ',#6211,#6210)
REPRESENTATION_RELATIONSHIP_WITH_TRANSFORMATION(#314)
SHAPE_REPRESENTATION_RELATIONSHIP()
);
#287=(
REPRESENTATION_RELATIONSHIP(' ',' ',#6212,#6210)
REPRESENTATION_RELATIONSHIP_WITH_TRANSFORMATION(#315)
SHAPE_REPRESENTATION_RELATIONSHIP()
);
#288=(
REPRESENTATION_RELATIONSHIP(' ',' ',#6213,#6210)
REPRESENTATION_RELATIONSHIP_WITH_TRANSFORMATION(#316)
SHAPE_REPRESENTATION_RELATIONSHIP()
);
#289=(
REPRESENTATION_RELATIONSHIP(' ',' ',#6214,#6210)
REPRESENTATION_RELATIONSHIP_WITH_TRANSFORMATION(#317)
SHAPE_REPRESENTATION_RELATIONSHIP()
);
#290=(
REPRESENTATION_RELATIONSHIP(' ',' ',#6215,#6210)
REPRESENTATION_RELATIONSHIP_WITH_TRANSFORMATION(#318)
SHAPE_REPRESENTATION_RELATIONSHIP()
);
#291=(
REPRESENTATION_RELATIONSHIP(' ',' ',#6216,#6210)
REPRESENTATION_RELATIONSHIP_WITH_TRANSFORMATION(#319)
SHAPE_REPRESENTATION_RELATIONSHIP()
);
#292=(
REPRESENTATION_RELATIONSHIP(' ',' ',#6217,#6210)
REPRESENTATION_RELATIONSHIP_WITH_TRANSFORMATION(#320)
SHAPE_REPRESENTATION_RELATIONSHIP()
);
#293=(
REPRESENTATION_RELATIONSHIP(' ',' ',#6218,#6210)
REPRESENTATION_RELATIONSHIP_WITH_TRANSFORMATION(#321)
SHAPE_REPRESENTATION_RELATIONSHIP()
);
#294=(
REPRESENTATION_RELATIONSHIP(' ',' ',#6219,#6210)
REPRESENTATION_RELATIONSHIP_WITH_TRANSFORMATION(#322)
SHAPE_REPRESENTATION_RELATIONSHIP()
);
#295=(
REPRESENTATION_RELATIONSHIP(' ',' ',#6220,#6210)
REPRESENTATION_RELATIONSHIP_WITH_TRANSFORMATION(#323)
SHAPE_REPRESENTATION_RELATIONSHIP()
);
#296=(
REPRESENTATION_RELATIONSHIP(' ',' ',#6221,#6210)
REPRESENTATION_RELATIONSHIP_WITH_TRANSFORMATION(#324)
SHAPE_REPRESENTATION_RELATIONSHIP()
);
#297=(
REPRESENTATION_RELATIONSHIP(' ',' ',#6222,#6210)
REPRESENTATION_RELATIONSHIP_WITH_TRANSFORMATION(#325)
SHAPE_REPRESENTATION_RELATIONSHIP()
);
#298=(
REPRESENTATION_RELATIONSHIP(' ',' ',#6211,#6210)
REPRESENTATION_RELATIONSHIP_WITH_TRANSFORMATION(#326)
SHAPE_REPRESENTATION_RELATIONSHIP()
);
#299=(
REPRESENTATION_RELATIONSHIP(' ',' ',#6223,#6210)
REPRESENTATION_RELATIONSHIP_WITH_TRANSFORMATION(#327)
SHAPE_REPRESENTATION_RELATIONSHIP()
);
#300=(
REPRESENTATION_RELATIONSHIP(' ',' ',#6224,#6210)
REPRESENTATION_RELATIONSHIP_WITH_TRANSFORMATION(#328)
SHAPE_REPRESENTATION_RELATIONSHIP()
);
#301=(
REPRESENTATION_RELATIONSHIP(' ',' ',#6225,#6210)
REPRESENTATION_RELATIONSHIP_WITH_TRANSFORMATION(#329)
SHAPE_REPRESENTATION_RELATIONSHIP()
);
#302=(
REPRESENTATION_RELATIONSHIP(' ',' ',#6226,#6210)
REPRESENTATION_RELATIONSHIP_WITH_TRANSFORMATION(#330)
SHAPE_REPRESENTATION_RELATIONSHIP()
);
#303=(
REPRESENTATION_RELATIONSHIP(' ',' ',#6227,#6210)
REPRESENTATION_RELATIONSHIP_WITH_TRANSFORMATION(#331)
SHAPE_REPRESENTATION_RELATIONSHIP()
);
#304=(
REPRESENTATION_RELATIONSHIP(' ',' ',#6228,#6210)
REPRESENTATION_RELATIONSHIP_WITH_TRANSFORMATION(#332)
SHAPE_REPRESENTATION_RELATIONSHIP()
);
#305=(
REPRESENTATION_RELATIONSHIP(' ',' ',#6229,#6210)
REPRESENTATION_RELATIONSHIP_WITH_TRANSFORMATION(#333)
SHAPE_REPRESENTATION_RELATIONSHIP()
);
#306=(
REPRESENTATION_RELATIONSHIP(' ',' ',#6230,#6210)
REPRESENTATION_RELATIONSHIP_WITH_TRANSFORMATION(#334)
SHAPE_REPRESENTATION_RELATIONSHIP()
);
#307=(
REPRESENTATION_RELATIONSHIP(' ',' ',#6231,#6210)
REPRESENTATION_RELATIONSHIP_WITH_TRANSFORMATION(#335)
SHAPE_REPRESENTATION_RELATIONSHIP()
);
#308=(
REPRESENTATION_RELATIONSHIP(' ',' ',#6232,#6210)
REPRESENTATION_RELATIONSHIP_WITH_TRANSFORMATION(#336)
SHAPE_REPRESENTATION_RELATIONSHIP()
);
#309=(
REPRESENTATION_RELATIONSHIP(' ',' ',#6233,#6210)
REPRESENTATION_RELATIONSHIP_WITH_TRANSFORMATION(#337)
SHAPE_REPRESENTATION_RELATIONSHIP()
);
#310=(
REPRESENTATION_RELATIONSHIP(' ',' ',#6234,#6210)
REPRESENTATION_RELATIONSHIP_WITH_TRANSFORMATION(#338)
SHAPE_REPRESENTATION_RELATIONSHIP()
);
#311=(
REPRESENTATION_RELATIONSHIP(' ',' ',#6235,#6210)
REPRESENTATION_RELATIONSHIP_WITH_TRANSFORMATION(#339)
SHAPE_REPRESENTATION_RELATIONSHIP()
);
#312=(
REPRESENTATION_RELATIONSHIP(' ',' ',#6236,#6210)
REPRESENTATION_RELATIONSHIP_WITH_TRANSFORMATION(#340)
SHAPE_REPRESENTATION_RELATIONSHIP()
);
#313=(
REPRESENTATION_RELATIONSHIP(' ',' ',#6237,#6210)
REPRESENTATION_RELATIONSHIP_WITH_TRANSFORMATION(#341)
SHAPE_REPRESENTATION_RELATIONSHIP()
);
#314=ITEM_DEFINED_TRANSFORMATION(' ',' ',#6238,#6249);
#315=ITEM_DEFINED_TRANSFORMATION(' ',' ',#6238,#6264);
#316=ITEM_DEFINED_TRANSFORMATION(' ',' ',#6238,#6282);
#317=ITEM_DEFINED_TRANSFORMATION(' ',' ',#6238,#6293);
#318=ITEM_DEFINED_TRANSFORMATION(' ',' ',#6238,#6308);
#319=ITEM_DEFINED_TRANSFORMATION(' ',' ',#6238,#6329);
#320=ITEM_DEFINED_TRANSFORMATION(' ',' ',#6238,#6340);
#321=ITEM_DEFINED_TRANSFORMATION(' ',' ',#6238,#6404);
#322=ITEM_DEFINED_TRANSFORMATION(' ',' ',#6238,#6422);
#323=ITEM_DEFINED_TRANSFORMATION(' ',' ',#6238,#6433);
#324=ITEM_DEFINED_TRANSFORMATION(' ',' ',#6238,#6444);
#325=ITEM_DEFINED_TRANSFORMATION(' ',' ',#6238,#6460);
#326=ITEM_DEFINED_TRANSFORMATION(' ',' ',#6238,#6461);
#327=ITEM_DEFINED_TRANSFORMATION(' ',' ',#6238,#6472);
#328=ITEM_DEFINED_TRANSFORMATION(' ',' ',#6238,#6479);
#329=ITEM_DEFINED_TRANSFORMATION(' ',' ',#6238,#6486);
#330=ITEM_DEFINED_TRANSFORMATION(' ',' ',#6238,#6564);
#331=ITEM_DEFINED_TRANSFORMATION(' ',' ',#6238,#6596);
#332=ITEM_DEFINED_TRANSFORMATION(' ',' ',#6238,#6607);
#333=ITEM_DEFINED_TRANSFORMATION(' ',' ',#6238,#6618);
#334=ITEM_DEFINED_TRANSFORMATION(' ',' ',#6238,#6642);
#335=ITEM_DEFINED_TRANSFORMATION(' ',' ',#6238,#6657);
#336=ITEM_DEFINED_TRANSFORMATION(' ',' ',#6238,#6664);
#337=ITEM_DEFINED_TRANSFORMATION(' ',' ',#6238,#6673);
#338=ITEM_DEFINED_TRANSFORMATION(' ',' ',#6238,#6684);
#339=ITEM_DEFINED_TRANSFORMATION(' ',' ',#6238,#6695);
#340=ITEM_DEFINED_TRANSFORMATION(' ',' ',#6238,#6706);
#341=ITEM_DEFINED_TRANSFORMATION(' ',' ',#6238,#6713);
#342=SHAPE_REPRESENTATION_RELATIONSHIP('','',#6211,#369);
#343=SHAPE_REPRESENTATION_RELATIONSHIP('','',#6212,#370);
#344=SHAPE_REPRESENTATION_RELATIONSHIP('','',#6213,#371);
#345=SHAPE_REPRESENTATION_RELATIONSHIP('','',#6214,#372);
#346=SHAPE_REPRESENTATION_RELATIONSHIP('','',#6215,#373);
#347=SHAPE_REPRESENTATION_RELATIONSHIP('','',#6216,#374);
#348=SHAPE_REPRESENTATION_RELATIONSHIP('','',#6217,#375);
#349=SHAPE_REPRESENTATION_RELATIONSHIP('','',#6218,#376);
#350=SHAPE_REPRESENTATION_RELATIONSHIP('','',#6219,#377);
#351=SHAPE_REPRESENTATION_RELATIONSHIP('','',#6220,#378);
#352=SHAPE_REPRESENTATION_RELATIONSHIP('','',#6221,#379);
#353=SHAPE_REPRESENTATION_RELATIONSHIP('','',#6222,#380);
#354=SHAPE_REPRESENTATION_RELATIONSHIP('','',#6223,#381);
#355=SHAPE_REPRESENTATION_RELATIONSHIP('','',#6224,#382);
#356=SHAPE_REPRESENTATION_RELATIONSHIP('','',#6225,#383);
#357=SHAPE_REPRESENTATION_RELATIONSHIP('','',#6226,#384);
#358=SHAPE_REPRESENTATION_RELATIONSHIP('','',#6227,#385);
#359=SHAPE_REPRESENTATION_RELATIONSHIP('','',#6228,#386);
#360=SHAPE_REPRESENTATION_RELATIONSHIP('','',#6229,#387);
#361=SHAPE_REPRESENTATION_RELATIONSHIP('','',#6230,#388);
#362=SHAPE_REPRESENTATION_RELATIONSHIP('','',#6231,#389);
#363=SHAPE_REPRESENTATION_RELATIONSHIP('','',#6232,#390);
#364=SHAPE_REPRESENTATION_RELATIONSHIP('','',#6233,#391);
#365=SHAPE_REPRESENTATION_RELATIONSHIP('','',#6234,#392);
#366=SHAPE_REPRESENTATION_RELATIONSHIP('','',#6235,#393);
#367=SHAPE_REPRESENTATION_RELATIONSHIP('','',#6236,#394);
#368=SHAPE_REPRESENTATION_RELATIONSHIP('','',#6237,#395);
#369=ADVANCED_BREP_SHAPE_REPRESENTATION('',(#6155),#10679);
#370=ADVANCED_BREP_SHAPE_REPRESENTATION('',(#6156),#10680);
#371=ADVANCED_BREP_SHAPE_REPRESENTATION('',(#6157),#10681);
#372=ADVANCED_BREP_SHAPE_REPRESENTATION('',(#6158),#10682);
#373=ADVANCED_BREP_SHAPE_REPRESENTATION('',(#6159),#10683);
#374=ADVANCED_BREP_SHAPE_REPRESENTATION('',(#6160),#10684);
#375=ADVANCED_BREP_SHAPE_REPRESENTATION('',(#6161),#10685);
#376=ADVANCED_BREP_SHAPE_REPRESENTATION('',(#6162),#10686);
#377=ADVANCED_BREP_SHAPE_REPRESENTATION('',(#6163),#10687);
#378=ADVANCED_BREP_SHAPE_REPRESENTATION('',(#6164),#10688);
#379=ADVANCED_BREP_SHAPE_REPRESENTATION('',(#6165),#10689);
#380=ADVANCED_BREP_SHAPE_REPRESENTATION('',(#6166),#10690);
#381=ADVANCED_BREP_SHAPE_REPRESENTATION('',(#6167),#10691);
#382=ADVANCED_BREP_SHAPE_REPRESENTATION('',(#6168),#10692);
#383=ADVANCED_BREP_SHAPE_REPRESENTATION('',(#6169),#10693);
#384=ADVANCED_BREP_SHAPE_REPRESENTATION('',(#6170),#10694);
#385=ADVANCED_BREP_SHAPE_REPRESENTATION('',(#6171),#10695);
#386=ADVANCED_BREP_SHAPE_REPRESENTATION('',(#6172),#10696);
#387=ADVANCED_BREP_SHAPE_REPRESENTATION('',(#6173),#10697);
#388=ADVANCED_BREP_SHAPE_REPRESENTATION('',(#6174),#10698);
#389=ADVANCED_BREP_SHAPE_REPRESENTATION('',(#6175),#10699);
#390=ADVANCED_BREP_SHAPE_REPRESENTATION('',(#6176),#10700);
#391=ADVANCED_BREP_SHAPE_REPRESENTATION('',(#6177),#10701);
#392=ADVANCED_BREP_SHAPE_REPRESENTATION('',(#6178),#10702);
#393=ADVANCED_BREP_SHAPE_REPRESENTATION('',(#6179),#10703);
#394=ADVANCED_BREP_SHAPE_REPRESENTATION('',(#6180),#10704);
#395=ADVANCED_BREP_SHAPE_REPRESENTATION('',(#6181),#10705);
#396=ORIENTED_EDGE('',*,*,#1960,.F.);
#397=ORIENTED_EDGE('',*,*,#1961,.T.);
#398=ORIENTED_EDGE('',*,*,#1962,.T.);
#399=ORIENTED_EDGE('',*,*,#1963,.F.);
#400=ORIENTED_EDGE('',*,*,#1964,.F.);
#401=ORIENTED_EDGE('',*,*,#1960,.T.);
#402=ORIENTED_EDGE('',*,*,#1965,.T.);
#403=ORIENTED_EDGE('',*,*,#1966,.F.);
#404=ORIENTED_EDGE('',*,*,#1962,.F.);
#405=ORIENTED_EDGE('',*,*,#1967,.T.);
#406=ORIENTED_EDGE('',*,*,#1968,.T.);
#407=ORIENTED_EDGE('',*,*,#1969,.F.);
#408=ORIENTED_EDGE('',*,*,#1970,.F.);
#409=ORIENTED_EDGE('',*,*,#1966,.T.);
#410=ORIENTED_EDGE('',*,*,#1971,.T.);
#411=ORIENTED_EDGE('',*,*,#1968,.F.);
#412=ORIENTED_EDGE('',*,*,#1972,.F.);
#413=ORIENTED_EDGE('',*,*,#1973,.T.);
#414=ORIENTED_EDGE('',*,*,#1974,.F.);
#415=ORIENTED_EDGE('',*,*,#1975,.F.);
#416=ORIENTED_EDGE('',*,*,#1976,.F.);
#417=ORIENTED_EDGE('',*,*,#1974,.T.);
#418=ORIENTED_EDGE('',*,*,#1977,.T.);
#419=ORIENTED_EDGE('',*,*,#1978,.T.);
#420=ORIENTED_EDGE('',*,*,#1963,.T.);
#421=ORIENTED_EDGE('',*,*,#1969,.T.);
#422=ORIENTED_EDGE('',*,*,#1971,.F.);
#423=ORIENTED_EDGE('',*,*,#1965,.F.);
#424=ORIENTED_EDGE('',*,*,#1976,.T.);
#425=ORIENTED_EDGE('',*,*,#1979,.F.);
#426=ORIENTED_EDGE('',*,*,#1980,.F.);
#427=ORIENTED_EDGE('',*,*,#1975,.T.);
#428=ORIENTED_EDGE('',*,*,#1978,.F.);
#429=ORIENTED_EDGE('',*,*,#1981,.F.);
#430=ORIENTED_EDGE('',*,*,#1982,.T.);
#431=ORIENTED_EDGE('',*,*,#1979,.T.);
#432=ORIENTED_EDGE('',*,*,#1977,.F.);
#433=ORIENTED_EDGE('',*,*,#1973,.F.);
#434=ORIENTED_EDGE('',*,*,#1983,.T.);
#435=ORIENTED_EDGE('',*,*,#1981,.T.);
#436=ORIENTED_EDGE('',*,*,#1970,.T.);
#437=ORIENTED_EDGE('',*,*,#1980,.T.);
#438=ORIENTED_EDGE('',*,*,#1982,.F.);
#439=ORIENTED_EDGE('',*,*,#1983,.F.);
#440=ORIENTED_EDGE('',*,*,#1972,.T.);
#441=ORIENTED_EDGE('',*,*,#1967,.F.);
#442=ORIENTED_EDGE('',*,*,#1961,.F.);
#443=ORIENTED_EDGE('',*,*,#1964,.T.);
#444=ORIENTED_EDGE('',*,*,#1984,.F.);
#445=ORIENTED_EDGE('',*,*,#1985,.T.);
#446=ORIENTED_EDGE('',*,*,#1986,.T.);
#447=ORIENTED_EDGE('',*,*,#1987,.F.);
#448=ORIENTED_EDGE('',*,*,#1988,.F.);
#449=ORIENTED_EDGE('',*,*,#1989,.T.);
#450=ORIENTED_EDGE('',*,*,#1984,.T.);
#451=ORIENTED_EDGE('',*,*,#1990,.T.);
#452=ORIENTED_EDGE('',*,*,#1991,.F.);
#453=ORIENTED_EDGE('',*,*,#1992,.T.);
#454=ORIENTED_EDGE('',*,*,#1988,.T.);
#455=ORIENTED_EDGE('',*,*,#1993,.T.);
#456=ORIENTED_EDGE('',*,*,#1986,.F.);
#457=ORIENTED_EDGE('',*,*,#1994,.T.);
#458=ORIENTED_EDGE('',*,*,#1991,.T.);
#459=ORIENTED_EDGE('',*,*,#1995,.F.);
#460=ORIENTED_EDGE('',*,*,#1996,.T.);
#461=ORIENTED_EDGE('',*,*,#1997,.T.);
#462=ORIENTED_EDGE('',*,*,#1998,.T.);
#463=ORIENTED_EDGE('',*,*,#1999,.T.);
#464=ORIENTED_EDGE('',*,*,#1987,.T.);
#465=ORIENTED_EDGE('',*,*,#1995,.T.);
#466=ORIENTED_EDGE('',*,*,#1993,.F.);
#467=ORIENTED_EDGE('',*,*,#1990,.F.);
#468=ORIENTED_EDGE('',*,*,#2000,.F.);
#469=ORIENTED_EDGE('',*,*,#1999,.F.);
#470=ORIENTED_EDGE('',*,*,#2001,.F.);
#471=ORIENTED_EDGE('',*,*,#1989,.F.);
#472=ORIENTED_EDGE('',*,*,#2001,.T.);
#473=ORIENTED_EDGE('',*,*,#1998,.F.);
#474=ORIENTED_EDGE('',*,*,#2002,.F.);
#475=ORIENTED_EDGE('',*,*,#1985,.F.);
#476=ORIENTED_EDGE('',*,*,#2000,.T.);
#477=ORIENTED_EDGE('',*,*,#1992,.F.);
#478=ORIENTED_EDGE('',*,*,#2003,.F.);
#479=ORIENTED_EDGE('',*,*,#1996,.F.);
#480=ORIENTED_EDGE('',*,*,#2002,.T.);
#481=ORIENTED_EDGE('',*,*,#1997,.F.);
#482=ORIENTED_EDGE('',*,*,#2003,.T.);
#483=ORIENTED_EDGE('',*,*,#1994,.F.);
#484=ORIENTED_EDGE('',*,*,#2004,.F.);
#485=ORIENTED_EDGE('',*,*,#2005,.T.);
#486=ORIENTED_EDGE('',*,*,#2006,.T.);
#487=ORIENTED_EDGE('',*,*,#2007,.F.);
#488=ORIENTED_EDGE('',*,*,#2006,.F.);
#489=ORIENTED_EDGE('',*,*,#2008,.T.);
#490=ORIENTED_EDGE('',*,*,#2004,.T.);
#491=ORIENTED_EDGE('',*,*,#2009,.T.);
#492=ORIENTED_EDGE('',*,*,#2010,.T.);
#493=ORIENTED_EDGE('',*,*,#2011,.T.);
#494=ORIENTED_EDGE('',*,*,#2012,.T.);
#495=ORIENTED_EDGE('',*,*,#2013,.T.);
#496=ORIENTED_EDGE('',*,*,#2014,.T.);
#497=ORIENTED_EDGE('',*,*,#2007,.T.);
#498=ORIENTED_EDGE('',*,*,#2009,.F.);
#499=ORIENTED_EDGE('',*,*,#2011,.F.);
#500=ORIENTED_EDGE('',*,*,#2015,.F.);
#501=ORIENTED_EDGE('',*,*,#2005,.F.);
#502=ORIENTED_EDGE('',*,*,#2016,.F.);
#503=ORIENTED_EDGE('',*,*,#2012,.F.);
#504=ORIENTED_EDGE('',*,*,#2016,.T.);
#505=ORIENTED_EDGE('',*,*,#2008,.F.);
#506=ORIENTED_EDGE('',*,*,#2015,.T.);
#507=ORIENTED_EDGE('',*,*,#2013,.F.);
#508=ORIENTED_EDGE('',*,*,#2010,.F.);
#509=ORIENTED_EDGE('',*,*,#2014,.F.);
#510=ORIENTED_EDGE('',*,*,#2017,.F.);
#511=ORIENTED_EDGE('',*,*,#2018,.T.);
#512=ORIENTED_EDGE('',*,*,#2019,.T.);
#513=ORIENTED_EDGE('',*,*,#2020,.F.);
#514=ORIENTED_EDGE('',*,*,#2021,.F.);
#515=ORIENTED_EDGE('',*,*,#2022,.T.);
#516=ORIENTED_EDGE('',*,*,#2017,.T.);
#517=ORIENTED_EDGE('',*,*,#2023,.F.);
#518=ORIENTED_EDGE('',*,*,#2024,.F.);
#519=ORIENTED_EDGE('',*,*,#2025,.T.);
#520=ORIENTED_EDGE('',*,*,#2021,.T.);
#521=ORIENTED_EDGE('',*,*,#2026,.T.);
#522=ORIENTED_EDGE('',*,*,#2019,.F.);
#523=ORIENTED_EDGE('',*,*,#2027,.T.);
#524=ORIENTED_EDGE('',*,*,#2024,.T.);
#525=ORIENTED_EDGE('',*,*,#2028,.T.);
#526=ORIENTED_EDGE('',*,*,#2029,.T.);
#527=ORIENTED_EDGE('',*,*,#2030,.T.);
#528=ORIENTED_EDGE('',*,*,#2031,.T.);
#529=ORIENTED_EDGE('',*,*,#2032,.T.);
#530=ORIENTED_EDGE('',*,*,#2020,.T.);
#531=ORIENTED_EDGE('',*,*,#2028,.F.);
#532=ORIENTED_EDGE('',*,*,#2026,.F.);
#533=ORIENTED_EDGE('',*,*,#2023,.T.);
#534=ORIENTED_EDGE('',*,*,#2033,.F.);
#535=ORIENTED_EDGE('',*,*,#2022,.F.);
#536=ORIENTED_EDGE('',*,*,#2034,.F.);
#537=ORIENTED_EDGE('',*,*,#2032,.F.);
#538=ORIENTED_EDGE('',*,*,#2034,.T.);
#539=ORIENTED_EDGE('',*,*,#2025,.F.);
#540=ORIENTED_EDGE('',*,*,#2035,.F.);
#541=ORIENTED_EDGE('',*,*,#2029,.F.);
#542=ORIENTED_EDGE('',*,*,#2033,.T.);
#543=ORIENTED_EDGE('',*,*,#2031,.F.);
#544=ORIENTED_EDGE('',*,*,#2036,.F.);
#545=ORIENTED_EDGE('',*,*,#2018,.F.);
#546=ORIENTED_EDGE('',*,*,#2035,.T.);
#547=ORIENTED_EDGE('',*,*,#2027,.F.);
#548=ORIENTED_EDGE('',*,*,#2036,.T.);
#549=ORIENTED_EDGE('',*,*,#2030,.F.);
#550=ORIENTED_EDGE('',*,*,#2037,.F.);
#551=ORIENTED_EDGE('',*,*,#2038,.T.);
#552=ORIENTED_EDGE('',*,*,#2039,.T.);
#553=ORIENTED_EDGE('',*,*,#2040,.F.);
#554=ORIENTED_EDGE('',*,*,#2041,.F.);
#555=ORIENTED_EDGE('',*,*,#2042,.T.);
#556=ORIENTED_EDGE('',*,*,#2037,.T.);
#557=ORIENTED_EDGE('',*,*,#2043,.T.);
#558=ORIENTED_EDGE('',*,*,#2044,.F.);
#559=ORIENTED_EDGE('',*,*,#2045,.T.);
#560=ORIENTED_EDGE('',*,*,#2041,.T.);
#561=ORIENTED_EDGE('',*,*,#2046,.T.);
#562=ORIENTED_EDGE('',*,*,#2039,.F.);
#563=ORIENTED_EDGE('',*,*,#2047,.T.);
#564=ORIENTED_EDGE('',*,*,#2044,.T.);
#565=ORIENTED_EDGE('',*,*,#2048,.F.);
#566=ORIENTED_EDGE('',*,*,#2049,.T.);
#567=ORIENTED_EDGE('',*,*,#2050,.T.);
#568=ORIENTED_EDGE('',*,*,#2051,.T.);
#569=ORIENTED_EDGE('',*,*,#2052,.T.);
#570=ORIENTED_EDGE('',*,*,#2040,.T.);
#571=ORIENTED_EDGE('',*,*,#2048,.T.);
#572=ORIENTED_EDGE('',*,*,#2046,.F.);
#573=ORIENTED_EDGE('',*,*,#2043,.F.);
#574=ORIENTED_EDGE('',*,*,#2053,.F.);
#575=ORIENTED_EDGE('',*,*,#2049,.F.);
#576=ORIENTED_EDGE('',*,*,#2054,.F.);
#577=ORIENTED_EDGE('',*,*,#2042,.F.);
#578=ORIENTED_EDGE('',*,*,#2054,.T.);
#579=ORIENTED_EDGE('',*,*,#2052,.F.);
#580=ORIENTED_EDGE('',*,*,#2055,.F.);
#581=ORIENTED_EDGE('',*,*,#2038,.F.);
#582=ORIENTED_EDGE('',*,*,#2053,.T.);
#583=ORIENTED_EDGE('',*,*,#2045,.F.);
#584=ORIENTED_EDGE('',*,*,#2056,.F.);
#585=ORIENTED_EDGE('',*,*,#2050,.F.);
#586=ORIENTED_EDGE('',*,*,#2055,.T.);
#587=ORIENTED_EDGE('',*,*,#2051,.F.);
#588=ORIENTED_EDGE('',*,*,#2056,.T.);
#589=ORIENTED_EDGE('',*,*,#2047,.F.);
#590=ORIENTED_EDGE('',*,*,#2057,.F.);
#591=ORIENTED_EDGE('',*,*,#2058,.T.);
#592=ORIENTED_EDGE('',*,*,#2059,.T.);
#593=ORIENTED_EDGE('',*,*,#2060,.T.);
#594=ORIENTED_EDGE('',*,*,#2061,.F.);
#595=ORIENTED_EDGE('',*,*,#2062,.T.);
#596=ORIENTED_EDGE('',*,*,#2063,.F.);
#597=ORIENTED_EDGE('',*,*,#2064,.T.);
#598=ORIENTED_EDGE('',*,*,#2065,.F.);
#599=ORIENTED_EDGE('',*,*,#2066,.F.);
#600=ORIENTED_EDGE('',*,*,#2067,.F.);
#601=ORIENTED_EDGE('',*,*,#2068,.T.);
#602=ORIENTED_EDGE('',*,*,#2069,.F.);
#603=ORIENTED_EDGE('',*,*,#2070,.F.);
#604=ORIENTED_EDGE('',*,*,#2071,.T.);
#605=ORIENTED_EDGE('',*,*,#2072,.T.);
#606=ORIENTED_EDGE('',*,*,#2073,.F.);
#607=ORIENTED_EDGE('',*,*,#2074,.T.);
#608=ORIENTED_EDGE('',*,*,#2071,.F.);
#609=ORIENTED_EDGE('',*,*,#2075,.F.);
#610=ORIENTED_EDGE('',*,*,#2076,.T.);
#611=ORIENTED_EDGE('',*,*,#2077,.T.);
#612=ORIENTED_EDGE('',*,*,#2078,.T.);
#613=ORIENTED_EDGE('',*,*,#2079,.T.);
#614=ORIENTED_EDGE('',*,*,#2058,.F.);
#615=ORIENTED_EDGE('',*,*,#2080,.F.);
#616=ORIENTED_EDGE('',*,*,#2081,.F.);
#617=ORIENTED_EDGE('',*,*,#2082,.T.);
#618=ORIENTED_EDGE('',*,*,#2059,.F.);
#619=ORIENTED_EDGE('',*,*,#2079,.F.);
#620=ORIENTED_EDGE('',*,*,#2083,.T.);
#621=ORIENTED_EDGE('',*,*,#2084,.T.);
#622=ORIENTED_EDGE('',*,*,#2062,.F.);
#623=ORIENTED_EDGE('',*,*,#2085,.F.);
#624=ORIENTED_EDGE('',*,*,#2086,.T.);
#625=ORIENTED_EDGE('',*,*,#2087,.T.);
#626=ORIENTED_EDGE('',*,*,#2067,.T.);
#627=ORIENTED_EDGE('',*,*,#2088,.F.);
#628=ORIENTED_EDGE('',*,*,#2089,.F.);
#629=ORIENTED_EDGE('',*,*,#2075,.T.);
#630=ORIENTED_EDGE('',*,*,#2070,.T.);
#631=ORIENTED_EDGE('',*,*,#2090,.F.);
#632=ORIENTED_EDGE('',*,*,#2091,.T.);
#633=ORIENTED_EDGE('',*,*,#2092,.T.);
#634=ORIENTED_EDGE('',*,*,#2063,.T.);
#635=ORIENTED_EDGE('',*,*,#2084,.F.);
#636=ORIENTED_EDGE('',*,*,#2093,.F.);
#637=ORIENTED_EDGE('',*,*,#2094,.F.);
#638=ORIENTED_EDGE('',*,*,#2095,.F.);
#639=ORIENTED_EDGE('',*,*,#2088,.T.);
#640=ORIENTED_EDGE('',*,*,#2066,.T.);
#641=ORIENTED_EDGE('',*,*,#2096,.F.);
#642=ORIENTED_EDGE('',*,*,#2097,.F.);
#643=ORIENTED_EDGE('',*,*,#2093,.T.);
#644=ORIENTED_EDGE('',*,*,#2083,.F.);
#645=ORIENTED_EDGE('',*,*,#2078,.F.);
#646=ORIENTED_EDGE('',*,*,#2097,.T.);
#647=ORIENTED_EDGE('',*,*,#2077,.F.);
#648=ORIENTED_EDGE('',*,*,#2098,.F.);
#649=ORIENTED_EDGE('',*,*,#2094,.T.);
#650=ORIENTED_EDGE('',*,*,#2095,.T.);
#651=ORIENTED_EDGE('',*,*,#2098,.T.);
#652=ORIENTED_EDGE('',*,*,#2076,.F.);
#653=ORIENTED_EDGE('',*,*,#2089,.T.);
#654=ORIENTED_EDGE('',*,*,#2057,.T.);
#655=ORIENTED_EDGE('',*,*,#2099,.F.);
#656=ORIENTED_EDGE('',*,*,#2100,.F.);
#657=ORIENTED_EDGE('',*,*,#2080,.T.);
#658=ORIENTED_EDGE('',*,*,#2060,.F.);
#659=ORIENTED_EDGE('',*,*,#2082,.F.);
#660=ORIENTED_EDGE('',*,*,#2101,.T.);
#661=ORIENTED_EDGE('',*,*,#2099,.T.);
#662=ORIENTED_EDGE('',*,*,#2061,.T.);
#663=ORIENTED_EDGE('',*,*,#2102,.F.);
#664=ORIENTED_EDGE('',*,*,#2103,.F.);
#665=ORIENTED_EDGE('',*,*,#2085,.T.);
#666=ORIENTED_EDGE('',*,*,#2064,.F.);
#667=ORIENTED_EDGE('',*,*,#2092,.F.);
#668=ORIENTED_EDGE('',*,*,#2104,.T.);
#669=ORIENTED_EDGE('',*,*,#2102,.T.);
#670=ORIENTED_EDGE('',*,*,#2065,.T.);
#671=ORIENTED_EDGE('',*,*,#2105,.F.);
#672=ORIENTED_EDGE('',*,*,#2106,.F.);
#673=ORIENTED_EDGE('',*,*,#2096,.T.);
#674=ORIENTED_EDGE('',*,*,#2068,.F.);
#675=ORIENTED_EDGE('',*,*,#2087,.F.);
#676=ORIENTED_EDGE('',*,*,#2107,.T.);
#677=ORIENTED_EDGE('',*,*,#2105,.T.);
#678=ORIENTED_EDGE('',*,*,#2069,.T.);
#679=ORIENTED_EDGE('',*,*,#2108,.F.);
#680=ORIENTED_EDGE('',*,*,#2109,.F.);
#681=ORIENTED_EDGE('',*,*,#2090,.T.);
#682=ORIENTED_EDGE('',*,*,#2072,.F.);
#683=ORIENTED_EDGE('',*,*,#2074,.F.);
#684=ORIENTED_EDGE('',*,*,#2110,.T.);
#685=ORIENTED_EDGE('',*,*,#2108,.T.);
#686=ORIENTED_EDGE('',*,*,#2073,.T.);
#687=ORIENTED_EDGE('',*,*,#2100,.T.);
#688=ORIENTED_EDGE('',*,*,#2101,.F.);
#689=ORIENTED_EDGE('',*,*,#2081,.T.);
#690=ORIENTED_EDGE('',*,*,#2103,.T.);
#691=ORIENTED_EDGE('',*,*,#2104,.F.);
#692=ORIENTED_EDGE('',*,*,#2091,.F.);
#693=ORIENTED_EDGE('',*,*,#2106,.T.);
#694=ORIENTED_EDGE('',*,*,#2107,.F.);
#695=ORIENTED_EDGE('',*,*,#2086,.F.);
#696=ORIENTED_EDGE('',*,*,#2109,.T.);
#697=ORIENTED_EDGE('',*,*,#2110,.F.);
#698=ORIENTED_EDGE('',*,*,#2111,.F.);
#699=ORIENTED_EDGE('',*,*,#2112,.T.);
#700=ORIENTED_EDGE('',*,*,#2113,.T.);
#701=ORIENTED_EDGE('',*,*,#2114,.F.);
#702=ORIENTED_EDGE('',*,*,#2115,.F.);
#703=ORIENTED_EDGE('',*,*,#2116,.T.);
#704=ORIENTED_EDGE('',*,*,#2111,.T.);
#705=ORIENTED_EDGE('',*,*,#2117,.F.);
#706=ORIENTED_EDGE('',*,*,#2118,.F.);
#707=ORIENTED_EDGE('',*,*,#2119,.T.);
#708=ORIENTED_EDGE('',*,*,#2115,.T.);
#709=ORIENTED_EDGE('',*,*,#2120,.T.);
#710=ORIENTED_EDGE('',*,*,#2113,.F.);
#711=ORIENTED_EDGE('',*,*,#2121,.T.);
#712=ORIENTED_EDGE('',*,*,#2118,.T.);
#713=ORIENTED_EDGE('',*,*,#2122,.T.);
#714=ORIENTED_EDGE('',*,*,#2123,.T.);
#715=ORIENTED_EDGE('',*,*,#2124,.T.);
#716=ORIENTED_EDGE('',*,*,#2125,.T.);
#717=ORIENTED_EDGE('',*,*,#2126,.T.);
#718=ORIENTED_EDGE('',*,*,#2114,.T.);
#719=ORIENTED_EDGE('',*,*,#2122,.F.);
#720=ORIENTED_EDGE('',*,*,#2120,.F.);
#721=ORIENTED_EDGE('',*,*,#2117,.T.);
#722=ORIENTED_EDGE('',*,*,#2127,.F.);
#723=ORIENTED_EDGE('',*,*,#2116,.F.);
#724=ORIENTED_EDGE('',*,*,#2128,.F.);
#725=ORIENTED_EDGE('',*,*,#2126,.F.);
#726=ORIENTED_EDGE('',*,*,#2128,.T.);
#727=ORIENTED_EDGE('',*,*,#2119,.F.);
#728=ORIENTED_EDGE('',*,*,#2129,.F.);
#729=ORIENTED_EDGE('',*,*,#2123,.F.);
#730=ORIENTED_EDGE('',*,*,#2127,.T.);
#731=ORIENTED_EDGE('',*,*,#2125,.F.);
#732=ORIENTED_EDGE('',*,*,#2130,.F.);
#733=ORIENTED_EDGE('',*,*,#2112,.F.);
#734=ORIENTED_EDGE('',*,*,#2129,.T.);
#735=ORIENTED_EDGE('',*,*,#2121,.F.);
#736=ORIENTED_EDGE('',*,*,#2130,.T.);
#737=ORIENTED_EDGE('',*,*,#2124,.F.);
#738=ORIENTED_EDGE('',*,*,#2131,.F.);
#739=ORIENTED_EDGE('',*,*,#2132,.T.);
#740=ORIENTED_EDGE('',*,*,#2133,.F.);
#741=ORIENTED_EDGE('',*,*,#2134,.T.);
#742=ORIENTED_EDGE('',*,*,#2135,.T.);
#743=ORIENTED_EDGE('',*,*,#2136,.F.);
#744=ORIENTED_EDGE('',*,*,#2137,.F.);
#745=ORIENTED_EDGE('',*,*,#2138,.T.);
#746=ORIENTED_EDGE('',*,*,#2139,.F.);
#747=ORIENTED_EDGE('',*,*,#2140,.F.);
#748=ORIENTED_EDGE('',*,*,#2141,.T.);
#749=ORIENTED_EDGE('',*,*,#2142,.F.);
#750=ORIENTED_EDGE('',*,*,#2143,.F.);
#751=ORIENTED_EDGE('',*,*,#2144,.T.);
#752=ORIENTED_EDGE('',*,*,#2145,.T.);
#753=ORIENTED_EDGE('',*,*,#2146,.F.);
#754=ORIENTED_EDGE('',*,*,#2147,.T.);
#755=ORIENTED_EDGE('',*,*,#2148,.T.);
#756=ORIENTED_EDGE('',*,*,#2149,.F.);
#757=ORIENTED_EDGE('',*,*,#2150,.T.);
#758=ORIENTED_EDGE('',*,*,#2151,.T.);
#759=ORIENTED_EDGE('',*,*,#2152,.T.);
#760=ORIENTED_EDGE('',*,*,#2153,.T.);
#761=ORIENTED_EDGE('',*,*,#2154,.T.);
#762=ORIENTED_EDGE('',*,*,#2155,.T.);
#763=ORIENTED_EDGE('',*,*,#2156,.T.);
#764=ORIENTED_EDGE('',*,*,#2157,.T.);
#765=ORIENTED_EDGE('',*,*,#2134,.F.);
#766=ORIENTED_EDGE('',*,*,#2158,.F.);
#767=ORIENTED_EDGE('',*,*,#2133,.T.);
#768=ORIENTED_EDGE('',*,*,#2159,.T.);
#769=ORIENTED_EDGE('',*,*,#2160,.T.);
#770=ORIENTED_EDGE('',*,*,#2158,.T.);
#771=ORIENTED_EDGE('',*,*,#2161,.T.);
#772=ORIENTED_EDGE('',*,*,#2162,.T.);
#773=ORIENTED_EDGE('',*,*,#2131,.T.);
#774=ORIENTED_EDGE('',*,*,#2163,.F.);
#775=ORIENTED_EDGE('',*,*,#2145,.F.);
#776=ORIENTED_EDGE('',*,*,#2164,.T.);
#777=ORIENTED_EDGE('',*,*,#2165,.T.);
#778=ORIENTED_EDGE('',*,*,#2163,.T.);
#779=ORIENTED_EDGE('',*,*,#2166,.T.);
#780=ORIENTED_EDGE('',*,*,#2167,.T.);
#781=ORIENTED_EDGE('',*,*,#2143,.T.);
#782=ORIENTED_EDGE('',*,*,#2168,.F.);
#783=ORIENTED_EDGE('',*,*,#2142,.T.);
#784=ORIENTED_EDGE('',*,*,#2169,.T.);
#785=ORIENTED_EDGE('',*,*,#2170,.T.);
#786=ORIENTED_EDGE('',*,*,#2168,.T.);
#787=ORIENTED_EDGE('',*,*,#2171,.T.);
#788=ORIENTED_EDGE('',*,*,#2172,.T.);
#789=ORIENTED_EDGE('',*,*,#2140,.T.);
#790=ORIENTED_EDGE('',*,*,#2173,.F.);
#791=ORIENTED_EDGE('',*,*,#2139,.T.);
#792=ORIENTED_EDGE('',*,*,#2174,.T.);
#793=ORIENTED_EDGE('',*,*,#2175,.T.);
#794=ORIENTED_EDGE('',*,*,#2173,.T.);
#795=ORIENTED_EDGE('',*,*,#2176,.T.);
#796=ORIENTED_EDGE('',*,*,#2177,.T.);
#797=ORIENTED_EDGE('',*,*,#2137,.T.);
#798=ORIENTED_EDGE('',*,*,#2178,.F.);
#799=ORIENTED_EDGE('',*,*,#2136,.T.);
#800=ORIENTED_EDGE('',*,*,#2179,.T.);
#801=ORIENTED_EDGE('',*,*,#2180,.T.);
#802=ORIENTED_EDGE('',*,*,#2178,.T.);
#803=ORIENTED_EDGE('',*,*,#2181,.T.);
#804=ORIENTED_EDGE('',*,*,#2182,.T.);
#805=ORIENTED_EDGE('',*,*,#2183,.T.);
#806=ORIENTED_EDGE('',*,*,#2184,.T.);
#807=ORIENTED_EDGE('',*,*,#2185,.T.);
#808=ORIENTED_EDGE('',*,*,#2186,.T.);
#809=ORIENTED_EDGE('',*,*,#2187,.T.);
#810=ORIENTED_EDGE('',*,*,#2188,.T.);
#811=ORIENTED_EDGE('',*,*,#2189,.T.);
#812=ORIENTED_EDGE('',*,*,#2190,.T.);
#813=ORIENTED_EDGE('',*,*,#2146,.T.);
#814=ORIENTED_EDGE('',*,*,#2191,.F.);
#815=ORIENTED_EDGE('',*,*,#2192,.F.);
#816=ORIENTED_EDGE('',*,*,#2193,.T.);
#817=ORIENTED_EDGE('',*,*,#2147,.F.);
#818=ORIENTED_EDGE('',*,*,#2193,.F.);
#819=ORIENTED_EDGE('',*,*,#2194,.T.);
#820=ORIENTED_EDGE('',*,*,#2195,.T.);
#821=ORIENTED_EDGE('',*,*,#2148,.F.);
#822=ORIENTED_EDGE('',*,*,#2195,.F.);
#823=ORIENTED_EDGE('',*,*,#2196,.T.);
#824=ORIENTED_EDGE('',*,*,#2197,.T.);
#825=ORIENTED_EDGE('',*,*,#2149,.T.);
#826=ORIENTED_EDGE('',*,*,#2197,.F.);
#827=ORIENTED_EDGE('',*,*,#2198,.F.);
#828=ORIENTED_EDGE('',*,*,#2199,.T.);
#829=ORIENTED_EDGE('',*,*,#2150,.F.);
#830=ORIENTED_EDGE('',*,*,#2199,.F.);
#831=ORIENTED_EDGE('',*,*,#2200,.T.);
#832=ORIENTED_EDGE('',*,*,#2201,.T.);
#833=ORIENTED_EDGE('',*,*,#2151,.F.);
#834=ORIENTED_EDGE('',*,*,#2201,.F.);
#835=ORIENTED_EDGE('',*,*,#2202,.T.);
#836=ORIENTED_EDGE('',*,*,#2203,.T.);
#837=ORIENTED_EDGE('',*,*,#2152,.F.);
#838=ORIENTED_EDGE('',*,*,#2203,.F.);
#839=ORIENTED_EDGE('',*,*,#2204,.T.);
#840=ORIENTED_EDGE('',*,*,#2205,.T.);
#841=ORIENTED_EDGE('',*,*,#2153,.F.);
#842=ORIENTED_EDGE('',*,*,#2205,.F.);
#843=ORIENTED_EDGE('',*,*,#2206,.T.);
#844=ORIENTED_EDGE('',*,*,#2207,.T.);
#845=ORIENTED_EDGE('',*,*,#2154,.F.);
#846=ORIENTED_EDGE('',*,*,#2207,.F.);
#847=ORIENTED_EDGE('',*,*,#2208,.T.);
#848=ORIENTED_EDGE('',*,*,#2209,.T.);
#849=ORIENTED_EDGE('',*,*,#2155,.F.);
#850=ORIENTED_EDGE('',*,*,#2209,.F.);
#851=ORIENTED_EDGE('',*,*,#2210,.T.);
#852=ORIENTED_EDGE('',*,*,#2191,.T.);
#853=ORIENTED_EDGE('',*,*,#2192,.T.);
#854=ORIENTED_EDGE('',*,*,#2210,.F.);
#855=ORIENTED_EDGE('',*,*,#2208,.F.);
#856=ORIENTED_EDGE('',*,*,#2206,.F.);
#857=ORIENTED_EDGE('',*,*,#2204,.F.);
#858=ORIENTED_EDGE('',*,*,#2202,.F.);
#859=ORIENTED_EDGE('',*,*,#2200,.F.);
#860=ORIENTED_EDGE('',*,*,#2198,.T.);
#861=ORIENTED_EDGE('',*,*,#2196,.F.);
#862=ORIENTED_EDGE('',*,*,#2194,.F.);
#863=ORIENTED_EDGE('',*,*,#2186,.F.);
#864=ORIENTED_EDGE('',*,*,#2211,.T.);
#865=ORIENTED_EDGE('',*,*,#2161,.F.);
#866=ORIENTED_EDGE('',*,*,#2212,.F.);
#867=ORIENTED_EDGE('',*,*,#2165,.F.);
#868=ORIENTED_EDGE('',*,*,#2213,.T.);
#869=ORIENTED_EDGE('',*,*,#2187,.F.);
#870=ORIENTED_EDGE('',*,*,#2212,.T.);
#871=ORIENTED_EDGE('',*,*,#2160,.F.);
#872=ORIENTED_EDGE('',*,*,#2214,.T.);
#873=ORIENTED_EDGE('',*,*,#2185,.F.);
#874=ORIENTED_EDGE('',*,*,#2215,.F.);
#875=ORIENTED_EDGE('',*,*,#2188,.F.);
#876=ORIENTED_EDGE('',*,*,#2216,.T.);
#877=ORIENTED_EDGE('',*,*,#2166,.F.);
#878=ORIENTED_EDGE('',*,*,#2217,.F.);
#879=ORIENTED_EDGE('',*,*,#2184,.F.);
#880=ORIENTED_EDGE('',*,*,#2218,.T.);
#881=ORIENTED_EDGE('',*,*,#2156,.F.);
#882=ORIENTED_EDGE('',*,*,#2215,.T.);
#883=ORIENTED_EDGE('',*,*,#2170,.F.);
#884=ORIENTED_EDGE('',*,*,#2219,.T.);
#885=ORIENTED_EDGE('',*,*,#2189,.F.);
#886=ORIENTED_EDGE('',*,*,#2217,.T.);
#887=ORIENTED_EDGE('',*,*,#2180,.F.);
#888=ORIENTED_EDGE('',*,*,#2220,.T.);
#889=ORIENTED_EDGE('',*,*,#2183,.F.);
#890=ORIENTED_EDGE('',*,*,#2221,.F.);
#891=ORIENTED_EDGE('',*,*,#2190,.F.);
#892=ORIENTED_EDGE('',*,*,#2222,.T.);
#893=ORIENTED_EDGE('',*,*,#2171,.F.);
#894=ORIENTED_EDGE('',*,*,#2223,.F.);
#895=ORIENTED_EDGE('',*,*,#2182,.F.);
#896=ORIENTED_EDGE('',*,*,#2224,.T.);
#897=ORIENTED_EDGE('',*,*,#2176,.F.);
#898=ORIENTED_EDGE('',*,*,#2221,.T.);
#899=ORIENTED_EDGE('',*,*,#2175,.F.);
#900=ORIENTED_EDGE('',*,*,#2225,.T.);
#901=ORIENTED_EDGE('',*,*,#2181,.F.);
#902=ORIENTED_EDGE('',*,*,#2223,.T.);
#903=ORIENTED_EDGE('',*,*,#2211,.F.);
#904=ORIENTED_EDGE('',*,*,#2214,.F.);
#905=ORIENTED_EDGE('',*,*,#2226,.F.);
#906=ORIENTED_EDGE('',*,*,#2226,.T.);
#907=ORIENTED_EDGE('',*,*,#2159,.F.);
#908=ORIENTED_EDGE('',*,*,#2132,.F.);
#909=ORIENTED_EDGE('',*,*,#2162,.F.);
#910=ORIENTED_EDGE('',*,*,#2216,.F.);
#911=ORIENTED_EDGE('',*,*,#2213,.F.);
#912=ORIENTED_EDGE('',*,*,#2227,.F.);
#913=ORIENTED_EDGE('',*,*,#2227,.T.);
#914=ORIENTED_EDGE('',*,*,#2164,.F.);
#915=ORIENTED_EDGE('',*,*,#2144,.F.);
#916=ORIENTED_EDGE('',*,*,#2167,.F.);
#917=ORIENTED_EDGE('',*,*,#2222,.F.);
#918=ORIENTED_EDGE('',*,*,#2219,.F.);
#919=ORIENTED_EDGE('',*,*,#2228,.F.);
#920=ORIENTED_EDGE('',*,*,#2228,.T.);
#921=ORIENTED_EDGE('',*,*,#2169,.F.);
#922=ORIENTED_EDGE('',*,*,#2141,.F.);
#923=ORIENTED_EDGE('',*,*,#2172,.F.);
#924=ORIENTED_EDGE('',*,*,#2224,.F.);
#925=ORIENTED_EDGE('',*,*,#2225,.F.);
#926=ORIENTED_EDGE('',*,*,#2229,.F.);
#927=ORIENTED_EDGE('',*,*,#2229,.T.);
#928=ORIENTED_EDGE('',*,*,#2174,.F.);
#929=ORIENTED_EDGE('',*,*,#2138,.F.);
#930=ORIENTED_EDGE('',*,*,#2177,.F.);
#931=ORIENTED_EDGE('',*,*,#2218,.F.);
#932=ORIENTED_EDGE('',*,*,#2220,.F.);
#933=ORIENTED_EDGE('',*,*,#2230,.F.);
#934=ORIENTED_EDGE('',*,*,#2230,.T.);
#935=ORIENTED_EDGE('',*,*,#2179,.F.);
#936=ORIENTED_EDGE('',*,*,#2135,.F.);
#937=ORIENTED_EDGE('',*,*,#2157,.F.);
#938=ORIENTED_EDGE('',*,*,#2231,.F.);
#939=ORIENTED_EDGE('',*,*,#2232,.T.);
#940=ORIENTED_EDGE('',*,*,#2233,.T.);
#941=ORIENTED_EDGE('',*,*,#2234,.F.);
#942=ORIENTED_EDGE('',*,*,#2233,.F.);
#943=ORIENTED_EDGE('',*,*,#2235,.T.);
#944=ORIENTED_EDGE('',*,*,#2231,.T.);
#945=ORIENTED_EDGE('',*,*,#2236,.T.);
#946=ORIENTED_EDGE('',*,*,#2237,.T.);
#947=ORIENTED_EDGE('',*,*,#2238,.T.);
#948=ORIENTED_EDGE('',*,*,#2239,.T.);
#949=ORIENTED_EDGE('',*,*,#2240,.T.);
#950=ORIENTED_EDGE('',*,*,#2241,.T.);
#951=ORIENTED_EDGE('',*,*,#2234,.T.);
#952=ORIENTED_EDGE('',*,*,#2236,.F.);
#953=ORIENTED_EDGE('',*,*,#2238,.F.);
#954=ORIENTED_EDGE('',*,*,#2242,.F.);
#955=ORIENTED_EDGE('',*,*,#2232,.F.);
#956=ORIENTED_EDGE('',*,*,#2243,.F.);
#957=ORIENTED_EDGE('',*,*,#2239,.F.);
#958=ORIENTED_EDGE('',*,*,#2243,.T.);
#959=ORIENTED_EDGE('',*,*,#2235,.F.);
#960=ORIENTED_EDGE('',*,*,#2242,.T.);
#961=ORIENTED_EDGE('',*,*,#2240,.F.);
#962=ORIENTED_EDGE('',*,*,#2237,.F.);
#963=ORIENTED_EDGE('',*,*,#2241,.F.);
#964=ORIENTED_EDGE('',*,*,#2244,.F.);
#965=ORIENTED_EDGE('',*,*,#2245,.T.);
#966=ORIENTED_EDGE('',*,*,#2246,.T.);
#967=ORIENTED_EDGE('',*,*,#2247,.F.);
#968=ORIENTED_EDGE('',*,*,#2248,.F.);
#969=ORIENTED_EDGE('',*,*,#2249,.T.);
#970=ORIENTED_EDGE('',*,*,#2244,.T.);
#971=ORIENTED_EDGE('',*,*,#2250,.F.);
#972=ORIENTED_EDGE('',*,*,#2251,.F.);
#973=ORIENTED_EDGE('',*,*,#2252,.T.);
#974=ORIENTED_EDGE('',*,*,#2248,.T.);
#975=ORIENTED_EDGE('',*,*,#2253,.T.);
#976=ORIENTED_EDGE('',*,*,#2246,.F.);
#977=ORIENTED_EDGE('',*,*,#2254,.T.);
#978=ORIENTED_EDGE('',*,*,#2251,.T.);
#979=ORIENTED_EDGE('',*,*,#2255,.T.);
#980=ORIENTED_EDGE('',*,*,#2256,.T.);
#981=ORIENTED_EDGE('',*,*,#2257,.T.);
#982=ORIENTED_EDGE('',*,*,#2258,.T.);
#983=ORIENTED_EDGE('',*,*,#2259,.T.);
#984=ORIENTED_EDGE('',*,*,#2247,.T.);
#985=ORIENTED_EDGE('',*,*,#2255,.F.);
#986=ORIENTED_EDGE('',*,*,#2253,.F.);
#987=ORIENTED_EDGE('',*,*,#2250,.T.);
#988=ORIENTED_EDGE('',*,*,#2260,.F.);
#989=ORIENTED_EDGE('',*,*,#2249,.F.);
#990=ORIENTED_EDGE('',*,*,#2261,.F.);
#991=ORIENTED_EDGE('',*,*,#2259,.F.);
#992=ORIENTED_EDGE('',*,*,#2261,.T.);
#993=ORIENTED_EDGE('',*,*,#2252,.F.);
#994=ORIENTED_EDGE('',*,*,#2262,.F.);
#995=ORIENTED_EDGE('',*,*,#2256,.F.);
#996=ORIENTED_EDGE('',*,*,#2260,.T.);
#997=ORIENTED_EDGE('',*,*,#2258,.F.);
#998=ORIENTED_EDGE('',*,*,#2263,.F.);
#999=ORIENTED_EDGE('',*,*,#2245,.F.);
#1000=ORIENTED_EDGE('',*,*,#2262,.T.);
#1001=ORIENTED_EDGE('',*,*,#2254,.F.);
#1002=ORIENTED_EDGE('',*,*,#2263,.T.);
#1003=ORIENTED_EDGE('',*,*,#2257,.F.);
#1004=ORIENTED_EDGE('',*,*,#2264,.F.);
#1005=ORIENTED_EDGE('',*,*,#2265,.T.);
#1006=ORIENTED_EDGE('',*,*,#2266,.T.);
#1007=ORIENTED_EDGE('',*,*,#2267,.F.);
#1008=ORIENTED_EDGE('',*,*,#2268,.F.);
#1009=ORIENTED_EDGE('',*,*,#2269,.T.);
#1010=ORIENTED_EDGE('',*,*,#2264,.T.);
#1011=ORIENTED_EDGE('',*,*,#2270,.F.);
#1012=ORIENTED_EDGE('',*,*,#2271,.F.);
#1013=ORIENTED_EDGE('',*,*,#2272,.T.);
#1014=ORIENTED_EDGE('',*,*,#2268,.T.);
#1015=ORIENTED_EDGE('',*,*,#2273,.T.);
#1016=ORIENTED_EDGE('',*,*,#2266,.F.);
#1017=ORIENTED_EDGE('',*,*,#2274,.T.);
#1018=ORIENTED_EDGE('',*,*,#2271,.T.);
#1019=ORIENTED_EDGE('',*,*,#2275,.T.);
#1020=ORIENTED_EDGE('',*,*,#2276,.T.);
#1021=ORIENTED_EDGE('',*,*,#2277,.T.);
#1022=ORIENTED_EDGE('',*,*,#2278,.T.);
#1023=ORIENTED_EDGE('',*,*,#2279,.T.);
#1024=ORIENTED_EDGE('',*,*,#2267,.T.);
#1025=ORIENTED_EDGE('',*,*,#2275,.F.);
#1026=ORIENTED_EDGE('',*,*,#2273,.F.);
#1027=ORIENTED_EDGE('',*,*,#2270,.T.);
#1028=ORIENTED_EDGE('',*,*,#2280,.F.);
#1029=ORIENTED_EDGE('',*,*,#2269,.F.);
#1030=ORIENTED_EDGE('',*,*,#2281,.F.);
#1031=ORIENTED_EDGE('',*,*,#2279,.F.);
#1032=ORIENTED_EDGE('',*,*,#2281,.T.);
#1033=ORIENTED_EDGE('',*,*,#2272,.F.);
#1034=ORIENTED_EDGE('',*,*,#2282,.F.);
#1035=ORIENTED_EDGE('',*,*,#2276,.F.);
#1036=ORIENTED_EDGE('',*,*,#2280,.T.);
#1037=ORIENTED_EDGE('',*,*,#2278,.F.);
#1038=ORIENTED_EDGE('',*,*,#2283,.F.);
#1039=ORIENTED_EDGE('',*,*,#2265,.F.);
#1040=ORIENTED_EDGE('',*,*,#2282,.T.);
#1041=ORIENTED_EDGE('',*,*,#2274,.F.);
#1042=ORIENTED_EDGE('',*,*,#2283,.T.);
#1043=ORIENTED_EDGE('',*,*,#2277,.F.);
#1044=ORIENTED_EDGE('',*,*,#2284,.F.);
#1045=ORIENTED_EDGE('',*,*,#2285,.F.);
#1046=ORIENTED_EDGE('',*,*,#2286,.T.);
#1047=ORIENTED_EDGE('',*,*,#2287,.T.);
#1048=ORIENTED_EDGE('',*,*,#2288,.T.);
#1049=ORIENTED_EDGE('',*,*,#2289,.T.);
#1050=ORIENTED_EDGE('',*,*,#2290,.F.);
#1051=ORIENTED_EDGE('',*,*,#2291,.F.);
#1052=ORIENTED_EDGE('',*,*,#2292,.T.);
#1053=ORIENTED_EDGE('',*,*,#2293,.F.);
#1054=ORIENTED_EDGE('',*,*,#2294,.F.);
#1055=ORIENTED_EDGE('',*,*,#2285,.T.);
#1056=ORIENTED_EDGE('',*,*,#2295,.T.);
#1057=ORIENTED_EDGE('',*,*,#2296,.F.);
#1058=ORIENTED_EDGE('',*,*,#2297,.F.);
#1059=ORIENTED_EDGE('',*,*,#2293,.T.);
#1060=ORIENTED_EDGE('',*,*,#2298,.F.);
#1061=ORIENTED_EDGE('',*,*,#2287,.F.);
#1062=ORIENTED_EDGE('',*,*,#2299,.T.);
#1063=ORIENTED_EDGE('',*,*,#2296,.T.);
#1064=ORIENTED_EDGE('',*,*,#2300,.F.);
#1065=ORIENTED_EDGE('',*,*,#2294,.T.);
#1066=ORIENTED_EDGE('',*,*,#2297,.T.);
#1067=ORIENTED_EDGE('',*,*,#2299,.F.);
#1068=ORIENTED_EDGE('',*,*,#2286,.F.);
#1069=ORIENTED_EDGE('',*,*,#2292,.F.);
#1070=ORIENTED_EDGE('',*,*,#2284,.T.);
#1071=ORIENTED_EDGE('',*,*,#2298,.T.);
#1072=ORIENTED_EDGE('',*,*,#2295,.F.);
#1073=ORIENTED_EDGE('',*,*,#2301,.F.);
#1074=ORIENTED_EDGE('',*,*,#2300,.T.);
#1075=ORIENTED_EDGE('',*,*,#2301,.T.);
#1076=ORIENTED_EDGE('',*,*,#2302,.F.);
#1077=ORIENTED_EDGE('',*,*,#2288,.F.);
#1078=ORIENTED_EDGE('',*,*,#2303,.T.);
#1079=ORIENTED_EDGE('',*,*,#2304,.T.);
#1080=ORIENTED_EDGE('',*,*,#2305,.F.);
#1081=ORIENTED_EDGE('',*,*,#2304,.F.);
#1082=ORIENTED_EDGE('',*,*,#2306,.T.);
#1083=ORIENTED_EDGE('',*,*,#2307,.T.);
#1084=ORIENTED_EDGE('',*,*,#2308,.T.);
#1085=ORIENTED_EDGE('',*,*,#2307,.F.);
#1086=ORIENTED_EDGE('',*,*,#2309,.F.);
#1087=ORIENTED_EDGE('',*,*,#2290,.T.);
#1088=ORIENTED_EDGE('',*,*,#2303,.F.);
#1089=ORIENTED_EDGE('',*,*,#2291,.T.);
#1090=ORIENTED_EDGE('',*,*,#2309,.T.);
#1091=ORIENTED_EDGE('',*,*,#2306,.F.);
#1092=ORIENTED_EDGE('',*,*,#2302,.T.);
#1093=ORIENTED_EDGE('',*,*,#2305,.T.);
#1094=ORIENTED_EDGE('',*,*,#2308,.F.);
#1095=ORIENTED_EDGE('',*,*,#2289,.F.);
#1096=ORIENTED_EDGE('',*,*,#2310,.F.);
#1097=ORIENTED_EDGE('',*,*,#2311,.T.);
#1098=ORIENTED_EDGE('',*,*,#2312,.T.);
#1099=ORIENTED_EDGE('',*,*,#2313,.F.);
#1100=ORIENTED_EDGE('',*,*,#2314,.F.);
#1101=ORIENTED_EDGE('',*,*,#2315,.T.);
#1102=ORIENTED_EDGE('',*,*,#2310,.T.);
#1103=ORIENTED_EDGE('',*,*,#2316,.F.);
#1104=ORIENTED_EDGE('',*,*,#2317,.F.);
#1105=ORIENTED_EDGE('',*,*,#2318,.T.);
#1106=ORIENTED_EDGE('',*,*,#2314,.T.);
#1107=ORIENTED_EDGE('',*,*,#2319,.T.);
#1108=ORIENTED_EDGE('',*,*,#2312,.F.);
#1109=ORIENTED_EDGE('',*,*,#2320,.T.);
#1110=ORIENTED_EDGE('',*,*,#2317,.T.);
#1111=ORIENTED_EDGE('',*,*,#2321,.T.);
#1112=ORIENTED_EDGE('',*,*,#2322,.T.);
#1113=ORIENTED_EDGE('',*,*,#2323,.T.);
#1114=ORIENTED_EDGE('',*,*,#2324,.T.);
#1115=ORIENTED_EDGE('',*,*,#2325,.T.);
#1116=ORIENTED_EDGE('',*,*,#2313,.T.);
#1117=ORIENTED_EDGE('',*,*,#2321,.F.);
#1118=ORIENTED_EDGE('',*,*,#2319,.F.);
#1119=ORIENTED_EDGE('',*,*,#2316,.T.);
#1120=ORIENTED_EDGE('',*,*,#2326,.F.);
#1121=ORIENTED_EDGE('',*,*,#2315,.F.);
#1122=ORIENTED_EDGE('',*,*,#2327,.F.);
#1123=ORIENTED_EDGE('',*,*,#2325,.F.);
#1124=ORIENTED_EDGE('',*,*,#2327,.T.);
#1125=ORIENTED_EDGE('',*,*,#2318,.F.);
#1126=ORIENTED_EDGE('',*,*,#2328,.F.);
#1127=ORIENTED_EDGE('',*,*,#2322,.F.);
#1128=ORIENTED_EDGE('',*,*,#2326,.T.);
#1129=ORIENTED_EDGE('',*,*,#2324,.F.);
#1130=ORIENTED_EDGE('',*,*,#2329,.F.);
#1131=ORIENTED_EDGE('',*,*,#2311,.F.);
#1132=ORIENTED_EDGE('',*,*,#2328,.T.);
#1133=ORIENTED_EDGE('',*,*,#2320,.F.);
#1134=ORIENTED_EDGE('',*,*,#2329,.T.);
#1135=ORIENTED_EDGE('',*,*,#2323,.F.);
#1136=ORIENTED_EDGE('',*,*,#2330,.F.);
#1137=ORIENTED_EDGE('',*,*,#2331,.F.);
#1138=ORIENTED_EDGE('',*,*,#2332,.T.);
#1139=ORIENTED_EDGE('',*,*,#2333,.T.);
#1140=ORIENTED_EDGE('',*,*,#2334,.F.);
#1141=ORIENTED_EDGE('',*,*,#2335,.F.);
#1142=ORIENTED_EDGE('',*,*,#2336,.T.);
#1143=ORIENTED_EDGE('',*,*,#2331,.T.);
#1144=ORIENTED_EDGE('',*,*,#2337,.T.);
#1145=ORIENTED_EDGE('',*,*,#2338,.F.);
#1146=ORIENTED_EDGE('',*,*,#2339,.F.);
#1147=ORIENTED_EDGE('',*,*,#2335,.T.);
#1148=ORIENTED_EDGE('',*,*,#2340,.T.);
#1149=ORIENTED_EDGE('',*,*,#2333,.F.);
#1150=ORIENTED_EDGE('',*,*,#2341,.F.);
#1151=ORIENTED_EDGE('',*,*,#2338,.T.);
#1152=ORIENTED_EDGE('',*,*,#2332,.F.);
#1153=ORIENTED_EDGE('',*,*,#2336,.F.);
#1154=ORIENTED_EDGE('',*,*,#2339,.T.);
#1155=ORIENTED_EDGE('',*,*,#2341,.T.);
#1156=ORIENTED_EDGE('',*,*,#2330,.T.);
#1157=ORIENTED_EDGE('',*,*,#2340,.F.);
#1158=ORIENTED_EDGE('',*,*,#2337,.F.);
#1159=ORIENTED_EDGE('',*,*,#2334,.T.);
#1160=ORIENTED_EDGE('',*,*,#2342,.F.);
#1161=ORIENTED_EDGE('',*,*,#2343,.F.);
#1162=ORIENTED_EDGE('',*,*,#2344,.T.);
#1163=ORIENTED_EDGE('',*,*,#2345,.T.);
#1164=ORIENTED_EDGE('',*,*,#2346,.F.);
#1165=ORIENTED_EDGE('',*,*,#2347,.F.);
#1166=ORIENTED_EDGE('',*,*,#2348,.T.);
#1167=ORIENTED_EDGE('',*,*,#2343,.T.);
#1168=ORIENTED_EDGE('',*,*,#2349,.T.);
#1169=ORIENTED_EDGE('',*,*,#2350,.F.);
#1170=ORIENTED_EDGE('',*,*,#2351,.F.);
#1171=ORIENTED_EDGE('',*,*,#2347,.T.);
#1172=ORIENTED_EDGE('',*,*,#2352,.T.);
#1173=ORIENTED_EDGE('',*,*,#2345,.F.);
#1174=ORIENTED_EDGE('',*,*,#2353,.F.);
#1175=ORIENTED_EDGE('',*,*,#2350,.T.);
#1176=ORIENTED_EDGE('',*,*,#2344,.F.);
#1177=ORIENTED_EDGE('',*,*,#2348,.F.);
#1178=ORIENTED_EDGE('',*,*,#2351,.T.);
#1179=ORIENTED_EDGE('',*,*,#2353,.T.);
#1180=ORIENTED_EDGE('',*,*,#2342,.T.);
#1181=ORIENTED_EDGE('',*,*,#2352,.F.);
#1182=ORIENTED_EDGE('',*,*,#2349,.F.);
#1183=ORIENTED_EDGE('',*,*,#2346,.T.);
#1184=ORIENTED_EDGE('',*,*,#2354,.F.);
#1185=ORIENTED_EDGE('',*,*,#2355,.F.);
#1186=ORIENTED_EDGE('',*,*,#2356,.F.);
#1187=ORIENTED_EDGE('',*,*,#2357,.F.);
#1188=ORIENTED_EDGE('',*,*,#2358,.F.);
#1189=ORIENTED_EDGE('',*,*,#2359,.F.);
#1190=ORIENTED_EDGE('',*,*,#2360,.F.);
#1191=ORIENTED_EDGE('',*,*,#2361,.F.);
#1192=ORIENTED_EDGE('',*,*,#2362,.F.);
#1193=ORIENTED_EDGE('',*,*,#2363,.F.);
#1194=ORIENTED_EDGE('',*,*,#2364,.F.);
#1195=ORIENTED_EDGE('',*,*,#2365,.F.);
#1196=ORIENTED_EDGE('',*,*,#2366,.F.);
#1197=ORIENTED_EDGE('',*,*,#2367,.F.);
#1198=ORIENTED_EDGE('',*,*,#2368,.F.);
#1199=ORIENTED_EDGE('',*,*,#2369,.F.);
#1200=ORIENTED_EDGE('',*,*,#2370,.T.);
#1201=ORIENTED_EDGE('',*,*,#2371,.T.);
#1202=ORIENTED_EDGE('',*,*,#2372,.F.);
#1203=ORIENTED_EDGE('',*,*,#2373,.T.);
#1204=ORIENTED_EDGE('',*,*,#2374,.T.);
#1205=ORIENTED_EDGE('',*,*,#2375,.F.);
#1206=ORIENTED_EDGE('',*,*,#2376,.T.);
#1207=ORIENTED_EDGE('',*,*,#2377,.T.);
#1208=ORIENTED_EDGE('',*,*,#2378,.F.);
#1209=ORIENTED_EDGE('',*,*,#2379,.T.);
#1210=ORIENTED_EDGE('',*,*,#2380,.T.);
#1211=ORIENTED_EDGE('',*,*,#2381,.F.);
#1212=ORIENTED_EDGE('',*,*,#2382,.T.);
#1213=ORIENTED_EDGE('',*,*,#2383,.T.);
#1214=ORIENTED_EDGE('',*,*,#2384,.T.);
#1215=ORIENTED_EDGE('',*,*,#2385,.T.);
#1216=ORIENTED_EDGE('',*,*,#2386,.F.);
#1217=ORIENTED_EDGE('',*,*,#2387,.T.);
#1218=ORIENTED_EDGE('',*,*,#2388,.F.);
#1219=ORIENTED_EDGE('',*,*,#2389,.T.);
#1220=ORIENTED_EDGE('',*,*,#2390,.T.);
#1221=ORIENTED_EDGE('',*,*,#2391,.T.);
#1222=ORIENTED_EDGE('',*,*,#2392,.T.);
#1223=ORIENTED_EDGE('',*,*,#2393,.T.);
#1224=ORIENTED_EDGE('',*,*,#2394,.F.);
#1225=ORIENTED_EDGE('',*,*,#2395,.T.);
#1226=ORIENTED_EDGE('',*,*,#2396,.F.);
#1227=ORIENTED_EDGE('',*,*,#2397,.T.);
#1228=ORIENTED_EDGE('',*,*,#2398,.T.);
#1229=ORIENTED_EDGE('',*,*,#2399,.T.);
#1230=ORIENTED_EDGE('',*,*,#2400,.T.);
#1231=ORIENTED_EDGE('',*,*,#2401,.T.);
#1232=ORIENTED_EDGE('',*,*,#2402,.F.);
#1233=ORIENTED_EDGE('',*,*,#2403,.T.);
#1234=ORIENTED_EDGE('',*,*,#2404,.F.);
#1235=ORIENTED_EDGE('',*,*,#2405,.T.);
#1236=ORIENTED_EDGE('',*,*,#2406,.T.);
#1237=ORIENTED_EDGE('',*,*,#2407,.T.);
#1238=ORIENTED_EDGE('',*,*,#2408,.T.);
#1239=ORIENTED_EDGE('',*,*,#2409,.T.);
#1240=ORIENTED_EDGE('',*,*,#2410,.F.);
#1241=ORIENTED_EDGE('',*,*,#2411,.T.);
#1242=ORIENTED_EDGE('',*,*,#2412,.F.);
#1243=ORIENTED_EDGE('',*,*,#2413,.T.);
#1244=ORIENTED_EDGE('',*,*,#2414,.T.);
#1245=ORIENTED_EDGE('',*,*,#2415,.T.);
#1246=ORIENTED_EDGE('',*,*,#2416,.T.);
#1247=ORIENTED_EDGE('',*,*,#2417,.T.);
#1248=ORIENTED_EDGE('',*,*,#2418,.F.);
#1249=ORIENTED_EDGE('',*,*,#2419,.T.);
#1250=ORIENTED_EDGE('',*,*,#2420,.F.);
#1251=ORIENTED_EDGE('',*,*,#2421,.T.);
#1252=ORIENTED_EDGE('',*,*,#2422,.T.);
#1253=ORIENTED_EDGE('',*,*,#2423,.T.);
#1254=ORIENTED_EDGE('',*,*,#2412,.T.);
#1255=ORIENTED_EDGE('',*,*,#2424,.T.);
#1256=ORIENTED_EDGE('',*,*,#2410,.T.);
#1257=ORIENTED_EDGE('',*,*,#2425,.T.);
#1258=ORIENTED_EDGE('',*,*,#2404,.T.);
#1259=ORIENTED_EDGE('',*,*,#2426,.T.);
#1260=ORIENTED_EDGE('',*,*,#2402,.T.);
#1261=ORIENTED_EDGE('',*,*,#2427,.T.);
#1262=ORIENTED_EDGE('',*,*,#2396,.T.);
#1263=ORIENTED_EDGE('',*,*,#2428,.T.);
#1264=ORIENTED_EDGE('',*,*,#2394,.T.);
#1265=ORIENTED_EDGE('',*,*,#2429,.T.);
#1266=ORIENTED_EDGE('',*,*,#2388,.T.);
#1267=ORIENTED_EDGE('',*,*,#2430,.T.);
#1268=ORIENTED_EDGE('',*,*,#2386,.T.);
#1269=ORIENTED_EDGE('',*,*,#2431,.T.);
#1270=ORIENTED_EDGE('',*,*,#2420,.T.);
#1271=ORIENTED_EDGE('',*,*,#2432,.T.);
#1272=ORIENTED_EDGE('',*,*,#2418,.T.);
#1273=ORIENTED_EDGE('',*,*,#2433,.T.);
#1274=ORIENTED_EDGE('',*,*,#2384,.F.);
#1275=ORIENTED_EDGE('',*,*,#2434,.T.);
#1276=ORIENTED_EDGE('',*,*,#2371,.F.);
#1277=ORIENTED_EDGE('',*,*,#2361,.T.);
#1278=ORIENTED_EDGE('',*,*,#2435,.T.);
#1279=ORIENTED_EDGE('',*,*,#2422,.F.);
#1280=ORIENTED_EDGE('',*,*,#2436,.T.);
#1281=ORIENTED_EDGE('',*,*,#2362,.T.);
#1282=ORIENTED_EDGE('',*,*,#2370,.F.);
#1283=ORIENTED_EDGE('',*,*,#2437,.T.);
#1284=ORIENTED_EDGE('',*,*,#2390,.F.);
#1285=ORIENTED_EDGE('',*,*,#2438,.T.);
#1286=ORIENTED_EDGE('',*,*,#2365,.T.);
#1287=ORIENTED_EDGE('',*,*,#2373,.F.);
#1288=ORIENTED_EDGE('',*,*,#2439,.T.);
#1289=ORIENTED_EDGE('',*,*,#2416,.F.);
#1290=ORIENTED_EDGE('',*,*,#2440,.T.);
#1291=ORIENTED_EDGE('',*,*,#2383,.F.);
#1292=ORIENTED_EDGE('',*,*,#2355,.T.);
#1293=ORIENTED_EDGE('',*,*,#2441,.T.);
#1294=ORIENTED_EDGE('',*,*,#2392,.F.);
#1295=ORIENTED_EDGE('',*,*,#2442,.T.);
#1296=ORIENTED_EDGE('',*,*,#2374,.F.);
#1297=ORIENTED_EDGE('',*,*,#2364,.T.);
#1298=ORIENTED_EDGE('',*,*,#2443,.T.);
#1299=ORIENTED_EDGE('',*,*,#2414,.F.);
#1300=ORIENTED_EDGE('',*,*,#2444,.T.);
#1301=ORIENTED_EDGE('',*,*,#2356,.T.);
#1302=ORIENTED_EDGE('',*,*,#2382,.F.);
#1303=ORIENTED_EDGE('',*,*,#2445,.T.);
#1304=ORIENTED_EDGE('',*,*,#2398,.F.);
#1305=ORIENTED_EDGE('',*,*,#2446,.T.);
#1306=ORIENTED_EDGE('',*,*,#2368,.T.);
#1307=ORIENTED_EDGE('',*,*,#2376,.F.);
#1308=ORIENTED_EDGE('',*,*,#2447,.T.);
#1309=ORIENTED_EDGE('',*,*,#2408,.F.);
#1310=ORIENTED_EDGE('',*,*,#2448,.T.);
#1311=ORIENTED_EDGE('',*,*,#2380,.F.);
#1312=ORIENTED_EDGE('',*,*,#2358,.T.);
#1313=ORIENTED_EDGE('',*,*,#2449,.T.);
#1314=ORIENTED_EDGE('',*,*,#2400,.F.);
#1315=ORIENTED_EDGE('',*,*,#2450,.T.);
#1316=ORIENTED_EDGE('',*,*,#2377,.F.);
#1317=ORIENTED_EDGE('',*,*,#2367,.T.);
#1318=ORIENTED_EDGE('',*,*,#2451,.T.);
#1319=ORIENTED_EDGE('',*,*,#2406,.F.);
#1320=ORIENTED_EDGE('',*,*,#2452,.T.);
#1321=ORIENTED_EDGE('',*,*,#2359,.T.);
#1322=ORIENTED_EDGE('',*,*,#2379,.F.);
#1323=ORIENTED_EDGE('',*,*,#2453,.T.);
#1324=ORIENTED_EDGE('',*,*,#2432,.F.);
#1325=ORIENTED_EDGE('',*,*,#2423,.F.);
#1326=ORIENTED_EDGE('',*,*,#2454,.F.);
#1327=ORIENTED_EDGE('',*,*,#2419,.F.);
#1328=ORIENTED_EDGE('',*,*,#2437,.F.);
#1329=ORIENTED_EDGE('',*,*,#2369,.T.);
#1330=ORIENTED_EDGE('',*,*,#2440,.F.);
#1331=ORIENTED_EDGE('',*,*,#2454,.T.);
#1332=ORIENTED_EDGE('',*,*,#2430,.F.);
#1333=ORIENTED_EDGE('',*,*,#2391,.F.);
#1334=ORIENTED_EDGE('',*,*,#2455,.F.);
#1335=ORIENTED_EDGE('',*,*,#2387,.F.);
#1336=ORIENTED_EDGE('',*,*,#2434,.F.);
#1337=ORIENTED_EDGE('',*,*,#2455,.T.);
#1338=ORIENTED_EDGE('',*,*,#2439,.F.);
#1339=ORIENTED_EDGE('',*,*,#2372,.T.);
#1340=ORIENTED_EDGE('',*,*,#2428,.F.);
#1341=ORIENTED_EDGE('',*,*,#2399,.F.);
#1342=ORIENTED_EDGE('',*,*,#2456,.F.);
#1343=ORIENTED_EDGE('',*,*,#2395,.F.);
#1344=ORIENTED_EDGE('',*,*,#2442,.F.);
#1345=ORIENTED_EDGE('',*,*,#2456,.T.);
#1346=ORIENTED_EDGE('',*,*,#2447,.F.);
#1347=ORIENTED_EDGE('',*,*,#2375,.T.);
#1348=ORIENTED_EDGE('',*,*,#2426,.F.);
#1349=ORIENTED_EDGE('',*,*,#2407,.F.);
#1350=ORIENTED_EDGE('',*,*,#2457,.F.);
#1351=ORIENTED_EDGE('',*,*,#2403,.F.);
#1352=ORIENTED_EDGE('',*,*,#2450,.F.);
#1353=ORIENTED_EDGE('',*,*,#2457,.T.);
#1354=ORIENTED_EDGE('',*,*,#2453,.F.);
#1355=ORIENTED_EDGE('',*,*,#2378,.T.);
#1356=ORIENTED_EDGE('',*,*,#2424,.F.);
#1357=ORIENTED_EDGE('',*,*,#2415,.F.);
#1358=ORIENTED_EDGE('',*,*,#2458,.F.);
#1359=ORIENTED_EDGE('',*,*,#2411,.F.);
#1360=ORIENTED_EDGE('',*,*,#2445,.F.);
#1361=ORIENTED_EDGE('',*,*,#2381,.T.);
#1362=ORIENTED_EDGE('',*,*,#2448,.F.);
#1363=ORIENTED_EDGE('',*,*,#2458,.T.);
#1364=ORIENTED_EDGE('',*,*,#2451,.F.);
#1365=ORIENTED_EDGE('',*,*,#2366,.T.);
#1366=ORIENTED_EDGE('',*,*,#2446,.F.);
#1367=ORIENTED_EDGE('',*,*,#2459,.F.);
#1368=ORIENTED_EDGE('',*,*,#2459,.T.);
#1369=ORIENTED_EDGE('',*,*,#2397,.F.);
#1370=ORIENTED_EDGE('',*,*,#2427,.F.);
#1371=ORIENTED_EDGE('',*,*,#2401,.F.);
#1372=ORIENTED_EDGE('',*,*,#2443,.F.);
#1373=ORIENTED_EDGE('',*,*,#2363,.T.);
#1374=ORIENTED_EDGE('',*,*,#2438,.F.);
#1375=ORIENTED_EDGE('',*,*,#2460,.F.);
#1376=ORIENTED_EDGE('',*,*,#2460,.T.);
#1377=ORIENTED_EDGE('',*,*,#2389,.F.);
#1378=ORIENTED_EDGE('',*,*,#2429,.F.);
#1379=ORIENTED_EDGE('',*,*,#2393,.F.);
#1380=ORIENTED_EDGE('',*,*,#2435,.F.);
#1381=ORIENTED_EDGE('',*,*,#2360,.T.);
#1382=ORIENTED_EDGE('',*,*,#2436,.F.);
#1383=ORIENTED_EDGE('',*,*,#2461,.F.);
#1384=ORIENTED_EDGE('',*,*,#2461,.T.);
#1385=ORIENTED_EDGE('',*,*,#2421,.F.);
#1386=ORIENTED_EDGE('',*,*,#2431,.F.);
#1387=ORIENTED_EDGE('',*,*,#2385,.F.);
#1388=ORIENTED_EDGE('',*,*,#2449,.F.);
#1389=ORIENTED_EDGE('',*,*,#2357,.T.);
#1390=ORIENTED_EDGE('',*,*,#2452,.F.);
#1391=ORIENTED_EDGE('',*,*,#2462,.F.);
#1392=ORIENTED_EDGE('',*,*,#2462,.T.);
#1393=ORIENTED_EDGE('',*,*,#2405,.F.);
#1394=ORIENTED_EDGE('',*,*,#2425,.F.);
#1395=ORIENTED_EDGE('',*,*,#2409,.F.);
#1396=ORIENTED_EDGE('',*,*,#2441,.F.);
#1397=ORIENTED_EDGE('',*,*,#2354,.T.);
#1398=ORIENTED_EDGE('',*,*,#2444,.F.);
#1399=ORIENTED_EDGE('',*,*,#2463,.F.);
#1400=ORIENTED_EDGE('',*,*,#2463,.T.);
#1401=ORIENTED_EDGE('',*,*,#2413,.F.);
#1402=ORIENTED_EDGE('',*,*,#2433,.F.);
#1403=ORIENTED_EDGE('',*,*,#2417,.F.);
#1404=ORIENTED_EDGE('',*,*,#2464,.F.);
#1405=ORIENTED_EDGE('',*,*,#2465,.T.);
#1406=ORIENTED_EDGE('',*,*,#2466,.T.);
#1407=ORIENTED_EDGE('',*,*,#2467,.F.);
#1408=ORIENTED_EDGE('',*,*,#2468,.T.);
#1409=ORIENTED_EDGE('',*,*,#2469,.T.);
#1410=ORIENTED_EDGE('',*,*,#2470,.T.);
#1411=ORIENTED_EDGE('',*,*,#2471,.T.);
#1412=ORIENTED_EDGE('',*,*,#2472,.T.);
#1413=ORIENTED_EDGE('',*,*,#2473,.F.);
#1414=ORIENTED_EDGE('',*,*,#2474,.F.);
#1415=ORIENTED_EDGE('',*,*,#2475,.F.);
#1416=ORIENTED_EDGE('',*,*,#2476,.T.);
#1417=ORIENTED_EDGE('',*,*,#2477,.T.);
#1418=ORIENTED_EDGE('',*,*,#2478,.F.);
#1419=ORIENTED_EDGE('',*,*,#2479,.T.);
#1420=ORIENTED_EDGE('',*,*,#2480,.T.);
#1421=ORIENTED_EDGE('',*,*,#2481,.F.);
#1422=ORIENTED_EDGE('',*,*,#2482,.F.);
#1423=ORIENTED_EDGE('',*,*,#2483,.F.);
#1424=ORIENTED_EDGE('',*,*,#2484,.F.);
#1425=ORIENTED_EDGE('',*,*,#2485,.T.);
#1426=ORIENTED_EDGE('',*,*,#2486,.T.);
#1427=ORIENTED_EDGE('',*,*,#2487,.T.);
#1428=ORIENTED_EDGE('',*,*,#2488,.F.);
#1429=ORIENTED_EDGE('',*,*,#2489,.F.);
#1430=ORIENTED_EDGE('',*,*,#2490,.T.);
#1431=ORIENTED_EDGE('',*,*,#2491,.F.);
#1432=ORIENTED_EDGE('',*,*,#2492,.F.);
#1433=ORIENTED_EDGE('',*,*,#2493,.T.);
#1434=ORIENTED_EDGE('',*,*,#2494,.T.);
#1435=ORIENTED_EDGE('',*,*,#2495,.F.);
#1436=ORIENTED_EDGE('',*,*,#2496,.F.);
#1437=ORIENTED_EDGE('',*,*,#2497,.T.);
#1438=ORIENTED_EDGE('',*,*,#2498,.T.);
#1439=ORIENTED_EDGE('',*,*,#2499,.F.);
#1440=ORIENTED_EDGE('',*,*,#2471,.F.);
#1441=ORIENTED_EDGE('',*,*,#2500,.F.);
#1442=ORIENTED_EDGE('',*,*,#2501,.T.);
#1443=ORIENTED_EDGE('',*,*,#2502,.T.);
#1444=ORIENTED_EDGE('',*,*,#2474,.T.);
#1445=ORIENTED_EDGE('',*,*,#2503,.F.);
#1446=ORIENTED_EDGE('',*,*,#2504,.F.);
#1447=ORIENTED_EDGE('',*,*,#2500,.T.);
#1448=ORIENTED_EDGE('',*,*,#2473,.T.);
#1449=ORIENTED_EDGE('',*,*,#2505,.F.);
#1450=ORIENTED_EDGE('',*,*,#2506,.F.);
#1451=ORIENTED_EDGE('',*,*,#2503,.T.);
#1452=ORIENTED_EDGE('',*,*,#2472,.F.);
#1453=ORIENTED_EDGE('',*,*,#2502,.F.);
#1454=ORIENTED_EDGE('',*,*,#2507,.T.);
#1455=ORIENTED_EDGE('',*,*,#2505,.T.);
#1456=ORIENTED_EDGE('',*,*,#2508,.F.);
#1457=ORIENTED_EDGE('',*,*,#2509,.T.);
#1458=ORIENTED_EDGE('',*,*,#2510,.F.);
#1459=ORIENTED_EDGE('',*,*,#2511,.F.);
#1460=ORIENTED_EDGE('',*,*,#2501,.F.);
#1461=ORIENTED_EDGE('',*,*,#2504,.T.);
#1462=ORIENTED_EDGE('',*,*,#2506,.T.);
#1463=ORIENTED_EDGE('',*,*,#2507,.F.);
#1464=ORIENTED_EDGE('',*,*,#2508,.T.);
#1465=ORIENTED_EDGE('',*,*,#2512,.F.);
#1466=ORIENTED_EDGE('',*,*,#2485,.F.);
#1467=ORIENTED_EDGE('',*,*,#2513,.T.);
#1468=ORIENTED_EDGE('',*,*,#2511,.T.);
#1469=ORIENTED_EDGE('',*,*,#2514,.F.);
#1470=ORIENTED_EDGE('',*,*,#2486,.F.);
#1471=ORIENTED_EDGE('',*,*,#2512,.T.);
#1472=ORIENTED_EDGE('',*,*,#2510,.T.);
#1473=ORIENTED_EDGE('',*,*,#2515,.F.);
#1474=ORIENTED_EDGE('',*,*,#2487,.F.);
#1475=ORIENTED_EDGE('',*,*,#2514,.T.);
#1476=ORIENTED_EDGE('',*,*,#2509,.F.);
#1477=ORIENTED_EDGE('',*,*,#2513,.F.);
#1478=ORIENTED_EDGE('',*,*,#2488,.T.);
#1479=ORIENTED_EDGE('',*,*,#2515,.T.);
#1480=ORIENTED_EDGE('',*,*,#2475,.T.);
#1481=ORIENTED_EDGE('',*,*,#2516,.T.);
#1482=ORIENTED_EDGE('',*,*,#2490,.F.);
#1483=ORIENTED_EDGE('',*,*,#2517,.F.);
#1484=ORIENTED_EDGE('',*,*,#2517,.T.);
#1485=ORIENTED_EDGE('',*,*,#2489,.T.);
#1486=ORIENTED_EDGE('',*,*,#2518,.F.);
#1487=ORIENTED_EDGE('',*,*,#2476,.F.);
#1488=ORIENTED_EDGE('',*,*,#2518,.T.);
#1489=ORIENTED_EDGE('',*,*,#2491,.T.);
#1490=ORIENTED_EDGE('',*,*,#2516,.F.);
#1491=ORIENTED_EDGE('',*,*,#2477,.F.);
#1492=ORIENTED_EDGE('',*,*,#2519,.T.);
#1493=ORIENTED_EDGE('',*,*,#2482,.T.);
#1494=ORIENTED_EDGE('',*,*,#2520,.F.);
#1495=ORIENTED_EDGE('',*,*,#2469,.F.);
#1496=ORIENTED_EDGE('',*,*,#2520,.T.);
#1497=ORIENTED_EDGE('',*,*,#2484,.T.);
#1498=ORIENTED_EDGE('',*,*,#2521,.F.);
#1499=ORIENTED_EDGE('',*,*,#2470,.F.);
#1500=ORIENTED_EDGE('',*,*,#2521,.T.);
#1501=ORIENTED_EDGE('',*,*,#2483,.T.);
#1502=ORIENTED_EDGE('',*,*,#2519,.F.);
#1503=ORIENTED_EDGE('',*,*,#2468,.F.);
#1504=ORIENTED_EDGE('',*,*,#2464,.T.);
#1505=ORIENTED_EDGE('',*,*,#2522,.T.);
#1506=ORIENTED_EDGE('',*,*,#2493,.F.);
#1507=ORIENTED_EDGE('',*,*,#2523,.F.);
#1508=ORIENTED_EDGE('',*,*,#2523,.T.);
#1509=ORIENTED_EDGE('',*,*,#2492,.T.);
#1510=ORIENTED_EDGE('',*,*,#2524,.F.);
#1511=ORIENTED_EDGE('',*,*,#2465,.F.);
#1512=ORIENTED_EDGE('',*,*,#2524,.T.);
#1513=ORIENTED_EDGE('',*,*,#2495,.T.);
#1514=ORIENTED_EDGE('',*,*,#2525,.F.);
#1515=ORIENTED_EDGE('',*,*,#2466,.F.);
#1516=ORIENTED_EDGE('',*,*,#2467,.T.);
#1517=ORIENTED_EDGE('',*,*,#2525,.T.);
#1518=ORIENTED_EDGE('',*,*,#2494,.F.);
#1519=ORIENTED_EDGE('',*,*,#2522,.F.);
#1520=ORIENTED_EDGE('',*,*,#2478,.T.);
#1521=ORIENTED_EDGE('',*,*,#2526,.T.);
#1522=ORIENTED_EDGE('',*,*,#2497,.F.);
#1523=ORIENTED_EDGE('',*,*,#2527,.F.);
#1524=ORIENTED_EDGE('',*,*,#2527,.T.);
#1525=ORIENTED_EDGE('',*,*,#2496,.T.);
#1526=ORIENTED_EDGE('',*,*,#2528,.F.);
#1527=ORIENTED_EDGE('',*,*,#2479,.F.);
#1528=ORIENTED_EDGE('',*,*,#2528,.T.);
#1529=ORIENTED_EDGE('',*,*,#2499,.T.);
#1530=ORIENTED_EDGE('',*,*,#2529,.F.);
#1531=ORIENTED_EDGE('',*,*,#2480,.F.);
#1532=ORIENTED_EDGE('',*,*,#2481,.T.);
#1533=ORIENTED_EDGE('',*,*,#2529,.T.);
#1534=ORIENTED_EDGE('',*,*,#2498,.F.);
#1535=ORIENTED_EDGE('',*,*,#2526,.F.);
#1536=ORIENTED_EDGE('',*,*,#2530,.F.);
#1537=ORIENTED_EDGE('',*,*,#2531,.T.);
#1538=ORIENTED_EDGE('',*,*,#2532,.T.);
#1539=ORIENTED_EDGE('',*,*,#2533,.F.);
#1540=ORIENTED_EDGE('',*,*,#2534,.F.);
#1541=ORIENTED_EDGE('',*,*,#2535,.T.);
#1542=ORIENTED_EDGE('',*,*,#2530,.T.);
#1543=ORIENTED_EDGE('',*,*,#2536,.F.);
#1544=ORIENTED_EDGE('',*,*,#2537,.F.);
#1545=ORIENTED_EDGE('',*,*,#2538,.T.);
#1546=ORIENTED_EDGE('',*,*,#2534,.T.);
#1547=ORIENTED_EDGE('',*,*,#2539,.T.);
#1548=ORIENTED_EDGE('',*,*,#2532,.F.);
#1549=ORIENTED_EDGE('',*,*,#2540,.T.);
#1550=ORIENTED_EDGE('',*,*,#2537,.T.);
#1551=ORIENTED_EDGE('',*,*,#2541,.T.);
#1552=ORIENTED_EDGE('',*,*,#2542,.T.);
#1553=ORIENTED_EDGE('',*,*,#2543,.T.);
#1554=ORIENTED_EDGE('',*,*,#2544,.T.);
#1555=ORIENTED_EDGE('',*,*,#2545,.T.);
#1556=ORIENTED_EDGE('',*,*,#2533,.T.);
#1557=ORIENTED_EDGE('',*,*,#2541,.F.);
#1558=ORIENTED_EDGE('',*,*,#2539,.F.);
#1559=ORIENTED_EDGE('',*,*,#2536,.T.);
#1560=ORIENTED_EDGE('',*,*,#2546,.F.);
#1561=ORIENTED_EDGE('',*,*,#2535,.F.);
#1562=ORIENTED_EDGE('',*,*,#2547,.F.);
#1563=ORIENTED_EDGE('',*,*,#2545,.F.);
#1564=ORIENTED_EDGE('',*,*,#2547,.T.);
#1565=ORIENTED_EDGE('',*,*,#2538,.F.);
#1566=ORIENTED_EDGE('',*,*,#2548,.F.);
#1567=ORIENTED_EDGE('',*,*,#2542,.F.);
#1568=ORIENTED_EDGE('',*,*,#2546,.T.);
#1569=ORIENTED_EDGE('',*,*,#2544,.F.);
#1570=ORIENTED_EDGE('',*,*,#2549,.F.);
#1571=ORIENTED_EDGE('',*,*,#2531,.F.);
#1572=ORIENTED_EDGE('',*,*,#2548,.T.);
#1573=ORIENTED_EDGE('',*,*,#2540,.F.);
#1574=ORIENTED_EDGE('',*,*,#2549,.T.);
#1575=ORIENTED_EDGE('',*,*,#2543,.F.);
#1576=ORIENTED_EDGE('',*,*,#2550,.T.);
#1577=ORIENTED_EDGE('',*,*,#2551,.F.);
#1578=ORIENTED_EDGE('',*,*,#2552,.F.);
#1579=ORIENTED_EDGE('',*,*,#2553,.T.);
#1580=ORIENTED_EDGE('',*,*,#2554,.T.);
#1581=ORIENTED_EDGE('',*,*,#2555,.F.);
#1582=ORIENTED_EDGE('',*,*,#2556,.F.);
#1583=ORIENTED_EDGE('',*,*,#2551,.T.);
#1584=ORIENTED_EDGE('',*,*,#2557,.F.);
#1585=ORIENTED_EDGE('',*,*,#2558,.F.);
#1586=ORIENTED_EDGE('',*,*,#2559,.T.);
#1587=ORIENTED_EDGE('',*,*,#2555,.T.);
#1588=ORIENTED_EDGE('',*,*,#2560,.F.);
#1589=ORIENTED_EDGE('',*,*,#2561,.F.);
#1590=ORIENTED_EDGE('',*,*,#2562,.T.);
#1591=ORIENTED_EDGE('',*,*,#2563,.T.);
#1592=ORIENTED_EDGE('',*,*,#2564,.T.);
#1593=ORIENTED_EDGE('',*,*,#2565,.F.);
#1594=ORIENTED_EDGE('',*,*,#2566,.F.);
#1595=ORIENTED_EDGE('',*,*,#2561,.T.);
#1596=ORIENTED_EDGE('',*,*,#2567,.T.);
#1597=ORIENTED_EDGE('',*,*,#2568,.F.);
#1598=ORIENTED_EDGE('',*,*,#2569,.F.);
#1599=ORIENTED_EDGE('',*,*,#2565,.T.);
#1600=ORIENTED_EDGE('',*,*,#2570,.F.);
#1601=ORIENTED_EDGE('',*,*,#2563,.F.);
#1602=ORIENTED_EDGE('',*,*,#2571,.T.);
#1603=ORIENTED_EDGE('',*,*,#2568,.T.);
#1604=ORIENTED_EDGE('',*,*,#2572,.F.);
#1605=ORIENTED_EDGE('',*,*,#2553,.F.);
#1606=ORIENTED_EDGE('',*,*,#2573,.T.);
#1607=ORIENTED_EDGE('',*,*,#2558,.T.);
#1608=ORIENTED_EDGE('',*,*,#2562,.F.);
#1609=ORIENTED_EDGE('',*,*,#2566,.T.);
#1610=ORIENTED_EDGE('',*,*,#2569,.T.);
#1611=ORIENTED_EDGE('',*,*,#2571,.F.);
#1612=ORIENTED_EDGE('',*,*,#2552,.T.);
#1613=ORIENTED_EDGE('',*,*,#2556,.T.);
#1614=ORIENTED_EDGE('',*,*,#2559,.F.);
#1615=ORIENTED_EDGE('',*,*,#2573,.F.);
#1616=ORIENTED_EDGE('',*,*,#2560,.T.);
#1617=ORIENTED_EDGE('',*,*,#2570,.T.);
#1618=ORIENTED_EDGE('',*,*,#2567,.F.);
#1619=ORIENTED_EDGE('',*,*,#2564,.F.);
#1620=ORIENTED_EDGE('',*,*,#2550,.F.);
#1621=ORIENTED_EDGE('',*,*,#2572,.T.);
#1622=ORIENTED_EDGE('',*,*,#2557,.T.);
#1623=ORIENTED_EDGE('',*,*,#2554,.F.);
#1624=ORIENTED_EDGE('',*,*,#2574,.T.);
#1625=ORIENTED_EDGE('',*,*,#2575,.T.);
#1626=ORIENTED_EDGE('',*,*,#2576,.T.);
#1627=ORIENTED_EDGE('',*,*,#2577,.F.);
#1628=ORIENTED_EDGE('',*,*,#2578,.F.);
#1629=ORIENTED_EDGE('',*,*,#2579,.T.);
#1630=ORIENTED_EDGE('',*,*,#2580,.T.);
#1631=ORIENTED_EDGE('',*,*,#2581,.F.);
#1632=ORIENTED_EDGE('',*,*,#2582,.T.);
#1633=ORIENTED_EDGE('',*,*,#2583,.T.);
#1634=ORIENTED_EDGE('',*,*,#2584,.F.);
#1635=ORIENTED_EDGE('',*,*,#2585,.F.);
#1636=ORIENTED_EDGE('',*,*,#2586,.F.);
#1637=ORIENTED_EDGE('',*,*,#2587,.F.);
#1638=ORIENTED_EDGE('',*,*,#2588,.T.);
#1639=ORIENTED_EDGE('',*,*,#2589,.T.);
#1640=ORIENTED_EDGE('',*,*,#2590,.F.);
#1641=ORIENTED_EDGE('',*,*,#2591,.T.);
#1642=ORIENTED_EDGE('',*,*,#2592,.T.);
#1643=ORIENTED_EDGE('',*,*,#2593,.T.);
#1644=ORIENTED_EDGE('',*,*,#2594,.F.);
#1645=ORIENTED_EDGE('',*,*,#2595,.T.);
#1646=ORIENTED_EDGE('',*,*,#2576,.F.);
#1647=ORIENTED_EDGE('',*,*,#2596,.T.);
#1648=ORIENTED_EDGE('',*,*,#2597,.F.);
#1649=ORIENTED_EDGE('',*,*,#2598,.T.);
#1650=ORIENTED_EDGE('',*,*,#2588,.F.);
#1651=ORIENTED_EDGE('',*,*,#2599,.F.);
#1652=ORIENTED_EDGE('',*,*,#2600,.T.);
#1653=ORIENTED_EDGE('',*,*,#2601,.T.);
#1654=ORIENTED_EDGE('',*,*,#2591,.F.);
#1655=ORIENTED_EDGE('',*,*,#2602,.F.);
#1656=ORIENTED_EDGE('',*,*,#2603,.F.);
#1657=ORIENTED_EDGE('',*,*,#2604,.T.);
#1658=ORIENTED_EDGE('',*,*,#2592,.F.);
#1659=ORIENTED_EDGE('',*,*,#2601,.F.);
#1660=ORIENTED_EDGE('',*,*,#2605,.T.);
#1661=ORIENTED_EDGE('',*,*,#2577,.T.);
#1662=ORIENTED_EDGE('',*,*,#2595,.F.);
#1663=ORIENTED_EDGE('',*,*,#2606,.F.);
#1664=ORIENTED_EDGE('',*,*,#2607,.T.);
#1665=ORIENTED_EDGE('',*,*,#2608,.T.);
#1666=ORIENTED_EDGE('',*,*,#2609,.T.);
#1667=ORIENTED_EDGE('',*,*,#2579,.F.);
#1668=ORIENTED_EDGE('',*,*,#2610,.F.);
#1669=ORIENTED_EDGE('',*,*,#2599,.T.);
#1670=ORIENTED_EDGE('',*,*,#2587,.T.);
#1671=ORIENTED_EDGE('',*,*,#2611,.F.);
#1672=ORIENTED_EDGE('',*,*,#2600,.F.);
#1673=ORIENTED_EDGE('',*,*,#2610,.T.);
#1674=ORIENTED_EDGE('',*,*,#2578,.T.);
#1675=ORIENTED_EDGE('',*,*,#2605,.F.);
#1676=ORIENTED_EDGE('',*,*,#2609,.F.);
#1677=ORIENTED_EDGE('',*,*,#2612,.T.);
#1678=ORIENTED_EDGE('',*,*,#2613,.F.);
#1679=ORIENTED_EDGE('',*,*,#2580,.F.);
#1680=ORIENTED_EDGE('',*,*,#2612,.F.);
#1681=ORIENTED_EDGE('',*,*,#2608,.F.);
#1682=ORIENTED_EDGE('',*,*,#2614,.T.);
#1683=ORIENTED_EDGE('',*,*,#2615,.T.);
#1684=ORIENTED_EDGE('',*,*,#2586,.T.);
#1685=ORIENTED_EDGE('',*,*,#2616,.F.);
#1686=ORIENTED_EDGE('',*,*,#2617,.F.);
#1687=ORIENTED_EDGE('',*,*,#2611,.T.);
#1688=ORIENTED_EDGE('',*,*,#2589,.F.);
#1689=ORIENTED_EDGE('',*,*,#2598,.F.);
#1690=ORIENTED_EDGE('',*,*,#2618,.T.);
#1691=ORIENTED_EDGE('',*,*,#2616,.T.);
#1692=ORIENTED_EDGE('',*,*,#2590,.T.);
#1693=ORIENTED_EDGE('',*,*,#2619,.F.);
#1694=ORIENTED_EDGE('',*,*,#2620,.F.);
#1695=ORIENTED_EDGE('',*,*,#2602,.T.);
#1696=ORIENTED_EDGE('',*,*,#2593,.F.);
#1697=ORIENTED_EDGE('',*,*,#2604,.F.);
#1698=ORIENTED_EDGE('',*,*,#2621,.T.);
#1699=ORIENTED_EDGE('',*,*,#2619,.T.);
#1700=ORIENTED_EDGE('',*,*,#2594,.T.);
#1701=ORIENTED_EDGE('',*,*,#2622,.F.);
#1702=ORIENTED_EDGE('',*,*,#2623,.F.);
#1703=ORIENTED_EDGE('',*,*,#2606,.T.);
#1704=ORIENTED_EDGE('',*,*,#2596,.F.);
#1705=ORIENTED_EDGE('',*,*,#2575,.F.);
#1706=ORIENTED_EDGE('',*,*,#2624,.T.);
#1707=ORIENTED_EDGE('',*,*,#2622,.T.);
#1708=ORIENTED_EDGE('',*,*,#2613,.T.);
#1709=ORIENTED_EDGE('',*,*,#2615,.F.);
#1710=ORIENTED_EDGE('',*,*,#2625,.F.);
#1711=ORIENTED_EDGE('',*,*,#2581,.T.);
#1712=ORIENTED_EDGE('',*,*,#2614,.F.);
#1713=ORIENTED_EDGE('',*,*,#2607,.F.);
#1714=ORIENTED_EDGE('',*,*,#2617,.T.);
#1715=ORIENTED_EDGE('',*,*,#2618,.F.);
#1716=ORIENTED_EDGE('',*,*,#2597,.T.);
#1717=ORIENTED_EDGE('',*,*,#2620,.T.);
#1718=ORIENTED_EDGE('',*,*,#2621,.F.);
#1719=ORIENTED_EDGE('',*,*,#2603,.T.);
#1720=ORIENTED_EDGE('',*,*,#2623,.T.);
#1721=ORIENTED_EDGE('',*,*,#2624,.F.);
#1722=ORIENTED_EDGE('',*,*,#2574,.F.);
#1723=ORIENTED_EDGE('',*,*,#2625,.T.);
#1724=ORIENTED_EDGE('',*,*,#2582,.F.);
#1725=ORIENTED_EDGE('',*,*,#2626,.F.);
#1726=ORIENTED_EDGE('',*,*,#2627,.T.);
#1727=ORIENTED_EDGE('',*,*,#2628,.T.);
#1728=ORIENTED_EDGE('',*,*,#2585,.T.);
#1729=ORIENTED_EDGE('',*,*,#2629,.F.);
#1730=ORIENTED_EDGE('',*,*,#2630,.F.);
#1731=ORIENTED_EDGE('',*,*,#2626,.T.);
#1732=ORIENTED_EDGE('',*,*,#2584,.T.);
#1733=ORIENTED_EDGE('',*,*,#2631,.F.);
#1734=ORIENTED_EDGE('',*,*,#2632,.F.);
#1735=ORIENTED_EDGE('',*,*,#2629,.T.);
#1736=ORIENTED_EDGE('',*,*,#2583,.F.);
#1737=ORIENTED_EDGE('',*,*,#2628,.F.);
#1738=ORIENTED_EDGE('',*,*,#2633,.T.);
#1739=ORIENTED_EDGE('',*,*,#2631,.T.);
#1740=ORIENTED_EDGE('',*,*,#2627,.F.);
#1741=ORIENTED_EDGE('',*,*,#2630,.T.);
#1742=ORIENTED_EDGE('',*,*,#2632,.T.);
#1743=ORIENTED_EDGE('',*,*,#2633,.F.);
#1744=ORIENTED_EDGE('',*,*,#2634,.F.);
#1745=ORIENTED_EDGE('',*,*,#2635,.T.);
#1746=ORIENTED_EDGE('',*,*,#2636,.T.);
#1747=ORIENTED_EDGE('',*,*,#2637,.F.);
#1748=ORIENTED_EDGE('',*,*,#2638,.F.);
#1749=ORIENTED_EDGE('',*,*,#2639,.T.);
#1750=ORIENTED_EDGE('',*,*,#2634,.T.);
#1751=ORIENTED_EDGE('',*,*,#2640,.T.);
#1752=ORIENTED_EDGE('',*,*,#2641,.F.);
#1753=ORIENTED_EDGE('',*,*,#2642,.T.);
#1754=ORIENTED_EDGE('',*,*,#2638,.T.);
#1755=ORIENTED_EDGE('',*,*,#2643,.F.);
#1756=ORIENTED_EDGE('',*,*,#2636,.F.);
#1757=ORIENTED_EDGE('',*,*,#2644,.T.);
#1758=ORIENTED_EDGE('',*,*,#2641,.T.);
#1759=ORIENTED_EDGE('',*,*,#2645,.F.);
#1760=ORIENTED_EDGE('',*,*,#2646,.T.);
#1761=ORIENTED_EDGE('',*,*,#2647,.T.);
#1762=ORIENTED_EDGE('',*,*,#2648,.T.);
#1763=ORIENTED_EDGE('',*,*,#2649,.T.);
#1764=ORIENTED_EDGE('',*,*,#2637,.T.);
#1765=ORIENTED_EDGE('',*,*,#2645,.T.);
#1766=ORIENTED_EDGE('',*,*,#2643,.T.);
#1767=ORIENTED_EDGE('',*,*,#2640,.F.);
#1768=ORIENTED_EDGE('',*,*,#2650,.F.);
#1769=ORIENTED_EDGE('',*,*,#2646,.F.);
#1770=ORIENTED_EDGE('',*,*,#2651,.F.);
#1771=ORIENTED_EDGE('',*,*,#2639,.F.);
#1772=ORIENTED_EDGE('',*,*,#2651,.T.);
#1773=ORIENTED_EDGE('',*,*,#2649,.F.);
#1774=ORIENTED_EDGE('',*,*,#2652,.F.);
#1775=ORIENTED_EDGE('',*,*,#2635,.F.);
#1776=ORIENTED_EDGE('',*,*,#2650,.T.);
#1777=ORIENTED_EDGE('',*,*,#2642,.F.);
#1778=ORIENTED_EDGE('',*,*,#2653,.F.);
#1779=ORIENTED_EDGE('',*,*,#2647,.F.);
#1780=ORIENTED_EDGE('',*,*,#2652,.T.);
#1781=ORIENTED_EDGE('',*,*,#2648,.F.);
#1782=ORIENTED_EDGE('',*,*,#2653,.T.);
#1783=ORIENTED_EDGE('',*,*,#2644,.F.);
#1784=ORIENTED_EDGE('',*,*,#2654,.F.);
#1785=ORIENTED_EDGE('',*,*,#2655,.F.);
#1786=ORIENTED_EDGE('',*,*,#2656,.T.);
#1787=ORIENTED_EDGE('',*,*,#2657,.T.);
#1788=ORIENTED_EDGE('',*,*,#2658,.T.);
#1789=ORIENTED_EDGE('',*,*,#2659,.F.);
#1790=ORIENTED_EDGE('',*,*,#2660,.F.);
#1791=ORIENTED_EDGE('',*,*,#2655,.T.);
#1792=ORIENTED_EDGE('',*,*,#2661,.T.);
#1793=ORIENTED_EDGE('',*,*,#2662,.F.);
#1794=ORIENTED_EDGE('',*,*,#2663,.F.);
#1795=ORIENTED_EDGE('',*,*,#2659,.T.);
#1796=ORIENTED_EDGE('',*,*,#2664,.F.);
#1797=ORIENTED_EDGE('',*,*,#2657,.F.);
#1798=ORIENTED_EDGE('',*,*,#2665,.T.);
#1799=ORIENTED_EDGE('',*,*,#2662,.T.);
#1800=ORIENTED_EDGE('',*,*,#2656,.F.);
#1801=ORIENTED_EDGE('',*,*,#2660,.T.);
#1802=ORIENTED_EDGE('',*,*,#2663,.T.);
#1803=ORIENTED_EDGE('',*,*,#2665,.F.);
#1804=ORIENTED_EDGE('',*,*,#2654,.T.);
#1805=ORIENTED_EDGE('',*,*,#2664,.T.);
#1806=ORIENTED_EDGE('',*,*,#2661,.F.);
#1807=ORIENTED_EDGE('',*,*,#2658,.F.);
#1808=ORIENTED_EDGE('',*,*,#2666,.F.);
#1809=ORIENTED_EDGE('',*,*,#2667,.T.);
#1810=ORIENTED_EDGE('',*,*,#2666,.T.);
#1811=ORIENTED_EDGE('',*,*,#2668,.F.);
#1812=ORIENTED_EDGE('',*,*,#2669,.T.);
#1813=ORIENTED_EDGE('',*,*,#2667,.F.);
#1814=ORIENTED_EDGE('',*,*,#2668,.T.);
#1815=ORIENTED_EDGE('',*,*,#2669,.F.);
#1816=ORIENTED_EDGE('',*,*,#2670,.F.);
#1817=ORIENTED_EDGE('',*,*,#2671,.T.);
#1818=ORIENTED_EDGE('',*,*,#2672,.T.);
#1819=ORIENTED_EDGE('',*,*,#2673,.F.);
#1820=ORIENTED_EDGE('',*,*,#2674,.F.);
#1821=ORIENTED_EDGE('',*,*,#2675,.T.);
#1822=ORIENTED_EDGE('',*,*,#2670,.T.);
#1823=ORIENTED_EDGE('',*,*,#2676,.F.);
#1824=ORIENTED_EDGE('',*,*,#2677,.F.);
#1825=ORIENTED_EDGE('',*,*,#2678,.T.);
#1826=ORIENTED_EDGE('',*,*,#2674,.T.);
#1827=ORIENTED_EDGE('',*,*,#2679,.T.);
#1828=ORIENTED_EDGE('',*,*,#2672,.F.);
#1829=ORIENTED_EDGE('',*,*,#2680,.T.);
#1830=ORIENTED_EDGE('',*,*,#2677,.T.);
#1831=ORIENTED_EDGE('',*,*,#2681,.T.);
#1832=ORIENTED_EDGE('',*,*,#2682,.T.);
#1833=ORIENTED_EDGE('',*,*,#2683,.T.);
#1834=ORIENTED_EDGE('',*,*,#2684,.T.);
#1835=ORIENTED_EDGE('',*,*,#2685,.T.);
#1836=ORIENTED_EDGE('',*,*,#2673,.T.);
#1837=ORIENTED_EDGE('',*,*,#2681,.F.);
#1838=ORIENTED_EDGE('',*,*,#2679,.F.);
#1839=ORIENTED_EDGE('',*,*,#2676,.T.);
#1840=ORIENTED_EDGE('',*,*,#2686,.F.);
#1841=ORIENTED_EDGE('',*,*,#2675,.F.);
#1842=ORIENTED_EDGE('',*,*,#2687,.F.);
#1843=ORIENTED_EDGE('',*,*,#2685,.F.);
#1844=ORIENTED_EDGE('',*,*,#2687,.T.);
#1845=ORIENTED_EDGE('',*,*,#2678,.F.);
#1846=ORIENTED_EDGE('',*,*,#2688,.F.);
#1847=ORIENTED_EDGE('',*,*,#2682,.F.);
#1848=ORIENTED_EDGE('',*,*,#2686,.T.);
#1849=ORIENTED_EDGE('',*,*,#2684,.F.);
#1850=ORIENTED_EDGE('',*,*,#2689,.F.);
#1851=ORIENTED_EDGE('',*,*,#2671,.F.);
#1852=ORIENTED_EDGE('',*,*,#2688,.T.);
#1853=ORIENTED_EDGE('',*,*,#2680,.F.);
#1854=ORIENTED_EDGE('',*,*,#2689,.T.);
#1855=ORIENTED_EDGE('',*,*,#2683,.F.);
#1856=ORIENTED_EDGE('',*,*,#2690,.F.);
#1857=ORIENTED_EDGE('',*,*,#2691,.T.);
#1858=ORIENTED_EDGE('',*,*,#2692,.T.);
#1859=ORIENTED_EDGE('',*,*,#2693,.F.);
#1860=ORIENTED_EDGE('',*,*,#2694,.F.);
#1861=ORIENTED_EDGE('',*,*,#2695,.T.);
#1862=ORIENTED_EDGE('',*,*,#2690,.T.);
#1863=ORIENTED_EDGE('',*,*,#2696,.F.);
#1864=ORIENTED_EDGE('',*,*,#2697,.F.);
#1865=ORIENTED_EDGE('',*,*,#2698,.T.);
#1866=ORIENTED_EDGE('',*,*,#2694,.T.);
#1867=ORIENTED_EDGE('',*,*,#2699,.T.);
#1868=ORIENTED_EDGE('',*,*,#2692,.F.);
#1869=ORIENTED_EDGE('',*,*,#2700,.T.);
#1870=ORIENTED_EDGE('',*,*,#2697,.T.);
#1871=ORIENTED_EDGE('',*,*,#2701,.T.);
#1872=ORIENTED_EDGE('',*,*,#2702,.T.);
#1873=ORIENTED_EDGE('',*,*,#2703,.T.);
#1874=ORIENTED_EDGE('',*,*,#2704,.T.);
#1875=ORIENTED_EDGE('',*,*,#2705,.T.);
#1876=ORIENTED_EDGE('',*,*,#2693,.T.);
#1877=ORIENTED_EDGE('',*,*,#2701,.F.);
#1878=ORIENTED_EDGE('',*,*,#2699,.F.);
#1879=ORIENTED_EDGE('',*,*,#2696,.T.);
#1880=ORIENTED_EDGE('',*,*,#2706,.F.);
#1881=ORIENTED_EDGE('',*,*,#2695,.F.);
#1882=ORIENTED_EDGE('',*,*,#2707,.F.);
#1883=ORIENTED_EDGE('',*,*,#2705,.F.);
#1884=ORIENTED_EDGE('',*,*,#2707,.T.);
#1885=ORIENTED_EDGE('',*,*,#2698,.F.);
#1886=ORIENTED_EDGE('',*,*,#2708,.F.);
#1887=ORIENTED_EDGE('',*,*,#2702,.F.);
#1888=ORIENTED_EDGE('',*,*,#2706,.T.);
#1889=ORIENTED_EDGE('',*,*,#2704,.F.);
#1890=ORIENTED_EDGE('',*,*,#2709,.F.);
#1891=ORIENTED_EDGE('',*,*,#2691,.F.);
#1892=ORIENTED_EDGE('',*,*,#2708,.T.);
#1893=ORIENTED_EDGE('',*,*,#2700,.F.);
#1894=ORIENTED_EDGE('',*,*,#2709,.T.);
#1895=ORIENTED_EDGE('',*,*,#2703,.F.);
#1896=ORIENTED_EDGE('',*,*,#2710,.F.);
#1897=ORIENTED_EDGE('',*,*,#2711,.T.);
#1898=ORIENTED_EDGE('',*,*,#2712,.T.);
#1899=ORIENTED_EDGE('',*,*,#2713,.F.);
#1900=ORIENTED_EDGE('',*,*,#2714,.F.);
#1901=ORIENTED_EDGE('',*,*,#2715,.T.);
#1902=ORIENTED_EDGE('',*,*,#2710,.T.);
#1903=ORIENTED_EDGE('',*,*,#2716,.F.);
#1904=ORIENTED_EDGE('',*,*,#2717,.F.);
#1905=ORIENTED_EDGE('',*,*,#2718,.T.);
#1906=ORIENTED_EDGE('',*,*,#2714,.T.);
#1907=ORIENTED_EDGE('',*,*,#2719,.T.);
#1908=ORIENTED_EDGE('',*,*,#2712,.F.);
#1909=ORIENTED_EDGE('',*,*,#2720,.T.);
#1910=ORIENTED_EDGE('',*,*,#2717,.T.);
#1911=ORIENTED_EDGE('',*,*,#2721,.T.);
#1912=ORIENTED_EDGE('',*,*,#2722,.T.);
#1913=ORIENTED_EDGE('',*,*,#2723,.T.);
#1914=ORIENTED_EDGE('',*,*,#2724,.T.);
#1915=ORIENTED_EDGE('',*,*,#2725,.T.);
#1916=ORIENTED_EDGE('',*,*,#2713,.T.);
#1917=ORIENTED_EDGE('',*,*,#2721,.F.);
#1918=ORIENTED_EDGE('',*,*,#2719,.F.);
#1919=ORIENTED_EDGE('',*,*,#2716,.T.);
#1920=ORIENTED_EDGE('',*,*,#2726,.F.);
#1921=ORIENTED_EDGE('',*,*,#2715,.F.);
#1922=ORIENTED_EDGE('',*,*,#2727,.F.);
#1923=ORIENTED_EDGE('',*,*,#2725,.F.);
#1924=ORIENTED_EDGE('',*,*,#2727,.T.);
#1925=ORIENTED_EDGE('',*,*,#2718,.F.);
#1926=ORIENTED_EDGE('',*,*,#2728,.F.);
#1927=ORIENTED_EDGE('',*,*,#2722,.F.);
#1928=ORIENTED_EDGE('',*,*,#2726,.T.);
#1929=ORIENTED_EDGE('',*,*,#2724,.F.);
#1930=ORIENTED_EDGE('',*,*,#2729,.F.);
#1931=ORIENTED_EDGE('',*,*,#2711,.F.);
#1932=ORIENTED_EDGE('',*,*,#2728,.T.);
#1933=ORIENTED_EDGE('',*,*,#2720,.F.);
#1934=ORIENTED_EDGE('',*,*,#2729,.T.);
#1935=ORIENTED_EDGE('',*,*,#2723,.F.);
#1936=ORIENTED_EDGE('',*,*,#2730,.F.);
#1937=ORIENTED_EDGE('',*,*,#2731,.F.);
#1938=ORIENTED_EDGE('',*,*,#2732,.T.);
#1939=ORIENTED_EDGE('',*,*,#2733,.T.);
#1940=ORIENTED_EDGE('',*,*,#2734,.T.);
#1941=ORIENTED_EDGE('',*,*,#2735,.F.);
#1942=ORIENTED_EDGE('',*,*,#2736,.F.);
#1943=ORIENTED_EDGE('',*,*,#2731,.T.);
#1944=ORIENTED_EDGE('',*,*,#2737,.T.);
#1945=ORIENTED_EDGE('',*,*,#2738,.F.);
#1946=ORIENTED_EDGE('',*,*,#2739,.F.);
#1947=ORIENTED_EDGE('',*,*,#2735,.T.);
#1948=ORIENTED_EDGE('',*,*,#2740,.F.);
#1949=ORIENTED_EDGE('',*,*,#2733,.F.);
#1950=ORIENTED_EDGE('',*,*,#2741,.T.);
#1951=ORIENTED_EDGE('',*,*,#2738,.T.);
#1952=ORIENTED_EDGE('',*,*,#2732,.F.);
#1953=ORIENTED_EDGE('',*,*,#2736,.T.);
#1954=ORIENTED_EDGE('',*,*,#2739,.T.);
#1955=ORIENTED_EDGE('',*,*,#2741,.F.);
#1956=ORIENTED_EDGE('',*,*,#2730,.T.);
#1957=ORIENTED_EDGE('',*,*,#2740,.T.);
#1958=ORIENTED_EDGE('',*,*,#2737,.F.);
#1959=ORIENTED_EDGE('',*,*,#2734,.F.);
#1960=EDGE_CURVE('',#2742,#2743,#3235,.T.);
#1961=EDGE_CURVE('',#2742,#2744,#3236,.T.);
#1962=EDGE_CURVE('',#2744,#2745,#3237,.T.);
#1963=EDGE_CURVE('',#2743,#2745,#3238,.T.);
#1964=EDGE_CURVE('',#2742,#2746,#3239,.T.);
#1965=EDGE_CURVE('',#2743,#2747,#3240,.T.);
#1966=EDGE_CURVE('',#2746,#2747,#3241,.T.);
#1967=EDGE_CURVE('',#2744,#2748,#3242,.T.);
#1968=EDGE_CURVE('',#2748,#2749,#3243,.T.);
#1969=EDGE_CURVE('',#2745,#2749,#3244,.T.);
#1970=EDGE_CURVE('',#2746,#2750,#3245,.T.);
#1971=EDGE_CURVE('',#2747,#2749,#3246,.T.);
#1972=EDGE_CURVE('',#2751,#2748,#3247,.T.);
#1973=EDGE_CURVE('',#2751,#2752,#3248,.T.);
#1974=EDGE_CURVE('',#2753,#2752,#3249,.T.);
#1975=EDGE_CURVE('',#2750,#2753,#3250,.T.);
#1976=EDGE_CURVE('',#2753,#2754,#3251,.T.);
#1977=EDGE_CURVE('',#2752,#2755,#3252,.T.);
#1978=EDGE_CURVE('',#2755,#2754,#3253,.T.);
#1979=EDGE_CURVE('',#2756,#2754,#3254,.T.);
#1980=EDGE_CURVE('',#2750,#2756,#3255,.T.);
#1981=EDGE_CURVE('',#2757,#2755,#3256,.T.);
#1982=EDGE_CURVE('',#2757,#2756,#3257,.T.);
#1983=EDGE_CURVE('',#2751,#2757,#3258,.T.);
#1984=EDGE_CURVE('',#2758,#2759,#3259,.T.);
#1985=EDGE_CURVE('',#2758,#2760,#3260,.T.);
#1986=EDGE_CURVE('',#2760,#2761,#3261,.T.);
#1987=EDGE_CURVE('',#2759,#2761,#3262,.T.);
#1988=EDGE_CURVE('',#2762,#2763,#3263,.T.);
#1989=EDGE_CURVE('',#2762,#2758,#3264,.F.);
#1990=EDGE_CURVE('',#2759,#2763,#3265,.T.);
#1991=EDGE_CURVE('',#2764,#2765,#3266,.T.);
#1992=EDGE_CURVE('',#2764,#2762,#3267,.F.);
#1993=EDGE_CURVE('',#2763,#2765,#3268,.T.);
#1994=EDGE_CURVE('',#2760,#2764,#3269,.T.);
#1995=EDGE_CURVE('',#2761,#2765,#3270,.T.);
#1996=EDGE_CURVE('',#2766,#2767,#3271,.T.);
#1997=EDGE_CURVE('',#2767,#2768,#3272,.F.);
#1998=EDGE_CURVE('',#2768,#2769,#3273,.F.);
#1999=EDGE_CURVE('',#2769,#2766,#3274,.T.);
#2000=EDGE_CURVE('',#2766,#2762,#136,.F.);
#2001=EDGE_CURVE('',#2758,#2769,#137,.T.);
#2002=EDGE_CURVE('',#2760,#2768,#138,.T.);
#2003=EDGE_CURVE('',#2767,#2764,#139,.F.);
#2004=EDGE_CURVE('',#2770,#2771,#3275,.T.);
#2005=EDGE_CURVE('',#2770,#2772,#66,.T.);
#2006=EDGE_CURVE('',#2772,#2773,#3276,.T.);
#2007=EDGE_CURVE('',#2771,#2773,#67,.T.);
#2008=EDGE_CURVE('',#2772,#2770,#68,.F.);
#2009=EDGE_CURVE('',#2771,#2773,#69,.T.);
#2010=EDGE_CURVE('',#2774,#2774,#70,.F.);
#2011=EDGE_CURVE('',#2775,#2775,#71,.T.);
#2012=EDGE_CURVE('',#2776,#2777,#72,.F.);
#2013=EDGE_CURVE('',#2777,#2776,#73,.T.);
#2014=EDGE_CURVE('',#2778,#2778,#74,.T.);
#2015=EDGE_CURVE('',#2772,#2776,#51,.T.);
#2016=EDGE_CURVE('',#2777,#2770,#52,.F.);
#2017=EDGE_CURVE('',#2779,#2780,#3277,.T.);
#2018=EDGE_CURVE('',#2779,#2781,#3278,.T.);
#2019=EDGE_CURVE('',#2781,#2782,#3279,.T.);
#2020=EDGE_CURVE('',#2780,#2782,#3280,.T.);
#2021=EDGE_CURVE('',#2783,#2784,#3281,.T.);
#2022=EDGE_CURVE('',#2783,#2779,#3282,.T.);
#2023=EDGE_CURVE('',#2784,#2780,#3283,.T.);
#2024=EDGE_CURVE('',#2785,#2786,#3284,.T.);
#2025=EDGE_CURVE('',#2785,#2783,#3285,.T.);
#2026=EDGE_CURVE('',#2784,#2786,#3286,.T.);
#2027=EDGE_CURVE('',#2781,#2785,#3287,.T.);
#2028=EDGE_CURVE('',#2786,#2782,#3288,.T.);
#2029=EDGE_CURVE('',#2787,#2788,#3289,.T.);
#2030=EDGE_CURVE('',#2788,#2789,#3290,.T.);
#2031=EDGE_CURVE('',#2789,#2790,#3291,.T.);
#2032=EDGE_CURVE('',#2790,#2787,#3292,.T.);
#2033=EDGE_CURVE('',#2779,#2790,#3293,.T.);
#2034=EDGE_CURVE('',#2787,#2783,#3294,.T.);
#2035=EDGE_CURVE('',#2788,#2785,#3295,.F.);
#2036=EDGE_CURVE('',#2781,#2789,#3296,.T.);
#2037=EDGE_CURVE('',#2791,#2792,#3297,.T.);
#2038=EDGE_CURVE('',#2791,#2793,#3298,.T.);
#2039=EDGE_CURVE('',#2793,#2794,#3299,.T.);
#2040=EDGE_CURVE('',#2792,#2794,#3300,.T.);
#2041=EDGE_CURVE('',#2795,#2796,#3301,.T.);
#2042=EDGE_CURVE('',#2795,#2791,#3302,.F.);
#2043=EDGE_CURVE('',#2792,#2796,#3303,.T.);
#2044=EDGE_CURVE('',#2797,#2798,#3304,.T.);
#2045=EDGE_CURVE('',#2797,#2795,#3305,.F.);
#2046=EDGE_CURVE('',#2796,#2798,#3306,.T.);
#2047=EDGE_CURVE('',#2793,#2797,#3307,.T.);
#2048=EDGE_CURVE('',#2794,#2798,#3308,.T.);
#2049=EDGE_CURVE('',#2799,#2800,#3309,.T.);
#2050=EDGE_CURVE('',#2800,#2801,#3310,.T.);
#2051=EDGE_CURVE('',#2801,#2802,#3311,.F.);
#2052=EDGE_CURVE('',#2802,#2799,#3312,.F.);
#2053=EDGE_CURVE('',#2800,#2795,#140,.F.);
#2054=EDGE_CURVE('',#2791,#2799,#141,.T.);
#2055=EDGE_CURVE('',#2793,#2802,#142,.T.);
#2056=EDGE_CURVE('',#2801,#2797,#143,.F.);
#2057=EDGE_CURVE('',#2803,#2804,#3313,.T.);
#2058=EDGE_CURVE('',#2803,#2805,#3314,.T.);
#2059=EDGE_CURVE('',#2805,#2806,#3315,.T.);
#2060=EDGE_CURVE('',#2806,#2804,#3316,.T.);
#2061=EDGE_CURVE('',#2807,#2808,#3317,.T.);
#2062=EDGE_CURVE('',#2807,#2809,#3318,.T.);
#2063=EDGE_CURVE('',#2810,#2809,#3319,.T.);
#2064=EDGE_CURVE('',#2810,#2808,#3320,.T.);
#2065=EDGE_CURVE('',#2811,#2812,#3321,.T.);
#2066=EDGE_CURVE('',#2813,#2811,#3322,.T.);
#2067=EDGE_CURVE('',#2814,#2813,#3323,.T.);
#2068=EDGE_CURVE('',#2814,#2812,#3324,.T.);
#2069=EDGE_CURVE('',#2815,#2816,#3325,.T.);
#2070=EDGE_CURVE('',#2817,#2815,#3326,.T.);
#2071=EDGE_CURVE('',#2817,#2818,#3327,.T.);
#2072=EDGE_CURVE('',#2818,#2816,#3328,.T.);
#2073=EDGE_CURVE('',#2819,#2820,#3329,.T.);
#2074=EDGE_CURVE('',#2819,#2818,#3330,.T.);
#2075=EDGE_CURVE('',#2821,#2817,#3331,.T.);
#2076=EDGE_CURVE('',#2821,#2822,#3332,.T.);
#2077=EDGE_CURVE('',#2822,#2823,#3333,.T.);
#2078=EDGE_CURVE('',#2823,#2824,#3334,.T.);
#2079=EDGE_CURVE('',#2824,#2805,#3335,.T.);
#2080=EDGE_CURVE('',#2820,#2803,#3336,.T.);
#2081=EDGE_CURVE('',#2825,#2826,#3337,.T.);
#2082=EDGE_CURVE('',#2825,#2806,#3338,.T.);
#2083=EDGE_CURVE('',#2824,#2827,#3339,.T.);
#2084=EDGE_CURVE('',#2827,#2809,#3340,.T.);
#2085=EDGE_CURVE('',#2826,#2807,#3341,.T.);
#2086=EDGE_CURVE('',#2828,#2829,#3342,.T.);
#2087=EDGE_CURVE('',#2829,#2814,#3343,.T.);
#2088=EDGE_CURVE('',#2830,#2813,#3344,.T.);
#2089=EDGE_CURVE('',#2821,#2830,#3345,.T.);
#2090=EDGE_CURVE('',#2828,#2815,#3346,.T.);
#2091=EDGE_CURVE('',#2831,#2832,#3347,.T.);
#2092=EDGE_CURVE('',#2832,#2810,#3348,.T.);
#2093=EDGE_CURVE('',#2833,#2827,#3349,.T.);
#2094=EDGE_CURVE('',#2834,#2833,#3350,.T.);
#2095=EDGE_CURVE('',#2830,#2834,#3351,.T.);
#2096=EDGE_CURVE('',#2831,#2811,#3352,.T.);
#2097=EDGE_CURVE('',#2833,#2823,#3353,.T.);
#2098=EDGE_CURVE('',#2834,#2822,#3354,.T.);
#2099=EDGE_CURVE('',#2835,#2804,#3355,.T.);
#2100=EDGE_CURVE('',#2820,#2835,#3356,.T.);
#2101=EDGE_CURVE('',#2825,#2835,#3357,.T.);
#2102=EDGE_CURVE('',#2836,#2808,#3358,.T.);
#2103=EDGE_CURVE('',#2826,#2836,#3359,.T.);
#2104=EDGE_CURVE('',#2832,#2836,#3360,.T.);
#2105=EDGE_CURVE('',#2837,#2812,#3361,.T.);
#2106=EDGE_CURVE('',#2831,#2837,#3362,.T.);
#2107=EDGE_CURVE('',#2829,#2837,#3363,.T.);
#2108=EDGE_CURVE('',#2838,#2816,#3364,.T.);
#2109=EDGE_CURVE('',#2828,#2838,#3365,.T.);
#2110=EDGE_CURVE('',#2819,#2838,#3366,.T.);
#2111=EDGE_CURVE('',#2839,#2840,#3367,.T.);
#2112=EDGE_CURVE('',#2839,#2841,#3368,.T.);
#2113=EDGE_CURVE('',#2841,#2842,#3369,.T.);
#2114=EDGE_CURVE('',#2840,#2842,#3370,.T.);
#2115=EDGE_CURVE('',#2843,#2844,#3371,.T.);
#2116=EDGE_CURVE('',#2843,#2839,#3372,.T.);
#2117=EDGE_CURVE('',#2844,#2840,#3373,.T.);
#2118=EDGE_CURVE('',#2845,#2846,#3374,.T.);
#2119=EDGE_CURVE('',#2845,#2843,#3375,.T.);
#2120=EDGE_CURVE('',#2844,#2846,#3376,.T.);
#2121=EDGE_CURVE('',#2841,#2845,#3377,.T.);
#2122=EDGE_CURVE('',#2846,#2842,#3378,.T.);
#2123=EDGE_CURVE('',#2847,#2848,#3379,.T.);
#2124=EDGE_CURVE('',#2848,#2849,#3380,.T.);
#2125=EDGE_CURVE('',#2849,#2850,#3381,.T.);
#2126=EDGE_CURVE('',#2850,#2847,#3382,.T.);
#2127=EDGE_CURVE('',#2839,#2850,#3383,.T.);
#2128=EDGE_CURVE('',#2847,#2843,#3384,.T.);
#2129=EDGE_CURVE('',#2848,#2845,#3385,.F.);
#2130=EDGE_CURVE('',#2841,#2849,#3386,.T.);
#2131=EDGE_CURVE('',#2851,#2852,#3387,.T.);
#2132=EDGE_CURVE('',#2851,#2853,#75,.F.);
#2133=EDGE_CURVE('',#2854,#2853,#3388,.T.);
#2134=EDGE_CURVE('',#2854,#2855,#3389,.T.);
#2135=EDGE_CURVE('',#2855,#2856,#76,.F.);
#2136=EDGE_CURVE('',#2857,#2856,#3390,.T.);
#2137=EDGE_CURVE('',#2858,#2857,#3391,.T.);
#2138=EDGE_CURVE('',#2858,#2859,#77,.F.);
#2139=EDGE_CURVE('',#2860,#2859,#3392,.T.);
#2140=EDGE_CURVE('',#2861,#2860,#3393,.T.);
#2141=EDGE_CURVE('',#2861,#2862,#78,.F.);
#2142=EDGE_CURVE('',#2863,#2862,#3394,.T.);
#2143=EDGE_CURVE('',#2864,#2863,#3395,.T.);
#2144=EDGE_CURVE('',#2864,#2865,#79,.F.);
#2145=EDGE_CURVE('',#2865,#2852,#3396,.T.);
#2146=EDGE_CURVE('',#2866,#2867,#3397,.T.);
#2147=EDGE_CURVE('',#2866,#2868,#3398,.T.);
#2148=EDGE_CURVE('',#2868,#2869,#3399,.T.);
#2149=EDGE_CURVE('',#2870,#2869,#3400,.T.);
#2150=EDGE_CURVE('',#2870,#2871,#3401,.T.);
#2151=EDGE_CURVE('',#2871,#2872,#3402,.T.);
#2152=EDGE_CURVE('',#2872,#2873,#3403,.T.);
#2153=EDGE_CURVE('',#2873,#2874,#3404,.T.);
#2154=EDGE_CURVE('',#2874,#2875,#3405,.T.);
#2155=EDGE_CURVE('',#2875,#2867,#3406,.T.);
#2156=EDGE_CURVE('',#2876,#2877,#3407,.T.);
#2157=EDGE_CURVE('',#2877,#2855,#3408,.T.);
#2158=EDGE_CURVE('',#2876,#2854,#3409,.T.);
#2159=EDGE_CURVE('',#2853,#2878,#3410,.F.);
#2160=EDGE_CURVE('',#2878,#2876,#3411,.F.);
#2161=EDGE_CURVE('',#2879,#2880,#3412,.F.);
#2162=EDGE_CURVE('',#2880,#2851,#3413,.T.);
#2163=EDGE_CURVE('',#2879,#2852,#3414,.T.);
#2164=EDGE_CURVE('',#2865,#2881,#3415,.F.);
#2165=EDGE_CURVE('',#2881,#2879,#3416,.T.);
#2166=EDGE_CURVE('',#2882,#2883,#3417,.F.);
#2167=EDGE_CURVE('',#2883,#2864,#3418,.T.);
#2168=EDGE_CURVE('',#2882,#2863,#3419,.T.);
#2169=EDGE_CURVE('',#2862,#2884,#3420,.F.);
#2170=EDGE_CURVE('',#2884,#2882,#3421,.F.);
#2171=EDGE_CURVE('',#2885,#2886,#3422,.F.);
#2172=EDGE_CURVE('',#2886,#2861,#3423,.T.);
#2173=EDGE_CURVE('',#2885,#2860,#3424,.T.);
#2174=EDGE_CURVE('',#2859,#2887,#3425,.F.);
#2175=EDGE_CURVE('',#2887,#2885,#3426,.F.);
#2176=EDGE_CURVE('',#2888,#2889,#3427,.F.);
#2177=EDGE_CURVE('',#2889,#2858,#3428,.T.);
#2178=EDGE_CURVE('',#2888,#2857,#3429,.T.);
#2179=EDGE_CURVE('',#2856,#2890,#3430,.F.);
#2180=EDGE_CURVE('',#2890,#2888,#3431,.F.);
#2181=EDGE_CURVE('',#2891,#2892,#3432,.T.);
#2182=EDGE_CURVE('',#2892,#2893,#3433,.T.);
#2183=EDGE_CURVE('',#2893,#2894,#3434,.T.);
#2184=EDGE_CURVE('',#2894,#2895,#3435,.F.);
#2185=EDGE_CURVE('',#2895,#2896,#3436,.T.);
#2186=EDGE_CURVE('',#2896,#2897,#3437,.T.);
#2187=EDGE_CURVE('',#2897,#2898,#3438,.F.);
#2188=EDGE_CURVE('',#2898,#2899,#3439,.T.);
#2189=EDGE_CURVE('',#2899,#2900,#3440,.T.);
#2190=EDGE_CURVE('',#2900,#2891,#3441,.T.);
#2191=EDGE_CURVE('',#2901,#2867,#3442,.T.);
#2192=EDGE_CURVE('',#2902,#2901,#3443,.T.);
#2193=EDGE_CURVE('',#2902,#2866,#3444,.T.);
#2194=EDGE_CURVE('',#2902,#2903,#3445,.T.);
#2195=EDGE_CURVE('',#2903,#2868,#3446,.T.);
#2196=EDGE_CURVE('',#2903,#2904,#3447,.T.);
#2197=EDGE_CURVE('',#2904,#2869,#3448,.T.);
#2198=EDGE_CURVE('',#2905,#2904,#3449,.T.);
#2199=EDGE_CURVE('',#2905,#2870,#3450,.T.);
#2200=EDGE_CURVE('',#2905,#2906,#3451,.T.);
#2201=EDGE_CURVE('',#2906,#2871,#3452,.T.);
#2202=EDGE_CURVE('',#2906,#2907,#3453,.T.);
#2203=EDGE_CURVE('',#2907,#2872,#3454,.T.);
#2204=EDGE_CURVE('',#2907,#2908,#3455,.T.);
#2205=EDGE_CURVE('',#2908,#2873,#3456,.T.);
#2206=EDGE_CURVE('',#2908,#2909,#3457,.T.);
#2207=EDGE_CURVE('',#2909,#2874,#3458,.T.);
#2208=EDGE_CURVE('',#2909,#2910,#3459,.T.);
#2209=EDGE_CURVE('',#2910,#2875,#3460,.T.);
#2210=EDGE_CURVE('',#2910,#2901,#3461,.T.);
#2211=EDGE_CURVE('',#2896,#2880,#144,.T.);
#2212=EDGE_CURVE('',#2897,#2879,#145,.F.);
#2213=EDGE_CURVE('',#2881,#2898,#146,.F.);
#2214=EDGE_CURVE('',#2878,#2896,#147,.F.);
#2215=EDGE_CURVE('',#2876,#2895,#148,.T.);
#2216=EDGE_CURVE('',#2898,#2883,#149,.T.);
#2217=EDGE_CURVE('',#2899,#2882,#150,.F.);
#2218=EDGE_CURVE('',#2894,#2877,#151,.T.);
#2219=EDGE_CURVE('',#2884,#2900,#152,.F.);
#2220=EDGE_CURVE('',#2890,#2894,#153,.F.);
#2221=EDGE_CURVE('',#2888,#2893,#154,.T.);
#2222=EDGE_CURVE('',#2900,#2886,#155,.T.);
#2223=EDGE_CURVE('',#2891,#2885,#156,.F.);
#2224=EDGE_CURVE('',#2892,#2889,#157,.T.);
#2225=EDGE_CURVE('',#2887,#2892,#158,.F.);
#2226=EDGE_CURVE('',#2880,#2878,#80,.T.);
#2227=EDGE_CURVE('',#2883,#2881,#81,.T.);
#2228=EDGE_CURVE('',#2886,#2884,#82,.T.);
#2229=EDGE_CURVE('',#2889,#2887,#83,.T.);
#2230=EDGE_CURVE('',#2877,#2890,#84,.T.);
#2231=EDGE_CURVE('',#2911,#2912,#3462,.T.);
#2232=EDGE_CURVE('',#2911,#2913,#85,.T.);
#2233=EDGE_CURVE('',#2913,#2914,#3463,.T.);
#2234=EDGE_CURVE('',#2912,#2914,#86,.T.);
#2235=EDGE_CURVE('',#2913,#2911,#87,.F.);
#2236=EDGE_CURVE('',#2912,#2914,#88,.T.);
#2237=EDGE_CURVE('',#2915,#2915,#89,.F.);
#2238=EDGE_CURVE('',#2916,#2916,#90,.T.);
#2239=EDGE_CURVE('',#2917,#2918,#91,.F.);
#2240=EDGE_CURVE('',#2918,#2917,#92,.T.);
#2241=EDGE_CURVE('',#2919,#2919,#93,.T.);
#2242=EDGE_CURVE('',#2913,#2917,#53,.T.);
#2243=EDGE_CURVE('',#2918,#2911,#54,.F.);
#2244=EDGE_CURVE('',#2920,#2921,#3464,.T.);
#2245=EDGE_CURVE('',#2920,#2922,#3465,.T.);
#2246=EDGE_CURVE('',#2922,#2923,#3466,.T.);
#2247=EDGE_CURVE('',#2921,#2923,#3467,.T.);
#2248=EDGE_CURVE('',#2924,#2925,#3468,.T.);
#2249=EDGE_CURVE('',#2924,#2920,#3469,.T.);
#2250=EDGE_CURVE('',#2925,#2921,#3470,.T.);
#2251=EDGE_CURVE('',#2926,#2927,#3471,.T.);
#2252=EDGE_CURVE('',#2926,#2924,#3472,.T.);
#2253=EDGE_CURVE('',#2925,#2927,#3473,.T.);
#2254=EDGE_CURVE('',#2922,#2926,#3474,.T.);
#2255=EDGE_CURVE('',#2927,#2923,#3475,.T.);
#2256=EDGE_CURVE('',#2928,#2929,#3476,.T.);
#2257=EDGE_CURVE('',#2929,#2930,#3477,.T.);
#2258=EDGE_CURVE('',#2930,#2931,#3478,.T.);
#2259=EDGE_CURVE('',#2931,#2928,#3479,.T.);
#2260=EDGE_CURVE('',#2920,#2931,#3480,.T.);
#2261=EDGE_CURVE('',#2928,#2924,#3481,.T.);
#2262=EDGE_CURVE('',#2929,#2926,#3482,.F.);
#2263=EDGE_CURVE('',#2922,#2930,#3483,.T.);
#2264=EDGE_CURVE('',#2932,#2933,#3484,.T.);
#2265=EDGE_CURVE('',#2932,#2934,#3485,.T.);
#2266=EDGE_CURVE('',#2934,#2935,#3486,.T.);
#2267=EDGE_CURVE('',#2933,#2935,#3487,.T.);
#2268=EDGE_CURVE('',#2936,#2937,#3488,.T.);
#2269=EDGE_CURVE('',#2936,#2932,#3489,.T.);
#2270=EDGE_CURVE('',#2937,#2933,#3490,.T.);
#2271=EDGE_CURVE('',#2938,#2939,#3491,.T.);
#2272=EDGE_CURVE('',#2938,#2936,#3492,.T.);
#2273=EDGE_CURVE('',#2937,#2939,#3493,.T.);
#2274=EDGE_CURVE('',#2934,#2938,#3494,.T.);
#2275=EDGE_CURVE('',#2939,#2935,#3495,.T.);
#2276=EDGE_CURVE('',#2940,#2941,#3496,.T.);
#2277=EDGE_CURVE('',#2941,#2942,#3497,.T.);
#2278=EDGE_CURVE('',#2942,#2943,#3498,.T.);
#2279=EDGE_CURVE('',#2943,#2940,#3499,.T.);
#2280=EDGE_CURVE('',#2932,#2943,#3500,.T.);
#2281=EDGE_CURVE('',#2940,#2936,#3501,.T.);
#2282=EDGE_CURVE('',#2941,#2938,#3502,.F.);
#2283=EDGE_CURVE('',#2934,#2942,#3503,.T.);
#2284=EDGE_CURVE('',#2944,#2945,#3504,.T.);
#2285=EDGE_CURVE('',#2946,#2944,#3505,.T.);
#2286=EDGE_CURVE('',#2946,#2947,#3506,.T.);
#2287=EDGE_CURVE('',#2947,#2945,#3507,.T.);
#2288=EDGE_CURVE('',#2948,#2949,#3508,.T.);
#2289=EDGE_CURVE('',#2949,#2950,#3509,.T.);
#2290=EDGE_CURVE('',#2951,#2950,#3510,.T.);
#2291=EDGE_CURVE('',#2948,#2951,#3511,.T.);
#2292=EDGE_CURVE('',#2944,#2952,#3512,.T.);
#2293=EDGE_CURVE('',#2953,#2952,#3513,.T.);
#2294=EDGE_CURVE('',#2946,#2953,#3514,.T.);
#2295=EDGE_CURVE('',#2952,#2954,#3515,.T.);
#2296=EDGE_CURVE('',#2955,#2954,#3516,.T.);
#2297=EDGE_CURVE('',#2953,#2955,#3517,.T.);
#2298=EDGE_CURVE('',#2945,#2954,#3518,.T.);
#2299=EDGE_CURVE('',#2947,#2955,#3519,.T.);
#2300=EDGE_CURVE('',#2956,#2956,#94,.T.);
#2301=EDGE_CURVE('',#2957,#2957,#95,.T.);
#2302=EDGE_CURVE('',#2949,#2958,#3520,.T.);
#2303=EDGE_CURVE('',#2948,#2959,#3521,.T.);
#2304=EDGE_CURVE('',#2959,#2958,#3522,.T.);
#2305=EDGE_CURVE('',#2958,#2960,#3523,.T.);
#2306=EDGE_CURVE('',#2959,#2961,#3524,.T.);
#2307=EDGE_CURVE('',#2961,#2960,#3525,.T.);
#2308=EDGE_CURVE('',#2950,#2960,#3526,.T.);
#2309=EDGE_CURVE('',#2951,#2961,#3527,.T.);
#2310=EDGE_CURVE('',#2962,#2963,#3528,.T.);
#2311=EDGE_CURVE('',#2962,#2964,#3529,.T.);
#2312=EDGE_CURVE('',#2964,#2965,#3530,.T.);
#2313=EDGE_CURVE('',#2963,#2965,#3531,.T.);
#2314=EDGE_CURVE('',#2966,#2967,#3532,.T.);
#2315=EDGE_CURVE('',#2966,#2962,#3533,.T.);
#2316=EDGE_CURVE('',#2967,#2963,#3534,.T.);
#2317=EDGE_CURVE('',#2968,#2969,#3535,.T.);
#2318=EDGE_CURVE('',#2968,#2966,#3536,.T.);
#2319=EDGE_CURVE('',#2967,#2969,#3537,.T.);
#2320=EDGE_CURVE('',#2964,#2968,#3538,.T.);
#2321=EDGE_CURVE('',#2969,#2965,#3539,.T.);
#2322=EDGE_CURVE('',#2970,#2971,#3540,.T.);
#2323=EDGE_CURVE('',#2971,#2972,#3541,.T.);
#2324=EDGE_CURVE('',#2972,#2973,#3542,.T.);
#2325=EDGE_CURVE('',#2973,#2970,#3543,.T.);
#2326=EDGE_CURVE('',#2962,#2973,#3544,.T.);
#2327=EDGE_CURVE('',#2970,#2966,#3545,.T.);
#2328=EDGE_CURVE('',#2971,#2968,#3546,.F.);
#2329=EDGE_CURVE('',#2964,#2972,#3547,.T.);
#2330=EDGE_CURVE('',#2974,#2975,#3548,.T.);
#2331=EDGE_CURVE('',#2976,#2974,#3549,.T.);
#2332=EDGE_CURVE('',#2976,#2977,#3550,.T.);
#2333=EDGE_CURVE('',#2977,#2975,#3551,.T.);
#2334=EDGE_CURVE('',#2978,#2974,#3552,.T.);
#2335=EDGE_CURVE('',#2979,#2978,#3553,.T.);
#2336=EDGE_CURVE('',#2979,#2976,#3554,.T.);
#2337=EDGE_CURVE('',#2978,#2980,#3555,.T.);
#2338=EDGE_CURVE('',#2981,#2980,#3556,.T.);
#2339=EDGE_CURVE('',#2979,#2981,#3557,.T.);
#2340=EDGE_CURVE('',#2980,#2975,#3558,.T.);
#2341=EDGE_CURVE('',#2981,#2977,#3559,.T.);
#2342=EDGE_CURVE('',#2982,#2983,#3560,.T.);
#2343=EDGE_CURVE('',#2984,#2982,#3561,.T.);
#2344=EDGE_CURVE('',#2984,#2985,#3562,.T.);
#2345=EDGE_CURVE('',#2985,#2983,#3563,.T.);
#2346=EDGE_CURVE('',#2986,#2982,#3564,.T.);
#2347=EDGE_CURVE('',#2987,#2986,#3565,.T.);
#2348=EDGE_CURVE('',#2987,#2984,#3566,.T.);
#2349=EDGE_CURVE('',#2986,#2988,#3567,.T.);
#2350=EDGE_CURVE('',#2989,#2988,#3568,.T.);
#2351=EDGE_CURVE('',#2987,#2989,#3569,.T.);
#2352=EDGE_CURVE('',#2988,#2983,#3570,.T.);
#2353=EDGE_CURVE('',#2989,#2985,#3571,.T.);
#2354=EDGE_CURVE('',#2990,#2991,#14,.F.);
#2355=EDGE_CURVE('',#2992,#2990,#159,.T.);
#2356=EDGE_CURVE('',#2991,#2992,#160,.F.);
#2357=EDGE_CURVE('',#2993,#2994,#15,.F.);
#2358=EDGE_CURVE('',#2995,#2993,#161,.T.);
#2359=EDGE_CURVE('',#2994,#2995,#162,.F.);
#2360=EDGE_CURVE('',#2996,#2997,#16,.F.);
#2361=EDGE_CURVE('',#2998,#2996,#163,.T.);
#2362=EDGE_CURVE('',#2997,#2998,#164,.F.);
#2363=EDGE_CURVE('',#2999,#3000,#17,.F.);
#2364=EDGE_CURVE('',#3001,#2999,#165,.T.);
#2365=EDGE_CURVE('',#3000,#3001,#166,.F.);
#2366=EDGE_CURVE('',#3002,#3003,#18,.F.);
#2367=EDGE_CURVE('',#3004,#3002,#167,.T.);
#2368=EDGE_CURVE('',#3003,#3004,#168,.F.);
#2369=EDGE_CURVE('',#3005,#3006,#96,.F.);
#2370=EDGE_CURVE('',#3005,#2998,#3572,.F.);
#2371=EDGE_CURVE('',#2998,#3007,#3573,.F.);
#2372=EDGE_CURVE('',#3008,#3007,#97,.F.);
#2373=EDGE_CURVE('',#3008,#3001,#3574,.F.);
#2374=EDGE_CURVE('',#3001,#3009,#3575,.F.);
#2375=EDGE_CURVE('',#3010,#3009,#98,.F.);
#2376=EDGE_CURVE('',#3010,#3004,#3576,.F.);
#2377=EDGE_CURVE('',#3004,#3011,#3577,.F.);
#2378=EDGE_CURVE('',#3012,#3011,#99,.F.);
#2379=EDGE_CURVE('',#3012,#2995,#3578,.F.);
#2380=EDGE_CURVE('',#2995,#3013,#3579,.F.);
#2381=EDGE_CURVE('',#3014,#3013,#100,.F.);
#2382=EDGE_CURVE('',#3014,#2992,#3580,.F.);
#2383=EDGE_CURVE('',#2992,#3006,#3581,.F.);
#2384=EDGE_CURVE('',#3015,#3016,#3582,.T.);
#2385=EDGE_CURVE('',#3016,#3017,#3583,.T.);
#2386=EDGE_CURVE('',#3018,#3017,#3584,.T.);
#2387=EDGE_CURVE('',#3018,#3015,#3585,.F.);
#2388=EDGE_CURVE('',#3019,#3020,#3586,.T.);
#2389=EDGE_CURVE('',#3019,#3021,#3587,.F.);
#2390=EDGE_CURVE('',#3021,#3022,#3588,.T.);
#2391=EDGE_CURVE('',#3022,#3020,#3589,.T.);
#2392=EDGE_CURVE('',#3023,#3024,#3590,.T.);
#2393=EDGE_CURVE('',#3024,#3025,#3591,.T.);
#2394=EDGE_CURVE('',#3026,#3025,#3592,.T.);
#2395=EDGE_CURVE('',#3026,#3023,#3593,.F.);
#2396=EDGE_CURVE('',#3027,#3028,#3594,.T.);
#2397=EDGE_CURVE('',#3027,#3029,#3595,.F.);
#2398=EDGE_CURVE('',#3029,#3030,#3596,.T.);
#2399=EDGE_CURVE('',#3030,#3028,#3597,.T.);
#2400=EDGE_CURVE('',#3031,#3032,#3598,.T.);
#2401=EDGE_CURVE('',#3032,#3033,#3599,.T.);
#2402=EDGE_CURVE('',#3034,#3033,#3600,.T.);
#2403=EDGE_CURVE('',#3034,#3031,#3601,.F.);
#2404=EDGE_CURVE('',#3035,#3036,#3602,.T.);
#2405=EDGE_CURVE('',#3035,#3037,#3603,.F.);
#2406=EDGE_CURVE('',#3037,#3038,#3604,.T.);
#2407=EDGE_CURVE('',#3038,#3036,#3605,.T.);
#2408=EDGE_CURVE('',#3039,#3040,#3606,.T.);
#2409=EDGE_CURVE('',#3040,#3041,#3607,.T.);
#2410=EDGE_CURVE('',#3042,#3041,#3608,.T.);
#2411=EDGE_CURVE('',#3042,#3039,#3609,.F.);
#2412=EDGE_CURVE('',#3043,#3044,#3610,.T.);
#2413=EDGE_CURVE('',#3043,#3045,#3611,.F.);
#2414=EDGE_CURVE('',#3045,#3046,#3612,.T.);
#2415=EDGE_CURVE('',#3046,#3044,#3613,.T.);
#2416=EDGE_CURVE('',#3047,#3048,#3614,.T.);
#2417=EDGE_CURVE('',#3048,#3049,#3615,.T.);
#2418=EDGE_CURVE('',#3050,#3049,#3616,.T.);
#2419=EDGE_CURVE('',#3050,#3047,#3617,.F.);
#2420=EDGE_CURVE('',#3051,#3052,#3618,.T.);
#2421=EDGE_CURVE('',#3051,#3053,#3619,.F.);
#2422=EDGE_CURVE('',#3053,#3054,#3620,.T.);
#2423=EDGE_CURVE('',#3054,#3052,#3621,.T.);
#2424=EDGE_CURVE('',#3044,#3042,#101,.F.);
#2425=EDGE_CURVE('',#3041,#3035,#102,.T.);
#2426=EDGE_CURVE('',#3036,#3034,#103,.F.);
#2427=EDGE_CURVE('',#3033,#3027,#104,.T.);
#2428=EDGE_CURVE('',#3028,#3026,#105,.F.);
#2429=EDGE_CURVE('',#3025,#3019,#106,.T.);
#2430=EDGE_CURVE('',#3020,#3018,#107,.F.);
#2431=EDGE_CURVE('',#3017,#3051,#108,.T.);
#2432=EDGE_CURVE('',#3052,#3050,#109,.F.);
#2433=EDGE_CURVE('',#3049,#3043,#110,.T.);
#2434=EDGE_CURVE('',#3015,#3007,#111,.T.);
#2435=EDGE_CURVE('',#2996,#3016,#19,.T.);
#2436=EDGE_CURVE('',#3053,#2997,#20,.F.);
#2437=EDGE_CURVE('',#3005,#3054,#112,.T.);
#2438=EDGE_CURVE('',#3021,#3000,#21,.F.);
#2439=EDGE_CURVE('',#3008,#3022,#113,.T.);
#2440=EDGE_CURVE('',#3047,#3006,#114,.T.);
#2441=EDGE_CURVE('',#2990,#3048,#22,.T.);
#2442=EDGE_CURVE('',#3023,#3009,#115,.T.);
#2443=EDGE_CURVE('',#2999,#3024,#23,.T.);
#2444=EDGE_CURVE('',#3045,#2991,#24,.F.);
#2445=EDGE_CURVE('',#3014,#3046,#116,.T.);
#2446=EDGE_CURVE('',#3029,#3003,#25,.F.);
#2447=EDGE_CURVE('',#3010,#3030,#117,.T.);
#2448=EDGE_CURVE('',#3039,#3013,#118,.T.);
#2449=EDGE_CURVE('',#2993,#3040,#26,.T.);
#2450=EDGE_CURVE('',#3031,#3011,#119,.T.);
#2451=EDGE_CURVE('',#3002,#3032,#27,.T.);
#2452=EDGE_CURVE('',#3037,#2994,#28,.F.);
#2453=EDGE_CURVE('',#3012,#3038,#120,.T.);
#2454=EDGE_CURVE('',#3047,#3054,#121,.T.);
#2455=EDGE_CURVE('',#3015,#3022,#122,.T.);
#2456=EDGE_CURVE('',#3023,#3030,#123,.T.);
#2457=EDGE_CURVE('',#3031,#3038,#124,.T.);
#2458=EDGE_CURVE('',#3039,#3046,#125,.T.);
#2459=EDGE_CURVE('',#3032,#3029,#29,.F.);
#2460=EDGE_CURVE('',#3024,#3021,#30,.F.);
#2461=EDGE_CURVE('',#3016,#3053,#31,.F.);
#2462=EDGE_CURVE('',#3040,#3037,#32,.F.);
#2463=EDGE_CURVE('',#3048,#3045,#33,.F.);
#2464=EDGE_CURVE('',#3055,#3056,#3622,.T.);
#2465=EDGE_CURVE('',#3055,#3057,#3623,.T.);
#2466=EDGE_CURVE('',#3057,#3058,#3624,.T.);
#2467=EDGE_CURVE('',#3056,#3058,#3625,.T.);
#2468=EDGE_CURVE('',#3059,#3060,#3626,.T.);
#2469=EDGE_CURVE('',#3060,#3061,#3627,.T.);
#2470=EDGE_CURVE('',#3061,#3059,#126,.T.);
#2471=EDGE_CURVE('',#3062,#3063,#3628,.T.);
#2472=EDGE_CURVE('',#3063,#3064,#3629,.T.);
#2473=EDGE_CURVE('',#3065,#3064,#3630,.T.);
#2474=EDGE_CURVE('',#3062,#3065,#3631,.T.);
#2475=EDGE_CURVE('',#3066,#3067,#3632,.T.);
#2476=EDGE_CURVE('',#3066,#3068,#127,.T.);
#2477=EDGE_CURVE('',#3068,#3067,#3633,.T.);
#2478=EDGE_CURVE('',#3069,#3070,#3634,.T.);
#2479=EDGE_CURVE('',#3069,#3071,#3635,.T.);
#2480=EDGE_CURVE('',#3071,#3072,#3636,.T.);
#2481=EDGE_CURVE('',#3070,#3072,#3637,.T.);
#2482=EDGE_CURVE('',#3073,#3074,#3638,.T.);
#2483=EDGE_CURVE('',#3075,#3073,#3639,.T.);
#2484=EDGE_CURVE('',#3074,#3075,#128,.T.);
#2485=EDGE_CURVE('',#3076,#3077,#129,.T.);
#2486=EDGE_CURVE('',#3077,#3078,#3640,.T.);
#2487=EDGE_CURVE('',#3078,#3079,#3641,.T.);
#2488=EDGE_CURVE('',#3076,#3079,#3642,.T.);
#2489=EDGE_CURVE('',#3080,#3081,#130,.T.);
#2490=EDGE_CURVE('',#3080,#3082,#3643,.T.);
#2491=EDGE_CURVE('',#3081,#3082,#3644,.T.);
#2492=EDGE_CURVE('',#3083,#3084,#3645,.T.);
#2493=EDGE_CURVE('',#3083,#3085,#3646,.T.);
#2494=EDGE_CURVE('',#3085,#3086,#3647,.T.);
#2495=EDGE_CURVE('',#3084,#3086,#3648,.T.);
#2496=EDGE_CURVE('',#3087,#3088,#3649,.T.);
#2497=EDGE_CURVE('',#3087,#3089,#3650,.T.);
#2498=EDGE_CURVE('',#3089,#3090,#3651,.T.);
#2499=EDGE_CURVE('',#3088,#3090,#3652,.T.);
#2500=EDGE_CURVE('',#3091,#3062,#3653,.T.);
#2501=EDGE_CURVE('',#3091,#3092,#3654,.T.);
#2502=EDGE_CURVE('',#3092,#3063,#3655,.T.);
#2503=EDGE_CURVE('',#3093,#3065,#3656,.T.);
#2504=EDGE_CURVE('',#3091,#3093,#3657,.T.);
#2505=EDGE_CURVE('',#3094,#3064,#3658,.T.);
#2506=EDGE_CURVE('',#3093,#3094,#3659,.T.);
#2507=EDGE_CURVE('',#3092,#3094,#3660,.T.);
#2508=EDGE_CURVE('',#3095,#3096,#131,.T.);
#2509=EDGE_CURVE('',#3095,#3097,#3661,.T.);
#2510=EDGE_CURVE('',#3098,#3097,#3662,.T.);
#2511=EDGE_CURVE('',#3096,#3098,#3663,.T.);
#2512=EDGE_CURVE('',#3077,#3096,#3664,.T.);
#2513=EDGE_CURVE('',#3076,#3095,#3665,.T.);
#2514=EDGE_CURVE('',#3078,#3098,#3666,.T.);
#2515=EDGE_CURVE('',#3079,#3097,#3667,.T.);
#2516=EDGE_CURVE('',#3067,#3082,#3668,.T.);
#2517=EDGE_CURVE('',#3066,#3080,#3669,.T.);
#2518=EDGE_CURVE('',#3068,#3081,#3670,.T.);
#2519=EDGE_CURVE('',#3060,#3073,#3671,.T.);
#2520=EDGE_CURVE('',#3061,#3074,#3672,.T.);
#2521=EDGE_CURVE('',#3059,#3075,#3673,.T.);
#2522=EDGE_CURVE('',#3056,#3085,#3674,.T.);
#2523=EDGE_CURVE('',#3055,#3083,#3675,.T.);
#2524=EDGE_CURVE('',#3057,#3084,#3676,.T.);
#2525=EDGE_CURVE('',#3058,#3086,#3677,.T.);
#2526=EDGE_CURVE('',#3070,#3089,#3678,.T.);
#2527=EDGE_CURVE('',#3069,#3087,#3679,.T.);
#2528=EDGE_CURVE('',#3071,#3088,#3680,.T.);
#2529=EDGE_CURVE('',#3072,#3090,#3681,.T.);
#2530=EDGE_CURVE('',#3099,#3100,#3682,.T.);
#2531=EDGE_CURVE('',#3099,#3101,#3683,.T.);
#2532=EDGE_CURVE('',#3101,#3102,#3684,.T.);
#2533=EDGE_CURVE('',#3100,#3102,#3685,.T.);
#2534=EDGE_CURVE('',#3103,#3104,#3686,.T.);
#2535=EDGE_CURVE('',#3103,#3099,#3687,.T.);
#2536=EDGE_CURVE('',#3104,#3100,#3688,.T.);
#2537=EDGE_CURVE('',#3105,#3106,#3689,.T.);
#2538=EDGE_CURVE('',#3105,#3103,#3690,.T.);
#2539=EDGE_CURVE('',#3104,#3106,#3691,.T.);
#2540=EDGE_CURVE('',#3101,#3105,#3692,.T.);
#2541=EDGE_CURVE('',#3106,#3102,#3693,.T.);
#2542=EDGE_CURVE('',#3107,#3108,#3694,.T.);
#2543=EDGE_CURVE('',#3108,#3109,#3695,.T.);
#2544=EDGE_CURVE('',#3109,#3110,#3696,.T.);
#2545=EDGE_CURVE('',#3110,#3107,#3697,.T.);
#2546=EDGE_CURVE('',#3099,#3110,#3698,.T.);
#2547=EDGE_CURVE('',#3107,#3103,#3699,.T.);
#2548=EDGE_CURVE('',#3108,#3105,#3700,.F.);
#2549=EDGE_CURVE('',#3101,#3109,#3701,.T.);
#2550=EDGE_CURVE('',#3111,#3112,#3702,.T.);
#2551=EDGE_CURVE('',#3113,#3112,#3703,.T.);
#2552=EDGE_CURVE('',#3114,#3113,#3704,.T.);
#2553=EDGE_CURVE('',#3114,#3111,#3705,.T.);
#2554=EDGE_CURVE('',#3112,#3115,#3706,.T.);
#2555=EDGE_CURVE('',#3116,#3115,#3707,.T.);
#2556=EDGE_CURVE('',#3113,#3116,#3708,.T.);
#2557=EDGE_CURVE('',#3117,#3115,#3709,.T.);
#2558=EDGE_CURVE('',#3118,#3117,#3710,.T.);
#2559=EDGE_CURVE('',#3118,#3116,#3711,.T.);
#2560=EDGE_CURVE('',#3119,#3120,#3712,.T.);
#2561=EDGE_CURVE('',#3121,#3119,#3713,.T.);
#2562=EDGE_CURVE('',#3121,#3122,#3714,.T.);
#2563=EDGE_CURVE('',#3122,#3120,#3715,.T.);
#2564=EDGE_CURVE('',#3119,#3123,#3716,.T.);
#2565=EDGE_CURVE('',#3124,#3123,#3717,.T.);
#2566=EDGE_CURVE('',#3121,#3124,#3718,.T.);
#2567=EDGE_CURVE('',#3123,#3125,#3719,.T.);
#2568=EDGE_CURVE('',#3126,#3125,#3720,.T.);
#2569=EDGE_CURVE('',#3124,#3126,#3721,.T.);
#2570=EDGE_CURVE('',#3120,#3125,#3722,.T.);
#2571=EDGE_CURVE('',#3122,#3126,#3723,.T.);
#2572=EDGE_CURVE('',#3111,#3117,#3724,.T.);
#2573=EDGE_CURVE('',#3114,#3118,#3725,.T.);
#2574=EDGE_CURVE('',#3127,#3128,#3726,.T.);
#2575=EDGE_CURVE('',#3128,#3129,#3727,.T.);
#2576=EDGE_CURVE('',#3129,#3130,#3728,.T.);
#2577=EDGE_CURVE('',#3131,#3130,#3729,.T.);
#2578=EDGE_CURVE('',#3132,#3131,#3730,.T.);
#2579=EDGE_CURVE('',#3132,#3133,#3731,.T.);
#2580=EDGE_CURVE('',#3133,#3134,#3732,.T.);
#2581=EDGE_CURVE('',#3127,#3134,#3733,.T.);
#2582=EDGE_CURVE('',#3135,#3136,#3734,.T.);
#2583=EDGE_CURVE('',#3136,#3137,#3735,.T.);
#2584=EDGE_CURVE('',#3138,#3137,#3736,.T.);
#2585=EDGE_CURVE('',#3135,#3138,#3737,.T.);
#2586=EDGE_CURVE('',#3139,#3140,#3738,.T.);
#2587=EDGE_CURVE('',#3141,#3139,#3739,.T.);
#2588=EDGE_CURVE('',#3141,#3142,#3740,.T.);
#2589=EDGE_CURVE('',#3142,#3140,#3741,.T.);
#2590=EDGE_CURVE('',#3143,#3144,#3742,.T.);
#2591=EDGE_CURVE('',#3143,#3145,#3743,.T.);
#2592=EDGE_CURVE('',#3145,#3146,#3744,.T.);
#2593=EDGE_CURVE('',#3146,#3144,#3745,.T.);
#2594=EDGE_CURVE('',#3147,#3148,#3746,.T.);
#2595=EDGE_CURVE('',#3147,#3130,#3747,.T.);
#2596=EDGE_CURVE('',#3129,#3148,#3748,.T.);
#2597=EDGE_CURVE('',#3149,#3150,#3749,.T.);
#2598=EDGE_CURVE('',#3149,#3142,#3750,.T.);
#2599=EDGE_CURVE('',#3151,#3141,#3751,.T.);
#2600=EDGE_CURVE('',#3151,#3152,#3752,.T.);
#2601=EDGE_CURVE('',#3152,#3145,#3753,.T.);
#2602=EDGE_CURVE('',#3150,#3143,#3754,.T.);
#2603=EDGE_CURVE('',#3153,#3154,#3755,.T.);
#2604=EDGE_CURVE('',#3153,#3146,#3756,.T.);
#2605=EDGE_CURVE('',#3152,#3131,#3757,.T.);
#2606=EDGE_CURVE('',#3154,#3147,#3758,.T.);
#2607=EDGE_CURVE('',#3155,#3156,#3759,.T.);
#2608=EDGE_CURVE('',#3156,#3157,#3760,.T.);
#2609=EDGE_CURVE('',#3157,#3133,#3761,.T.);
#2610=EDGE_CURVE('',#3151,#3132,#3762,.T.);
#2611=EDGE_CURVE('',#3155,#3139,#3763,.T.);
#2612=EDGE_CURVE('',#3157,#3158,#3764,.T.);
#2613=EDGE_CURVE('',#3134,#3158,#3765,.T.);
#2614=EDGE_CURVE('',#3156,#3159,#3766,.T.);
#2615=EDGE_CURVE('',#3159,#3158,#3767,.T.);
#2616=EDGE_CURVE('',#3160,#3140,#3768,.T.);
#2617=EDGE_CURVE('',#3155,#3160,#3769,.T.);
#2618=EDGE_CURVE('',#3149,#3160,#3770,.T.);
#2619=EDGE_CURVE('',#3161,#3144,#3771,.T.);
#2620=EDGE_CURVE('',#3150,#3161,#3772,.T.);
#2621=EDGE_CURVE('',#3153,#3161,#3773,.T.);
#2622=EDGE_CURVE('',#3162,#3148,#3774,.T.);
#2623=EDGE_CURVE('',#3154,#3162,#3775,.T.);
#2624=EDGE_CURVE('',#3128,#3162,#3776,.T.);
#2625=EDGE_CURVE('',#3127,#3159,#3777,.T.);
#2626=EDGE_CURVE('',#3163,#3135,#3778,.T.);
#2627=EDGE_CURVE('',#3163,#3164,#3779,.T.);
#2628=EDGE_CURVE('',#3164,#3136,#3780,.T.);
#2629=EDGE_CURVE('',#3165,#3138,#3781,.T.);
#2630=EDGE_CURVE('',#3163,#3165,#3782,.T.);
#2631=EDGE_CURVE('',#3166,#3137,#3783,.T.);
#2632=EDGE_CURVE('',#3165,#3166,#3784,.T.);
#2633=EDGE_CURVE('',#3164,#3166,#3785,.T.);
#2634=EDGE_CURVE('',#3167,#3168,#3786,.T.);
#2635=EDGE_CURVE('',#3167,#3169,#3787,.T.);
#2636=EDGE_CURVE('',#3169,#3170,#3788,.T.);
#2637=EDGE_CURVE('',#3168,#3170,#3789,.T.);
#2638=EDGE_CURVE('',#3171,#3172,#3790,.T.);
#2639=EDGE_CURVE('',#3171,#3167,#3791,.F.);
#2640=EDGE_CURVE('',#3168,#3172,#3792,.T.);
#2641=EDGE_CURVE('',#3173,#3174,#3793,.T.);
#2642=EDGE_CURVE('',#3173,#3171,#3794,.T.);
#2643=EDGE_CURVE('',#3174,#3172,#3795,.T.);
#2644=EDGE_CURVE('',#3169,#3173,#3796,.T.);
#2645=EDGE_CURVE('',#3170,#3174,#3797,.T.);
#2646=EDGE_CURVE('',#3175,#3176,#3798,.T.);
#2647=EDGE_CURVE('',#3176,#3177,#3799,.F.);
#2648=EDGE_CURVE('',#3177,#3178,#3800,.F.);
#2649=EDGE_CURVE('',#3178,#3175,#3801,.F.);
#2650=EDGE_CURVE('',#3176,#3171,#169,.F.);
#2651=EDGE_CURVE('',#3167,#3175,#170,.T.);
#2652=EDGE_CURVE('',#3169,#3178,#171,.T.);
#2653=EDGE_CURVE('',#3177,#3173,#172,.F.);
#2654=EDGE_CURVE('',#3179,#3180,#3802,.T.);
#2655=EDGE_CURVE('',#3181,#3179,#3803,.T.);
#2656=EDGE_CURVE('',#3181,#3182,#3804,.T.);
#2657=EDGE_CURVE('',#3182,#3180,#3805,.T.);
#2658=EDGE_CURVE('',#3179,#3183,#3806,.T.);
#2659=EDGE_CURVE('',#3184,#3183,#3807,.T.);
#2660=EDGE_CURVE('',#3181,#3184,#3808,.T.);
#2661=EDGE_CURVE('',#3183,#3185,#3809,.T.);
#2662=EDGE_CURVE('',#3186,#3185,#3810,.T.);
#2663=EDGE_CURVE('',#3184,#3186,#3811,.T.);
#2664=EDGE_CURVE('',#3180,#3185,#3812,.T.);
#2665=EDGE_CURVE('',#3182,#3186,#3813,.T.);
#2666=EDGE_CURVE('',#3187,#3187,#132,.T.);
#2667=EDGE_CURVE('',#3188,#3188,#133,.T.);
#2668=EDGE_CURVE('',#3189,#3189,#134,.T.);
#2669=EDGE_CURVE('',#3190,#3190,#135,.T.);
#2670=EDGE_CURVE('',#3191,#3192,#3814,.T.);
#2671=EDGE_CURVE('',#3191,#3193,#3815,.T.);
#2672=EDGE_CURVE('',#3193,#3194,#3816,.T.);
#2673=EDGE_CURVE('',#3192,#3194,#3817,.T.);
#2674=EDGE_CURVE('',#3195,#3196,#3818,.T.);
#2675=EDGE_CURVE('',#3195,#3191,#3819,.T.);
#2676=EDGE_CURVE('',#3196,#3192,#3820,.T.);
#2677=EDGE_CURVE('',#3197,#3198,#3821,.T.);
#2678=EDGE_CURVE('',#3197,#3195,#3822,.T.);
#2679=EDGE_CURVE('',#3196,#3198,#3823,.T.);
#2680=EDGE_CURVE('',#3193,#3197,#3824,.T.);
#2681=EDGE_CURVE('',#3198,#3194,#3825,.T.);
#2682=EDGE_CURVE('',#3199,#3200,#3826,.T.);
#2683=EDGE_CURVE('',#3200,#3201,#3827,.T.);
#2684=EDGE_CURVE('',#3201,#3202,#3828,.T.);
#2685=EDGE_CURVE('',#3202,#3199,#3829,.T.);
#2686=EDGE_CURVE('',#3191,#3202,#3830,.T.);
#2687=EDGE_CURVE('',#3199,#3195,#3831,.T.);
#2688=EDGE_CURVE('',#3200,#3197,#3832,.F.);
#2689=EDGE_CURVE('',#3193,#3201,#3833,.T.);
#2690=EDGE_CURVE('',#3203,#3204,#3834,.T.);
#2691=EDGE_CURVE('',#3203,#3205,#3835,.T.);
#2692=EDGE_CURVE('',#3205,#3206,#3836,.T.);
#2693=EDGE_CURVE('',#3204,#3206,#3837,.T.);
#2694=EDGE_CURVE('',#3207,#3208,#3838,.T.);
#2695=EDGE_CURVE('',#3207,#3203,#3839,.T.);
#2696=EDGE_CURVE('',#3208,#3204,#3840,.T.);
#2697=EDGE_CURVE('',#3209,#3210,#3841,.T.);
#2698=EDGE_CURVE('',#3209,#3207,#3842,.T.);
#2699=EDGE_CURVE('',#3208,#3210,#3843,.T.);
#2700=EDGE_CURVE('',#3205,#3209,#3844,.T.);
#2701=EDGE_CURVE('',#3210,#3206,#3845,.T.);
#2702=EDGE_CURVE('',#3211,#3212,#3846,.T.);
#2703=EDGE_CURVE('',#3212,#3213,#3847,.T.);
#2704=EDGE_CURVE('',#3213,#3214,#3848,.T.);
#2705=EDGE_CURVE('',#3214,#3211,#3849,.T.);
#2706=EDGE_CURVE('',#3203,#3214,#3850,.T.);
#2707=EDGE_CURVE('',#3211,#3207,#3851,.T.);
#2708=EDGE_CURVE('',#3212,#3209,#3852,.F.);
#2709=EDGE_CURVE('',#3205,#3213,#3853,.T.);
#2710=EDGE_CURVE('',#3215,#3216,#3854,.T.);
#2711=EDGE_CURVE('',#3215,#3217,#3855,.T.);
#2712=EDGE_CURVE('',#3217,#3218,#3856,.T.);
#2713=EDGE_CURVE('',#3216,#3218,#3857,.T.);
#2714=EDGE_CURVE('',#3219,#3220,#3858,.T.);
#2715=EDGE_CURVE('',#3219,#3215,#3859,.T.);
#2716=EDGE_CURVE('',#3220,#3216,#3860,.T.);
#2717=EDGE_CURVE('',#3221,#3222,#3861,.T.);
#2718=EDGE_CURVE('',#3221,#3219,#3862,.T.);
#2719=EDGE_CURVE('',#3220,#3222,#3863,.T.);
#2720=EDGE_CURVE('',#3217,#3221,#3864,.T.);
#2721=EDGE_CURVE('',#3222,#3218,#3865,.T.);
#2722=EDGE_CURVE('',#3223,#3224,#3866,.T.);
#2723=EDGE_CURVE('',#3224,#3225,#3867,.T.);
#2724=EDGE_CURVE('',#3225,#3226,#3868,.T.);
#2725=EDGE_CURVE('',#3226,#3223,#3869,.T.);
#2726=EDGE_CURVE('',#3215,#3226,#3870,.T.);
#2727=EDGE_CURVE('',#3223,#3219,#3871,.T.);
#2728=EDGE_CURVE('',#3224,#3221,#3872,.F.);
#2729=EDGE_CURVE('',#3217,#3225,#3873,.T.);
#2730=EDGE_CURVE('',#3227,#3228,#3874,.T.);
#2731=EDGE_CURVE('',#3229,#3227,#3875,.T.);
#2732=EDGE_CURVE('',#3229,#3230,#3876,.T.);
#2733=EDGE_CURVE('',#3230,#3228,#3877,.T.);
#2734=EDGE_CURVE('',#3227,#3231,#3878,.T.);
#2735=EDGE_CURVE('',#3232,#3231,#3879,.T.);
#2736=EDGE_CURVE('',#3229,#3232,#3880,.T.);
#2737=EDGE_CURVE('',#3231,#3233,#3881,.T.);
#2738=EDGE_CURVE('',#3234,#3233,#3882,.T.);
#2739=EDGE_CURVE('',#3232,#3234,#3883,.T.);
#2740=EDGE_CURVE('',#3228,#3233,#3884,.T.);
#2741=EDGE_CURVE('',#3230,#3234,#3885,.T.);
#2742=VERTEX_POINT('',#8320);
#2743=VERTEX_POINT('',#8321);
#2744=VERTEX_POINT('',#8323);
#2745=VERTEX_POINT('',#8325);
#2746=VERTEX_POINT('',#8329);
#2747=VERTEX_POINT('',#8331);
#2748=VERTEX_POINT('',#8335);
#2749=VERTEX_POINT('',#8337);
#2750=VERTEX_POINT('',#8341);
#2751=VERTEX_POINT('',#8344);
#2752=VERTEX_POINT('',#8346);
#2753=VERTEX_POINT('',#8348);
#2754=VERTEX_POINT('',#8352);
#2755=VERTEX_POINT('',#8354);
#2756=VERTEX_POINT('',#8359);
#2757=VERTEX_POINT('',#8363);
#2758=VERTEX_POINT('',#8371);
#2759=VERTEX_POINT('',#8372);
#2760=VERTEX_POINT('',#8374);
#2761=VERTEX_POINT('',#8376);
#2762=VERTEX_POINT('',#8380);
#2763=VERTEX_POINT('',#8381);
#2764=VERTEX_POINT('',#8386);
#2765=VERTEX_POINT('',#8387);
#2766=VERTEX_POINT('',#8395);
#2767=VERTEX_POINT('',#8396);
#2768=VERTEX_POINT('',#8398);
#2769=VERTEX_POINT('',#8400);
#2770=VERTEX_POINT('',#8414);
#2771=VERTEX_POINT('',#8415);
#2772=VERTEX_POINT('',#8417);
#2773=VERTEX_POINT('',#8419);
#2774=VERTEX_POINT('',#8426);
#2775=VERTEX_POINT('',#8428);
#2776=VERTEX_POINT('',#8431);
#2777=VERTEX_POINT('',#8432);
#2778=VERTEX_POINT('',#8435);
#2779=VERTEX_POINT('',#8463);
#2780=VERTEX_POINT('',#8464);
#2781=VERTEX_POINT('',#8466);
#2782=VERTEX_POINT('',#8468);
#2783=VERTEX_POINT('',#8472);
#2784=VERTEX_POINT('',#8473);
#2785=VERTEX_POINT('',#8478);
#2786=VERTEX_POINT('',#8479);
#2787=VERTEX_POINT('',#8487);
#2788=VERTEX_POINT('',#8488);
#2789=VERTEX_POINT('',#8490);
#2790=VERTEX_POINT('',#8492);
#2791=VERTEX_POINT('',#8506);
#2792=VERTEX_POINT('',#8507);
#2793=VERTEX_POINT('',#8509);
#2794=VERTEX_POINT('',#8511);
#2795=VERTEX_POINT('',#8515);
#2796=VERTEX_POINT('',#8516);
#2797=VERTEX_POINT('',#8521);
#2798=VERTEX_POINT('',#8522);
#2799=VERTEX_POINT('',#8530);
#2800=VERTEX_POINT('',#8531);
#2801=VERTEX_POINT('',#8533);
#2802=VERTEX_POINT('',#8535);
#2803=VERTEX_POINT('',#8549);
#2804=VERTEX_POINT('',#8550);
#2805=VERTEX_POINT('',#8552);
#2806=VERTEX_POINT('',#8554);
#2807=VERTEX_POINT('',#8558);
#2808=VERTEX_POINT('',#8559);
#2809=VERTEX_POINT('',#8561);
#2810=VERTEX_POINT('',#8563);
#2811=VERTEX_POINT('',#8567);
#2812=VERTEX_POINT('',#8568);
#2813=VERTEX_POINT('',#8570);
#2814=VERTEX_POINT('',#8572);
#2815=VERTEX_POINT('',#8576);
#2816=VERTEX_POINT('',#8577);
#2817=VERTEX_POINT('',#8579);
#2818=VERTEX_POINT('',#8581);
#2819=VERTEX_POINT('',#8585);
#2820=VERTEX_POINT('',#8586);
#2821=VERTEX_POINT('',#8589);
#2822=VERTEX_POINT('',#8591);
#2823=VERTEX_POINT('',#8593);
#2824=VERTEX_POINT('',#8595);
#2825=VERTEX_POINT('',#8600);
#2826=VERTEX_POINT('',#8601);
#2827=VERTEX_POINT('',#8604);
#2828=VERTEX_POINT('',#8609);
#2829=VERTEX_POINT('',#8610);
#2830=VERTEX_POINT('',#8613);
#2831=VERTEX_POINT('',#8618);
#2832=VERTEX_POINT('',#8619);
#2833=VERTEX_POINT('',#8622);
#2834=VERTEX_POINT('',#8624);
#2835=VERTEX_POINT('',#8634);
#2836=VERTEX_POINT('',#8640);
#2837=VERTEX_POINT('',#8646);
#2838=VERTEX_POINT('',#8652);
#2839=VERTEX_POINT('',#8660);
#2840=VERTEX_POINT('',#8661);
#2841=VERTEX_POINT('',#8663);
#2842=VERTEX_POINT('',#8665);
#2843=VERTEX_POINT('',#8669);
#2844=VERTEX_POINT('',#8670);
#2845=VERTEX_POINT('',#8675);
#2846=VERTEX_POINT('',#8676);
#2847=VERTEX_POINT('',#8684);
#2848=VERTEX_POINT('',#8685);
#2849=VERTEX_POINT('',#8687);
#2850=VERTEX_POINT('',#8689);
#2851=VERTEX_POINT('',#8703);
#2852=VERTEX_POINT('',#8704);
#2853=VERTEX_POINT('',#8706);
#2854=VERTEX_POINT('',#8708);
#2855=VERTEX_POINT('',#8710);
#2856=VERTEX_POINT('',#8712);
#2857=VERTEX_POINT('',#8714);
#2858=VERTEX_POINT('',#8716);
#2859=VERTEX_POINT('',#8718);
#2860=VERTEX_POINT('',#8720);
#2861=VERTEX_POINT('',#8722);
#2862=VERTEX_POINT('',#8724);
#2863=VERTEX_POINT('',#8726);
#2864=VERTEX_POINT('',#8728);
#2865=VERTEX_POINT('',#8730);
#2866=VERTEX_POINT('',#8733);
#2867=VERTEX_POINT('',#8734);
#2868=VERTEX_POINT('',#8736);
#2869=VERTEX_POINT('',#8738);
#2870=VERTEX_POINT('',#8740);
#2871=VERTEX_POINT('',#8742);
#2872=VERTEX_POINT('',#8744);
#2873=VERTEX_POINT('',#8746);
#2874=VERTEX_POINT('',#8748);
#2875=VERTEX_POINT('',#8750);
#2876=VERTEX_POINT('',#8754);
#2877=VERTEX_POINT('',#8755);
#2878=VERTEX_POINT('',#8760);
#2879=VERTEX_POINT('',#8764);
#2880=VERTEX_POINT('',#8765);
#2881=VERTEX_POINT('',#8770);
#2882=VERTEX_POINT('',#8774);
#2883=VERTEX_POINT('',#8775);
#2884=VERTEX_POINT('',#8780);
#2885=VERTEX_POINT('',#8784);
#2886=VERTEX_POINT('',#8785);
#2887=VERTEX_POINT('',#8790);
#2888=VERTEX_POINT('',#8794);
#2889=VERTEX_POINT('',#8795);
#2890=VERTEX_POINT('',#8800);
#2891=VERTEX_POINT('',#8804);
#2892=VERTEX_POINT('',#8805);
#2893=VERTEX_POINT('',#8807);
#2894=VERTEX_POINT('',#8809);
#2895=VERTEX_POINT('',#8811);
#2896=VERTEX_POINT('',#8813);
#2897=VERTEX_POINT('',#8815);
#2898=VERTEX_POINT('',#8817);
#2899=VERTEX_POINT('',#8819);
#2900=VERTEX_POINT('',#8821);
#2901=VERTEX_POINT('',#8825);
#2902=VERTEX_POINT('',#8827);
#2903=VERTEX_POINT('',#8831);
#2904=VERTEX_POINT('',#8835);
#2905=VERTEX_POINT('',#8839);
#2906=VERTEX_POINT('',#8843);
#2907=VERTEX_POINT('',#8847);
#2908=VERTEX_POINT('',#8851);
#2909=VERTEX_POINT('',#8855);
#2910=VERTEX_POINT('',#8859);
#2911=VERTEX_POINT('',#9082);
#2912=VERTEX_POINT('',#9083);
#2913=VERTEX_POINT('',#9085);
#2914=VERTEX_POINT('',#9087);
#2915=VERTEX_POINT('',#9094);
#2916=VERTEX_POINT('',#9096);
#2917=VERTEX_POINT('',#9099);
#2918=VERTEX_POINT('',#9100);
#2919=VERTEX_POINT('',#9103);
#2920=VERTEX_POINT('',#9131);
#2921=VERTEX_POINT('',#9132);
#2922=VERTEX_POINT('',#9134);
#2923=VERTEX_POINT('',#9136);
#2924=VERTEX_POINT('',#9140);
#2925=VERTEX_POINT('',#9141);
#2926=VERTEX_POINT('',#9146);
#2927=VERTEX_POINT('',#9147);
#2928=VERTEX_POINT('',#9155);
#2929=VERTEX_POINT('',#9156);
#2930=VERTEX_POINT('',#9158);
#2931=VERTEX_POINT('',#9160);
#2932=VERTEX_POINT('',#9174);
#2933=VERTEX_POINT('',#9175);
#2934=VERTEX_POINT('',#9177);
#2935=VERTEX_POINT('',#9179);
#2936=VERTEX_POINT('',#9183);
#2937=VERTEX_POINT('',#9184);
#2938=VERTEX_POINT('',#9189);
#2939=VERTEX_POINT('',#9190);
#2940=VERTEX_POINT('',#9198);
#2941=VERTEX_POINT('',#9199);
#2942=VERTEX_POINT('',#9201);
#2943=VERTEX_POINT('',#9203);
#2944=VERTEX_POINT('',#9217);
#2945=VERTEX_POINT('',#9218);
#2946=VERTEX_POINT('',#9220);
#2947=VERTEX_POINT('',#9222);
#2948=VERTEX_POINT('',#9225);
#2949=VERTEX_POINT('',#9226);
#2950=VERTEX_POINT('',#9228);
#2951=VERTEX_POINT('',#9230);
#2952=VERTEX_POINT('',#9234);
#2953=VERTEX_POINT('',#9236);
#2954=VERTEX_POINT('',#9240);
#2955=VERTEX_POINT('',#9242);
#2956=VERTEX_POINT('',#9249);
#2957=VERTEX_POINT('',#9253);
#2958=VERTEX_POINT('',#9257);
#2959=VERTEX_POINT('',#9259);
#2960=VERTEX_POINT('',#9263);
#2961=VERTEX_POINT('',#9265);
#2962=VERTEX_POINT('',#9276);
#2963=VERTEX_POINT('',#9277);
#2964=VERTEX_POINT('',#9279);
#2965=VERTEX_POINT('',#9281);
#2966=VERTEX_POINT('',#9285);
#2967=VERTEX_POINT('',#9286);
#2968=VERTEX_POINT('',#9291);
#2969=VERTEX_POINT('',#9292);
#2970=VERTEX_POINT('',#9300);
#2971=VERTEX_POINT('',#9301);
#2972=VERTEX_POINT('',#9303);
#2973=VERTEX_POINT('',#9305);
#2974=VERTEX_POINT('',#9319);
#2975=VERTEX_POINT('',#9320);
#2976=VERTEX_POINT('',#9322);
#2977=VERTEX_POINT('',#9324);
#2978=VERTEX_POINT('',#9328);
#2979=VERTEX_POINT('',#9330);
#2980=VERTEX_POINT('',#9334);
#2981=VERTEX_POINT('',#9336);
#2982=VERTEX_POINT('',#9346);
#2983=VERTEX_POINT('',#9347);
#2984=VERTEX_POINT('',#9349);
#2985=VERTEX_POINT('',#9351);
#2986=VERTEX_POINT('',#9355);
#2987=VERTEX_POINT('',#9357);
#2988=VERTEX_POINT('',#9361);
#2989=VERTEX_POINT('',#9363);
#2990=VERTEX_POINT('',#9386);
#2991=VERTEX_POINT('',#9387);
#2992=VERTEX_POINT('',#9389);
#2993=VERTEX_POINT('',#9406);
#2994=VERTEX_POINT('',#9407);
#2995=VERTEX_POINT('',#9409);
#2996=VERTEX_POINT('',#9426);
#2997=VERTEX_POINT('',#9427);
#2998=VERTEX_POINT('',#9429);
#2999=VERTEX_POINT('',#9446);
#3000=VERTEX_POINT('',#9447);
#3001=VERTEX_POINT('',#9449);
#3002=VERTEX_POINT('',#9466);
#3003=VERTEX_POINT('',#9467);
#3004=VERTEX_POINT('',#9469);
#3005=VERTEX_POINT('',#9473);
#3006=VERTEX_POINT('',#9474);
#3007=VERTEX_POINT('',#9477);
#3008=VERTEX_POINT('',#9479);
#3009=VERTEX_POINT('',#9482);
#3010=VERTEX_POINT('',#9484);
#3011=VERTEX_POINT('',#9487);
#3012=VERTEX_POINT('',#9489);
#3013=VERTEX_POINT('',#9492);
#3014=VERTEX_POINT('',#9494);
#3015=VERTEX_POINT('',#9499);
#3016=VERTEX_POINT('',#9500);
#3017=VERTEX_POINT('',#9502);
#3018=VERTEX_POINT('',#9504);
#3019=VERTEX_POINT('',#9508);
#3020=VERTEX_POINT('',#9509);
#3021=VERTEX_POINT('',#9511);
#3022=VERTEX_POINT('',#9513);
#3023=VERTEX_POINT('',#9517);
#3024=VERTEX_POINT('',#9518);
#3025=VERTEX_POINT('',#9520);
#3026=VERTEX_POINT('',#9522);
#3027=VERTEX_POINT('',#9526);
#3028=VERTEX_POINT('',#9527);
#3029=VERTEX_POINT('',#9529);
#3030=VERTEX_POINT('',#9531);
#3031=VERTEX_POINT('',#9535);
#3032=VERTEX_POINT('',#9536);
#3033=VERTEX_POINT('',#9538);
#3034=VERTEX_POINT('',#9540);
#3035=VERTEX_POINT('',#9544);
#3036=VERTEX_POINT('',#9545);
#3037=VERTEX_POINT('',#9547);
#3038=VERTEX_POINT('',#9549);
#3039=VERTEX_POINT('',#9553);
#3040=VERTEX_POINT('',#9554);
#3041=VERTEX_POINT('',#9556);
#3042=VERTEX_POINT('',#9558);
#3043=VERTEX_POINT('',#9562);
#3044=VERTEX_POINT('',#9563);
#3045=VERTEX_POINT('',#9565);
#3046=VERTEX_POINT('',#9567);
#3047=VERTEX_POINT('',#9571);
#3048=VERTEX_POINT('',#9572);
#3049=VERTEX_POINT('',#9574);
#3050=VERTEX_POINT('',#9576);
#3051=VERTEX_POINT('',#9580);
#3052=VERTEX_POINT('',#9581);
#3053=VERTEX_POINT('',#9583);
#3054=VERTEX_POINT('',#9585);
#3055=VERTEX_POINT('',#10086);
#3056=VERTEX_POINT('',#10087);
#3057=VERTEX_POINT('',#10089);
#3058=VERTEX_POINT('',#10091);
#3059=VERTEX_POINT('',#10094);
#3060=VERTEX_POINT('',#10095);
#3061=VERTEX_POINT('',#10097);
#3062=VERTEX_POINT('',#10100);
#3063=VERTEX_POINT('',#10101);
#3064=VERTEX_POINT('',#10103);
#3065=VERTEX_POINT('',#10105);
#3066=VERTEX_POINT('',#10108);
#3067=VERTEX_POINT('',#10109);
#3068=VERTEX_POINT('',#10111);
#3069=VERTEX_POINT('',#10114);
#3070=VERTEX_POINT('',#10115);
#3071=VERTEX_POINT('',#10117);
#3072=VERTEX_POINT('',#10119);
#3073=VERTEX_POINT('',#10123);
#3074=VERTEX_POINT('',#10124);
#3075=VERTEX_POINT('',#10126);
#3076=VERTEX_POINT('',#10129);
#3077=VERTEX_POINT('',#10130);
#3078=VERTEX_POINT('',#10132);
#3079=VERTEX_POINT('',#10134);
#3080=VERTEX_POINT('',#10137);
#3081=VERTEX_POINT('',#10138);
#3082=VERTEX_POINT('',#10140);
#3083=VERTEX_POINT('',#10143);
#3084=VERTEX_POINT('',#10144);
#3085=VERTEX_POINT('',#10146);
#3086=VERTEX_POINT('',#10148);
#3087=VERTEX_POINT('',#10151);
#3088=VERTEX_POINT('',#10152);
#3089=VERTEX_POINT('',#10154);
#3090=VERTEX_POINT('',#10156);
#3091=VERTEX_POINT('',#10160);
#3092=VERTEX_POINT('',#10162);
#3093=VERTEX_POINT('',#10166);
#3094=VERTEX_POINT('',#10170);
#3095=VERTEX_POINT('',#10176);
#3096=VERTEX_POINT('',#10177);
#3097=VERTEX_POINT('',#10179);
#3098=VERTEX_POINT('',#10181);
#3099=VERTEX_POINT('',#10222);
#3100=VERTEX_POINT('',#10223);
#3101=VERTEX_POINT('',#10225);
#3102=VERTEX_POINT('',#10227);
#3103=VERTEX_POINT('',#10231);
#3104=VERTEX_POINT('',#10232);
#3105=VERTEX_POINT('',#10237);
#3106=VERTEX_POINT('',#10238);
#3107=VERTEX_POINT('',#10246);
#3108=VERTEX_POINT('',#10247);
#3109=VERTEX_POINT('',#10249);
#3110=VERTEX_POINT('',#10251);
#3111=VERTEX_POINT('',#10265);
#3112=VERTEX_POINT('',#10266);
#3113=VERTEX_POINT('',#10268);
#3114=VERTEX_POINT('',#10270);
#3115=VERTEX_POINT('',#10274);
#3116=VERTEX_POINT('',#10276);
#3117=VERTEX_POINT('',#10280);
#3118=VERTEX_POINT('',#10282);
#3119=VERTEX_POINT('',#10286);
#3120=VERTEX_POINT('',#10287);
#3121=VERTEX_POINT('',#10289);
#3122=VERTEX_POINT('',#10291);
#3123=VERTEX_POINT('',#10295);
#3124=VERTEX_POINT('',#10297);
#3125=VERTEX_POINT('',#10301);
#3126=VERTEX_POINT('',#10303);
#3127=VERTEX_POINT('',#10316);
#3128=VERTEX_POINT('',#10317);
#3129=VERTEX_POINT('',#10319);
#3130=VERTEX_POINT('',#10321);
#3131=VERTEX_POINT('',#10323);
#3132=VERTEX_POINT('',#10325);
#3133=VERTEX_POINT('',#10327);
#3134=VERTEX_POINT('',#10329);
#3135=VERTEX_POINT('',#10332);
#3136=VERTEX_POINT('',#10333);
#3137=VERTEX_POINT('',#10335);
#3138=VERTEX_POINT('',#10337);
#3139=VERTEX_POINT('',#10341);
#3140=VERTEX_POINT('',#10342);
#3141=VERTEX_POINT('',#10344);
#3142=VERTEX_POINT('',#10346);
#3143=VERTEX_POINT('',#10350);
#3144=VERTEX_POINT('',#10351);
#3145=VERTEX_POINT('',#10353);
#3146=VERTEX_POINT('',#10355);
#3147=VERTEX_POINT('',#10359);
#3148=VERTEX_POINT('',#10360);
#3149=VERTEX_POINT('',#10365);
#3150=VERTEX_POINT('',#10366);
#3151=VERTEX_POINT('',#10369);
#3152=VERTEX_POINT('',#10371);
#3153=VERTEX_POINT('',#10376);
#3154=VERTEX_POINT('',#10377);
#3155=VERTEX_POINT('',#10383);
#3156=VERTEX_POINT('',#10384);
#3157=VERTEX_POINT('',#10386);
#3158=VERTEX_POINT('',#10393);
#3159=VERTEX_POINT('',#10397);
#3160=VERTEX_POINT('',#10401);
#3161=VERTEX_POINT('',#10407);
#3162=VERTEX_POINT('',#10413);
#3163=VERTEX_POINT('',#10422);
#3164=VERTEX_POINT('',#10424);
#3165=VERTEX_POINT('',#10428);
#3166=VERTEX_POINT('',#10432);
#3167=VERTEX_POINT('',#10440);
#3168=VERTEX_POINT('',#10441);
#3169=VERTEX_POINT('',#10443);
#3170=VERTEX_POINT('',#10445);
#3171=VERTEX_POINT('',#10449);
#3172=VERTEX_POINT('',#10450);
#3173=VERTEX_POINT('',#10455);
#3174=VERTEX_POINT('',#10456);
#3175=VERTEX_POINT('',#10464);
#3176=VERTEX_POINT('',#10465);
#3177=VERTEX_POINT('',#10467);
#3178=VERTEX_POINT('',#10469);
#3179=VERTEX_POINT('',#10483);
#3180=VERTEX_POINT('',#10484);
#3181=VERTEX_POINT('',#10486);
#3182=VERTEX_POINT('',#10488);
#3183=VERTEX_POINT('',#10492);
#3184=VERTEX_POINT('',#10494);
#3185=VERTEX_POINT('',#10498);
#3186=VERTEX_POINT('',#10500);
#3187=VERTEX_POINT('',#10510);
#3188=VERTEX_POINT('',#10512);
#3189=VERTEX_POINT('',#10515);
#3190=VERTEX_POINT('',#10518);
#3191=VERTEX_POINT('',#10523);
#3192=VERTEX_POINT('',#10524);
#3193=VERTEX_POINT('',#10526);
#3194=VERTEX_POINT('',#10528);
#3195=VERTEX_POINT('',#10532);
#3196=VERTEX_POINT('',#10533);
#3197=VERTEX_POINT('',#10538);
#3198=VERTEX_POINT('',#10539);
#3199=VERTEX_POINT('',#10547);
#3200=VERTEX_POINT('',#10548);
#3201=VERTEX_POINT('',#10550);
#3202=VERTEX_POINT('',#10552);
#3203=VERTEX_POINT('',#10566);
#3204=VERTEX_POINT('',#10567);
#3205=VERTEX_POINT('',#10569);
#3206=VERTEX_POINT('',#10571);
#3207=VERTEX_POINT('',#10575);
#3208=VERTEX_POINT('',#10576);
#3209=VERTEX_POINT('',#10581);
#3210=VERTEX_POINT('',#10582);
#3211=VERTEX_POINT('',#10590);
#3212=VERTEX_POINT('',#10591);
#3213=VERTEX_POINT('',#10593);
#3214=VERTEX_POINT('',#10595);
#3215=VERTEX_POINT('',#10609);
#3216=VERTEX_POINT('',#10610);
#3217=VERTEX_POINT('',#10612);
#3218=VERTEX_POINT('',#10614);
#3219=VERTEX_POINT('',#10618);
#3220=VERTEX_POINT('',#10619);
#3221=VERTEX_POINT('',#10624);
#3222=VERTEX_POINT('',#10625);
#3223=VERTEX_POINT('',#10633);
#3224=VERTEX_POINT('',#10634);
#3225=VERTEX_POINT('',#10636);
#3226=VERTEX_POINT('',#10638);
#3227=VERTEX_POINT('',#10652);
#3228=VERTEX_POINT('',#10653);
#3229=VERTEX_POINT('',#10655);
#3230=VERTEX_POINT('',#10657);
#3231=VERTEX_POINT('',#10661);
#3232=VERTEX_POINT('',#10663);
#3233=VERTEX_POINT('',#10667);
#3234=VERTEX_POINT('',#10669);
#3235=LINE('',#8319,#3886);
#3236=LINE('',#8322,#3887);
#3237=LINE('',#8324,#3888);
#3238=LINE('',#8326,#3889);
#3239=LINE('',#8328,#3890);
#3240=LINE('',#8330,#3891);
#3241=LINE('',#8332,#3892);
#3242=LINE('',#8334,#3893);
#3243=LINE('',#8336,#3894);
#3244=LINE('',#8338,#3895);
#3245=LINE('',#8340,#3896);
#3246=LINE('',#8342,#3897);
#3247=LINE('',#8343,#3898);
#3248=LINE('',#8345,#3899);
#3249=LINE('',#8347,#3900);
#3250=LINE('',#8349,#3901);
#3251=LINE('',#8351,#3902);
#3252=LINE('',#8353,#3903);
#3253=LINE('',#8355,#3904);
#3254=LINE('',#8358,#3905);
#3255=LINE('',#8360,#3906);
#3256=LINE('',#8362,#3907);
#3257=LINE('',#8364,#3908);
#3258=LINE('',#8366,#3909);
#3259=LINE('',#8370,#3910);
#3260=LINE('',#8373,#3911);
#3261=LINE('',#8375,#3912);
#3262=LINE('',#8377,#3913);
#3263=LINE('',#8379,#3914);
#3264=LINE('',#8382,#3915);
#3265=LINE('',#8383,#3916);
#3266=LINE('',#8385,#3917);
#3267=LINE('',#8388,#3918);
#3268=LINE('',#8389,#3919);
#3269=LINE('',#8391,#3920);
#3270=LINE('',#8392,#3921);
#3271=LINE('',#8394,#3922);
#3272=LINE('',#8397,#3923);
#3273=LINE('',#8399,#3924);
#3274=LINE('',#8401,#3925);
#3275=LINE('',#8413,#3926);
#3276=LINE('',#8418,#3927);
#3277=LINE('',#8462,#3928);
#3278=LINE('',#8465,#3929);
#3279=LINE('',#8467,#3930);
#3280=LINE('',#8469,#3931);
#3281=LINE('',#8471,#3932);
#3282=LINE('',#8474,#3933);
#3283=LINE('',#8475,#3934);
#3284=LINE('',#8477,#3935);
#3285=LINE('',#8480,#3936);
#3286=LINE('',#8481,#3937);
#3287=LINE('',#8483,#3938);
#3288=LINE('',#8484,#3939);
#3289=LINE('',#8486,#3940);
#3290=LINE('',#8489,#3941);
#3291=LINE('',#8491,#3942);
#3292=LINE('',#8493,#3943);
#3293=LINE('',#8496,#3944);
#3294=LINE('',#8497,#3945);
#3295=LINE('',#8499,#3946);
#3296=LINE('',#8501,#3947);
#3297=LINE('',#8505,#3948);
#3298=LINE('',#8508,#3949);
#3299=LINE('',#8510,#3950);
#3300=LINE('',#8512,#3951);
#3301=LINE('',#8514,#3952);
#3302=LINE('',#8517,#3953);
#3303=LINE('',#8518,#3954);
#3304=LINE('',#8520,#3955);
#3305=LINE('',#8523,#3956);
#3306=LINE('',#8524,#3957);
#3307=LINE('',#8526,#3958);
#3308=LINE('',#8527,#3959);
#3309=LINE('',#8529,#3960);
#3310=LINE('',#8532,#3961);
#3311=LINE('',#8534,#3962);
#3312=LINE('',#8536,#3963);
#3313=LINE('',#8548,#3964);
#3314=LINE('',#8551,#3965);
#3315=LINE('',#8553,#3966);
#3316=LINE('',#8555,#3967);
#3317=LINE('',#8557,#3968);
#3318=LINE('',#8560,#3969);
#3319=LINE('',#8562,#3970);
#3320=LINE('',#8564,#3971);
#3321=LINE('',#8566,#3972);
#3322=LINE('',#8569,#3973);
#3323=LINE('',#8571,#3974);
#3324=LINE('',#8573,#3975);
#3325=LINE('',#8575,#3976);
#3326=LINE('',#8578,#3977);
#3327=LINE('',#8580,#3978);
#3328=LINE('',#8582,#3979);
#3329=LINE('',#8584,#3980);
#3330=LINE('',#8587,#3981);
#3331=LINE('',#8588,#3982);
#3332=LINE('',#8590,#3983);
#3333=LINE('',#8592,#3984);
#3334=LINE('',#8594,#3985);
#3335=LINE('',#8596,#3986);
#3336=LINE('',#8597,#3987);
#3337=LINE('',#8599,#3988);
#3338=LINE('',#8602,#3989);
#3339=LINE('',#8603,#3990);
#3340=LINE('',#8605,#3991);
#3341=LINE('',#8606,#3992);
#3342=LINE('',#8608,#3993);
#3343=LINE('',#8611,#3994);
#3344=LINE('',#8612,#3995);
#3345=LINE('',#8614,#3996);
#3346=LINE('',#8615,#3997);
#3347=LINE('',#8617,#3998);
#3348=LINE('',#8620,#3999);
#3349=LINE('',#8621,#4000);
#3350=LINE('',#8623,#4001);
#3351=LINE('',#8625,#4002);
#3352=LINE('',#8626,#4003);
#3353=LINE('',#8628,#4004);
#3354=LINE('',#8630,#4005);
#3355=LINE('',#8633,#4006);
#3356=LINE('',#8635,#4007);
#3357=LINE('',#8637,#4008);
#3358=LINE('',#8639,#4009);
#3359=LINE('',#8641,#4010);
#3360=LINE('',#8643,#4011);
#3361=LINE('',#8645,#4012);
#3362=LINE('',#8647,#4013);
#3363=LINE('',#8649,#4014);
#3364=LINE('',#8651,#4015);
#3365=LINE('',#8653,#4016);
#3366=LINE('',#8655,#4017);
#3367=LINE('',#8659,#4018);
#3368=LINE('',#8662,#4019);
#3369=LINE('',#8664,#4020);
#3370=LINE('',#8666,#4021);
#3371=LINE('',#8668,#4022);
#3372=LINE('',#8671,#4023);
#3373=LINE('',#8672,#4024);
#3374=LINE('',#8674,#4025);
#3375=LINE('',#8677,#4026);
#3376=LINE('',#8678,#4027);
#3377=LINE('',#8680,#4028);
#3378=LINE('',#8681,#4029);
#3379=LINE('',#8683,#4030);
#3380=LINE('',#8686,#4031);
#3381=LINE('',#8688,#4032);
#3382=LINE('',#8690,#4033);
#3383=LINE('',#8693,#4034);
#3384=LINE('',#8694,#4035);
#3385=LINE('',#8696,#4036);
#3386=LINE('',#8698,#4037);
#3387=LINE('',#8702,#4038);
#3388=LINE('',#8707,#4039);
#3389=LINE('',#8709,#4040);
#3390=LINE('',#8713,#4041);
#3391=LINE('',#8715,#4042);
#3392=LINE('',#8719,#4043);
#3393=LINE('',#8721,#4044);
#3394=LINE('',#8725,#4045);
#3395=LINE('',#8727,#4046);
#3396=LINE('',#8731,#4047);
#3397=LINE('',#8732,#4048);
#3398=LINE('',#8735,#4049);
#3399=LINE('',#8737,#4050);
#3400=LINE('',#8739,#4051);
#3401=LINE('',#8741,#4052);
#3402=LINE('',#8743,#4053);
#3403=LINE('',#8745,#4054);
#3404=LINE('',#8747,#4055);
#3405=LINE('',#8749,#4056);
#3406=LINE('',#8751,#4057);
#3407=LINE('',#8753,#4058);
#3408=LINE('',#8756,#4059);
#3409=LINE('',#8757,#4060);
#3410=LINE('',#8759,#4061);
#3411=LINE('',#8761,#4062);
#3412=LINE('',#8763,#4063);
#3413=LINE('',#8766,#4064);
#3414=LINE('',#8767,#4065);
#3415=LINE('',#8769,#4066);
#3416=LINE('',#8771,#4067);
#3417=LINE('',#8773,#4068);
#3418=LINE('',#8776,#4069);
#3419=LINE('',#8777,#4070);
#3420=LINE('',#8779,#4071);
#3421=LINE('',#8781,#4072);
#3422=LINE('',#8783,#4073);
#3423=LINE('',#8786,#4074);
#3424=LINE('',#8787,#4075);
#3425=LINE('',#8789,#4076);
#3426=LINE('',#8791,#4077);
#3427=LINE('',#8793,#4078);
#3428=LINE('',#8796,#4079);
#3429=LINE('',#8797,#4080);
#3430=LINE('',#8799,#4081);
#3431=LINE('',#8801,#4082);
#3432=LINE('',#8803,#4083);
#3433=LINE('',#8806,#4084);
#3434=LINE('',#8808,#4085);
#3435=LINE('',#8810,#4086);
#3436=LINE('',#8812,#4087);
#3437=LINE('',#8814,#4088);
#3438=LINE('',#8816,#4089);
#3439=LINE('',#8818,#4090);
#3440=LINE('',#8820,#4091);
#3441=LINE('',#8822,#4092);
#3442=LINE('',#8824,#4093);
#3443=LINE('',#8826,#4094);
#3444=LINE('',#8828,#4095);
#3445=LINE('',#8830,#4096);
#3446=LINE('',#8832,#4097);
#3447=LINE('',#8834,#4098);
#3448=LINE('',#8836,#4099);
#3449=LINE('',#8838,#4100);
#3450=LINE('',#8840,#4101);
#3451=LINE('',#8842,#4102);
#3452=LINE('',#8844,#4103);
#3453=LINE('',#8846,#4104);
#3454=LINE('',#8848,#4105);
#3455=LINE('',#8850,#4106);
#3456=LINE('',#8852,#4107);
#3457=LINE('',#8854,#4108);
#3458=LINE('',#8856,#4109);
#3459=LINE('',#8858,#4110);
#3460=LINE('',#8860,#4111);
#3461=LINE('',#8862,#4112);
#3462=LINE('',#9081,#4113);
#3463=LINE('',#9086,#4114);
#3464=LINE('',#9130,#4115);
#3465=LINE('',#9133,#4116);
#3466=LINE('',#9135,#4117);
#3467=LINE('',#9137,#4118);
#3468=LINE('',#9139,#4119);
#3469=LINE('',#9142,#4120);
#3470=LINE('',#9143,#4121);
#3471=LINE('',#9145,#4122);
#3472=LINE('',#9148,#4123);
#3473=LINE('',#9149,#4124);
#3474=LINE('',#9151,#4125);
#3475=LINE('',#9152,#4126);
#3476=LINE('',#9154,#4127);
#3477=LINE('',#9157,#4128);
#3478=LINE('',#9159,#4129);
#3479=LINE('',#9161,#4130);
#3480=LINE('',#9164,#4131);
#3481=LINE('',#9165,#4132);
#3482=LINE('',#9167,#4133);
#3483=LINE('',#9169,#4134);
#3484=LINE('',#9173,#4135);
#3485=LINE('',#9176,#4136);
#3486=LINE('',#9178,#4137);
#3487=LINE('',#9180,#4138);
#3488=LINE('',#9182,#4139);
#3489=LINE('',#9185,#4140);
#3490=LINE('',#9186,#4141);
#3491=LINE('',#9188,#4142);
#3492=LINE('',#9191,#4143);
#3493=LINE('',#9192,#4144);
#3494=LINE('',#9194,#4145);
#3495=LINE('',#9195,#4146);
#3496=LINE('',#9197,#4147);
#3497=LINE('',#9200,#4148);
#3498=LINE('',#9202,#4149);
#3499=LINE('',#9204,#4150);
#3500=LINE('',#9207,#4151);
#3501=LINE('',#9208,#4152);
#3502=LINE('',#9210,#4153);
#3503=LINE('',#9212,#4154);
#3504=LINE('',#9216,#4155);
#3505=LINE('',#9219,#4156);
#3506=LINE('',#9221,#4157);
#3507=LINE('',#9223,#4158);
#3508=LINE('',#9224,#4159);
#3509=LINE('',#9227,#4160);
#3510=LINE('',#9229,#4161);
#3511=LINE('',#9231,#4162);
#3512=LINE('',#9233,#4163);
#3513=LINE('',#9235,#4164);
#3514=LINE('',#9237,#4165);
#3515=LINE('',#9239,#4166);
#3516=LINE('',#9241,#4167);
#3517=LINE('',#9243,#4168);
#3518=LINE('',#9245,#4169);
#3519=LINE('',#9246,#4170);
#3520=LINE('',#9256,#4171);
#3521=LINE('',#9258,#4172);
#3522=LINE('',#9260,#4173);
#3523=LINE('',#9262,#4174);
#3524=LINE('',#9264,#4175);
#3525=LINE('',#9266,#4176);
#3526=LINE('',#9268,#4177);
#3527=LINE('',#9269,#4178);
#3528=LINE('',#9275,#4179);
#3529=LINE('',#9278,#4180);
#3530=LINE('',#9280,#4181);
#3531=LINE('',#9282,#4182);
#3532=LINE('',#9284,#4183);
#3533=LINE('',#9287,#4184);
#3534=LINE('',#9288,#4185);
#3535=LINE('',#9290,#4186);
#3536=LINE('',#9293,#4187);
#3537=LINE('',#9294,#4188);
#3538=LINE('',#9296,#4189);
#3539=LINE('',#9297,#4190);
#3540=LINE('',#9299,#4191);
#3541=LINE('',#9302,#4192);
#3542=LINE('',#9304,#4193);
#3543=LINE('',#9306,#4194);
#3544=LINE('',#9309,#4195);
#3545=LINE('',#9310,#4196);
#3546=LINE('',#9312,#4197);
#3547=LINE('',#9314,#4198);
#3548=LINE('',#9318,#4199);
#3549=LINE('',#9321,#4200);
#3550=LINE('',#9323,#4201);
#3551=LINE('',#9325,#4202);
#3552=LINE('',#9327,#4203);
#3553=LINE('',#9329,#4204);
#3554=LINE('',#9331,#4205);
#3555=LINE('',#9333,#4206);
#3556=LINE('',#9335,#4207);
#3557=LINE('',#9337,#4208);
#3558=LINE('',#9339,#4209);
#3559=LINE('',#9340,#4210);
#3560=LINE('',#9345,#4211);
#3561=LINE('',#9348,#4212);
#3562=LINE('',#9350,#4213);
#3563=LINE('',#9352,#4214);
#3564=LINE('',#9354,#4215);
#3565=LINE('',#9356,#4216);
#3566=LINE('',#9358,#4217);
#3567=LINE('',#9360,#4218);
#3568=LINE('',#9362,#4219);
#3569=LINE('',#9364,#4220);
#3570=LINE('',#9366,#4221);
#3571=LINE('',#9367,#4222);
#3572=LINE('',#9475,#4223);
#3573=LINE('',#9476,#4224);
#3574=LINE('',#9480,#4225);
#3575=LINE('',#9481,#4226);
#3576=LINE('',#9485,#4227);
#3577=LINE('',#9486,#4228);
#3578=LINE('',#9490,#4229);
#3579=LINE('',#9491,#4230);
#3580=LINE('',#9495,#4231);
#3581=LINE('',#9496,#4232);
#3582=LINE('',#9498,#4233);
#3583=LINE('',#9501,#4234);
#3584=LINE('',#9503,#4235);
#3585=LINE('',#9505,#4236);
#3586=LINE('',#9507,#4237);
#3587=LINE('',#9510,#4238);
#3588=LINE('',#9512,#4239);
#3589=LINE('',#9514,#4240);
#3590=LINE('',#9516,#4241);
#3591=LINE('',#9519,#4242);
#3592=LINE('',#9521,#4243);
#3593=LINE('',#9523,#4244);
#3594=LINE('',#9525,#4245);
#3595=LINE('',#9528,#4246);
#3596=LINE('',#9530,#4247);
#3597=LINE('',#9532,#4248);
#3598=LINE('',#9534,#4249);
#3599=LINE('',#9537,#4250);
#3600=LINE('',#9539,#4251);
#3601=LINE('',#9541,#4252);
#3602=LINE('',#9543,#4253);
#3603=LINE('',#9546,#4254);
#3604=LINE('',#9548,#4255);
#3605=LINE('',#9550,#4256);
#3606=LINE('',#9552,#4257);
#3607=LINE('',#9555,#4258);
#3608=LINE('',#9557,#4259);
#3609=LINE('',#9559,#4260);
#3610=LINE('',#9561,#4261);
#3611=LINE('',#9564,#4262);
#3612=LINE('',#9566,#4263);
#3613=LINE('',#9568,#4264);
#3614=LINE('',#9570,#4265);
#3615=LINE('',#9573,#4266);
#3616=LINE('',#9575,#4267);
#3617=LINE('',#9577,#4268);
#3618=LINE('',#9579,#4269);
#3619=LINE('',#9582,#4270);
#3620=LINE('',#9584,#4271);
#3621=LINE('',#9586,#4272);
#3622=LINE('',#10085,#4273);
#3623=LINE('',#10088,#4274);
#3624=LINE('',#10090,#4275);
#3625=LINE('',#10092,#4276);
#3626=LINE('',#10093,#4277);
#3627=LINE('',#10096,#4278);
#3628=LINE('',#10099,#4279);
#3629=LINE('',#10102,#4280);
#3630=LINE('',#10104,#4281);
#3631=LINE('',#10106,#4282);
#3632=LINE('',#10107,#4283);
#3633=LINE('',#10112,#4284);
#3634=LINE('',#10113,#4285);
#3635=LINE('',#10116,#4286);
#3636=LINE('',#10118,#4287);
#3637=LINE('',#10120,#4288);
#3638=LINE('',#10122,#4289);
#3639=LINE('',#10125,#4290);
#3640=LINE('',#10131,#4291);
#3641=LINE('',#10133,#4292);
#3642=LINE('',#10135,#4293);
#3643=LINE('',#10139,#4294);
#3644=LINE('',#10141,#4295);
#3645=LINE('',#10142,#4296);
#3646=LINE('',#10145,#4297);
#3647=LINE('',#10147,#4298);
#3648=LINE('',#10149,#4299);
#3649=LINE('',#10150,#4300);
#3650=LINE('',#10153,#4301);
#3651=LINE('',#10155,#4302);
#3652=LINE('',#10157,#4303);
#3653=LINE('',#10159,#4304);
#3654=LINE('',#10161,#4305);
#3655=LINE('',#10163,#4306);
#3656=LINE('',#10165,#4307);
#3657=LINE('',#10167,#4308);
#3658=LINE('',#10169,#4309);
#3659=LINE('',#10171,#4310);
#3660=LINE('',#10173,#4311);
#3661=LINE('',#10178,#4312);
#3662=LINE('',#10180,#4313);
#3663=LINE('',#10182,#4314);
#3664=LINE('',#10184,#4315);
#3665=LINE('',#10185,#4316);
#3666=LINE('',#10187,#4317);
#3667=LINE('',#10189,#4318);
#3668=LINE('',#10192,#4319);
#3669=LINE('',#10193,#4320);
#3670=LINE('',#10195,#4321);
#3671=LINE('',#10198,#4322);
#3672=LINE('',#10199,#4323);
#3673=LINE('',#10201,#4324);
#3674=LINE('',#10204,#4325);
#3675=LINE('',#10205,#4326);
#3676=LINE('',#10207,#4327);
#3677=LINE('',#10209,#4328);
#3678=LINE('',#10212,#4329);
#3679=LINE('',#10213,#4330);
#3680=LINE('',#10215,#4331);
#3681=LINE('',#10217,#4332);
#3682=LINE('',#10221,#4333);
#3683=LINE('',#10224,#4334);
#3684=LINE('',#10226,#4335);
#3685=LINE('',#10228,#4336);
#3686=LINE('',#10230,#4337);
#3687=LINE('',#10233,#4338);
#3688=LINE('',#10234,#4339);
#3689=LINE('',#10236,#4340);
#3690=LINE('',#10239,#4341);
#3691=LINE('',#10240,#4342);
#3692=LINE('',#10242,#4343);
#3693=LINE('',#10243,#4344);
#3694=LINE('',#10245,#4345);
#3695=LINE('',#10248,#4346);
#3696=LINE('',#10250,#4347);
#3697=LINE('',#10252,#4348);
#3698=LINE('',#10255,#4349);
#3699=LINE('',#10256,#4350);
#3700=LINE('',#10258,#4351);
#3701=LINE('',#10260,#4352);
#3702=LINE('',#10264,#4353);
#3703=LINE('',#10267,#4354);
#3704=LINE('',#10269,#4355);
#3705=LINE('',#10271,#4356);
#3706=LINE('',#10273,#4357);
#3707=LINE('',#10275,#4358);
#3708=LINE('',#10277,#4359);
#3709=LINE('',#10279,#4360);
#3710=LINE('',#10281,#4361);
#3711=LINE('',#10283,#4362);
#3712=LINE('',#10285,#4363);
#3713=LINE('',#10288,#4364);
#3714=LINE('',#10290,#4365);
#3715=LINE('',#10292,#4366);
#3716=LINE('',#10294,#4367);
#3717=LINE('',#10296,#4368);
#3718=LINE('',#10298,#4369);
#3719=LINE('',#10300,#4370);
#3720=LINE('',#10302,#4371);
#3721=LINE('',#10304,#4372);
#3722=LINE('',#10306,#4373);
#3723=LINE('',#10307,#4374);
#3724=LINE('',#10309,#4375);
#3725=LINE('',#10310,#4376);
#3726=LINE('',#10315,#4377);
#3727=LINE('',#10318,#4378);
#3728=LINE('',#10320,#4379);
#3729=LINE('',#10322,#4380);
#3730=LINE('',#10324,#4381);
#3731=LINE('',#10326,#4382);
#3732=LINE('',#10328,#4383);
#3733=LINE('',#10330,#4384);
#3734=LINE('',#10331,#4385);
#3735=LINE('',#10334,#4386);
#3736=LINE('',#10336,#4387);
#3737=LINE('',#10338,#4388);
#3738=LINE('',#10340,#4389);
#3739=LINE('',#10343,#4390);
#3740=LINE('',#10345,#4391);
#3741=LINE('',#10347,#4392);
#3742=LINE('',#10349,#4393);
#3743=LINE('',#10352,#4394);
#3744=LINE('',#10354,#4395);
#3745=LINE('',#10356,#4396);
#3746=LINE('',#10358,#4397);
#3747=LINE('',#10361,#4398);
#3748=LINE('',#10362,#4399);
#3749=LINE('',#10364,#4400);
#3750=LINE('',#10367,#4401);
#3751=LINE('',#10368,#4402);
#3752=LINE('',#10370,#4403);
#3753=LINE('',#10372,#4404);
#3754=LINE('',#10373,#4405);
#3755=LINE('',#10375,#4406);
#3756=LINE('',#10378,#4407);
#3757=LINE('',#10379,#4408);
#3758=LINE('',#10380,#4409);
#3759=LINE('',#10382,#4410);
#3760=LINE('',#10385,#4411);
#3761=LINE('',#10387,#4412);
#3762=LINE('',#10388,#4413);
#3763=LINE('',#10389,#4414);
#3764=LINE('',#10392,#4415);
#3765=LINE('',#10394,#4416);
#3766=LINE('',#10396,#4417);
#3767=LINE('',#10398,#4418);
#3768=LINE('',#10400,#4419);
#3769=LINE('',#10402,#4420);
#3770=LINE('',#10404,#4421);
#3771=LINE('',#10406,#4422);
#3772=LINE('',#10408,#4423);
#3773=LINE('',#10410,#4424);
#3774=LINE('',#10412,#4425);
#3775=LINE('',#10414,#4426);
#3776=LINE('',#10416,#4427);
#3777=LINE('',#10418,#4428);
#3778=LINE('',#10421,#4429);
#3779=LINE('',#10423,#4430);
#3780=LINE('',#10425,#4431);
#3781=LINE('',#10427,#4432);
#3782=LINE('',#10429,#4433);
#3783=LINE('',#10431,#4434);
#3784=LINE('',#10433,#4435);
#3785=LINE('',#10435,#4436);
#3786=LINE('',#10439,#4437);
#3787=LINE('',#10442,#4438);
#3788=LINE('',#10444,#4439);
#3789=LINE('',#10446,#4440);
#3790=LINE('',#10448,#4441);
#3791=LINE('',#10451,#4442);
#3792=LINE('',#10452,#4443);
#3793=LINE('',#10454,#4444);
#3794=LINE('',#10457,#4445);
#3795=LINE('',#10458,#4446);
#3796=LINE('',#10460,#4447);
#3797=LINE('',#10461,#4448);
#3798=LINE('',#10463,#4449);
#3799=LINE('',#10466,#4450);
#3800=LINE('',#10468,#4451);
#3801=LINE('',#10470,#4452);
#3802=LINE('',#10482,#4453);
#3803=LINE('',#10485,#4454);
#3804=LINE('',#10487,#4455);
#3805=LINE('',#10489,#4456);
#3806=LINE('',#10491,#4457);
#3807=LINE('',#10493,#4458);
#3808=LINE('',#10495,#4459);
#3809=LINE('',#10497,#4460);
#3810=LINE('',#10499,#4461);
#3811=LINE('',#10501,#4462);
#3812=LINE('',#10503,#4463);
#3813=LINE('',#10504,#4464);
#3814=LINE('',#10522,#4465);
#3815=LINE('',#10525,#4466);
#3816=LINE('',#10527,#4467);
#3817=LINE('',#10529,#4468);
#3818=LINE('',#10531,#4469);
#3819=LINE('',#10534,#4470);
#3820=LINE('',#10535,#4471);
#3821=LINE('',#10537,#4472);
#3822=LINE('',#10540,#4473);
#3823=LINE('',#10541,#4474);
#3824=LINE('',#10543,#4475);
#3825=LINE('',#10544,#4476);
#3826=LINE('',#10546,#4477);
#3827=LINE('',#10549,#4478);
#3828=LINE('',#10551,#4479);
#3829=LINE('',#10553,#4480);
#3830=LINE('',#10556,#4481);
#3831=LINE('',#10557,#4482);
#3832=LINE('',#10559,#4483);
#3833=LINE('',#10561,#4484);
#3834=LINE('',#10565,#4485);
#3835=LINE('',#10568,#4486);
#3836=LINE('',#10570,#4487);
#3837=LINE('',#10572,#4488);
#3838=LINE('',#10574,#4489);
#3839=LINE('',#10577,#4490);
#3840=LINE('',#10578,#4491);
#3841=LINE('',#10580,#4492);
#3842=LINE('',#10583,#4493);
#3843=LINE('',#10584,#4494);
#3844=LINE('',#10586,#4495);
#3845=LINE('',#10587,#4496);
#3846=LINE('',#10589,#4497);
#3847=LINE('',#10592,#4498);
#3848=LINE('',#10594,#4499);
#3849=LINE('',#10596,#4500);
#3850=LINE('',#10599,#4501);
#3851=LINE('',#10600,#4502);
#3852=LINE('',#10602,#4503);
#3853=LINE('',#10604,#4504);
#3854=LINE('',#10608,#4505);
#3855=LINE('',#10611,#4506);
#3856=LINE('',#10613,#4507);
#3857=LINE('',#10615,#4508);
#3858=LINE('',#10617,#4509);
#3859=LINE('',#10620,#4510);
#3860=LINE('',#10621,#4511);
#3861=LINE('',#10623,#4512);
#3862=LINE('',#10626,#4513);
#3863=LINE('',#10627,#4514);
#3864=LINE('',#10629,#4515);
#3865=LINE('',#10630,#4516);
#3866=LINE('',#10632,#4517);
#3867=LINE('',#10635,#4518);
#3868=LINE('',#10637,#4519);
#3869=LINE('',#10639,#4520);
#3870=LINE('',#10642,#4521);
#3871=LINE('',#10643,#4522);
#3872=LINE('',#10645,#4523);
#3873=LINE('',#10647,#4524);
#3874=LINE('',#10651,#4525);
#3875=LINE('',#10654,#4526);
#3876=LINE('',#10656,#4527);
#3877=LINE('',#10658,#4528);
#3878=LINE('',#10660,#4529);
#3879=LINE('',#10662,#4530);
#3880=LINE('',#10664,#4531);
#3881=LINE('',#10666,#4532);
#3882=LINE('',#10668,#4533);
#3883=LINE('',#10670,#4534);
#3884=LINE('',#10672,#4535);
#3885=LINE('',#10673,#4536);
#3886=VECTOR('',#6718,1.);
#3887=VECTOR('',#6719,1.);
#3888=VECTOR('',#6720,1.);
#3889=VECTOR('',#6721,1.);
#3890=VECTOR('',#6724,1.);
#3891=VECTOR('',#6725,1.);
#3892=VECTOR('',#6726,1.);
#3893=VECTOR('',#6729,1.);
#3894=VECTOR('',#6730,1.);
#3895=VECTOR('',#6731,1.);
#3896=VECTOR('',#6734,1.);
#3897=VECTOR('',#6735,1.);
#3898=VECTOR('',#6736,1.);
#3899=VECTOR('',#6737,1.);
#3900=VECTOR('',#6738,1.);
#3901=VECTOR('',#6739,1.);
#3902=VECTOR('',#6742,1.);
#3903=VECTOR('',#6743,1.);
#3904=VECTOR('',#6744,1.);
#3905=VECTOR('',#6749,1.);
#3906=VECTOR('',#6750,1.);
#3907=VECTOR('',#6753,1.);
#3908=VECTOR('',#6754,1.);
#3909=VECTOR('',#6757,1.);
#3910=VECTOR('',#6764,1.);
#3911=VECTOR('',#6765,1.);
#3912=VECTOR('',#6766,1.);
#3913=VECTOR('',#6767,1.);
#3914=VECTOR('',#6770,1.);
#3915=VECTOR('',#6771,1.);
#3916=VECTOR('',#6772,1.);
#3917=VECTOR('',#6775,1.);
#3918=VECTOR('',#6776,1.);
#3919=VECTOR('',#6777,1.);
#3920=VECTOR('',#6780,1.);
#3921=VECTOR('',#6781,1.);
#3922=VECTOR('',#6784,1.);
#3923=VECTOR('',#6785,1.);
#3924=VECTOR('',#6786,1.);
#3925=VECTOR('',#6787,1.);
#3926=VECTOR('',#6810,1.);
#3927=VECTOR('',#6813,1.);
#3928=VECTOR('',#6848,1.);
#3929=VECTOR('',#6849,1.);
#3930=VECTOR('',#6850,1.);
#3931=VECTOR('',#6851,1.);
#3932=VECTOR('',#6854,1.);
#3933=VECTOR('',#6855,1.);
#3934=VECTOR('',#6856,1.);
#3935=VECTOR('',#6859,1.);
#3936=VECTOR('',#6860,1.);
#3937=VECTOR('',#6861,1.);
#3938=VECTOR('',#6864,1.);
#3939=VECTOR('',#6865,1.);
#3940=VECTOR('',#6868,1.);
#3941=VECTOR('',#6869,1.);
#3942=VECTOR('',#6870,1.);
#3943=VECTOR('',#6871,1.);
#3944=VECTOR('',#6876,1.);
#3945=VECTOR('',#6877,1.);
#3946=VECTOR('',#6880,1.);
#3947=VECTOR('',#6883,1.);
#3948=VECTOR('',#6890,1.);
#3949=VECTOR('',#6891,1.);
#3950=VECTOR('',#6892,1.);
#3951=VECTOR('',#6893,1.);
#3952=VECTOR('',#6896,1.);
#3953=VECTOR('',#6897,1.);
#3954=VECTOR('',#6898,1.);
#3955=VECTOR('',#6901,1.);
#3956=VECTOR('',#6902,1.);
#3957=VECTOR('',#6903,1.);
#3958=VECTOR('',#6906,1.);
#3959=VECTOR('',#6907,1.);
#3960=VECTOR('',#6910,1.);
#3961=VECTOR('',#6911,1.);
#3962=VECTOR('',#6912,1.);
#3963=VECTOR('',#6913,1.);
#3964=VECTOR('',#6936,1.);
#3965=VECTOR('',#6937,1.);
#3966=VECTOR('',#6938,1.);
#3967=VECTOR('',#6939,1.);
#3968=VECTOR('',#6942,1.);
#3969=VECTOR('',#6943,1.);
#3970=VECTOR('',#6944,1.);
#3971=VECTOR('',#6945,1.);
#3972=VECTOR('',#6948,1.);
#3973=VECTOR('',#6949,1.);
#3974=VECTOR('',#6950,1.);
#3975=VECTOR('',#6951,1.);
#3976=VECTOR('',#6954,1.);
#3977=VECTOR('',#6955,1.);
#3978=VECTOR('',#6956,1.);
#3979=VECTOR('',#6957,1.);
#3980=VECTOR('',#6960,1.);
#3981=VECTOR('',#6961,1.);
#3982=VECTOR('',#6962,1.);
#3983=VECTOR('',#6963,1.);
#3984=VECTOR('',#6964,1.);
#3985=VECTOR('',#6965,1.);
#3986=VECTOR('',#6966,1.);
#3987=VECTOR('',#6967,1.);
#3988=VECTOR('',#6970,1.);
#3989=VECTOR('',#6971,1.);
#3990=VECTOR('',#6972,1.);
#3991=VECTOR('',#6973,1.);
#3992=VECTOR('',#6974,1.);
#3993=VECTOR('',#6977,1.);
#3994=VECTOR('',#6978,1.);
#3995=VECTOR('',#6979,1.);
#3996=VECTOR('',#6980,1.);
#3997=VECTOR('',#6981,1.);
#3998=VECTOR('',#6984,1.);
#3999=VECTOR('',#6985,1.);
#4000=VECTOR('',#6986,1.);
#4001=VECTOR('',#6987,1.);
#4002=VECTOR('',#6988,1.);
#4003=VECTOR('',#6989,1.);
#4004=VECTOR('',#6992,1.);
#4005=VECTOR('',#6995,1.);
#4006=VECTOR('',#7000,1.);
#4007=VECTOR('',#7001,1.);
#4008=VECTOR('',#7004,1.);
#4009=VECTOR('',#7007,1.);
#4010=VECTOR('',#7008,1.);
#4011=VECTOR('',#7011,1.);
#4012=VECTOR('',#7014,1.);
#4013=VECTOR('',#7015,1.);
#4014=VECTOR('',#7018,1.);
#4015=VECTOR('',#7021,1.);
#4016=VECTOR('',#7022,1.);
#4017=VECTOR('',#7025,1.);
#4018=VECTOR('',#7032,1.);
#4019=VECTOR('',#7033,1.);
#4020=VECTOR('',#7034,1.);
#4021=VECTOR('',#7035,1.);
#4022=VECTOR('',#7038,1.);
#4023=VECTOR('',#7039,1.);
#4024=VECTOR('',#7040,1.);
#4025=VECTOR('',#7043,1.);
#4026=VECTOR('',#7044,1.);
#4027=VECTOR('',#7045,1.);
#4028=VECTOR('',#7048,1.);
#4029=VECTOR('',#7049,1.);
#4030=VECTOR('',#7052,1.);
#4031=VECTOR('',#7053,1.);
#4032=VECTOR('',#7054,1.);
#4033=VECTOR('',#7055,1.);
#4034=VECTOR('',#7060,1.);
#4035=VECTOR('',#7061,1.);
#4036=VECTOR('',#7064,1.);
#4037=VECTOR('',#7067,1.);
#4038=VECTOR('',#7074,1.);
#4039=VECTOR('',#7077,1.);
#4040=VECTOR('',#7078,1.);
#4041=VECTOR('',#7081,1.);
#4042=VECTOR('',#7082,1.);
#4043=VECTOR('',#7085,1.);
#4044=VECTOR('',#7086,1.);
#4045=VECTOR('',#7089,1.);
#4046=VECTOR('',#7090,1.);
#4047=VECTOR('',#7093,1.);
#4048=VECTOR('',#7094,1.);
#4049=VECTOR('',#7095,1.);
#4050=VECTOR('',#7096,1.);
#4051=VECTOR('',#7097,1.);
#4052=VECTOR('',#7098,1.);
#4053=VECTOR('',#7099,1.);
#4054=VECTOR('',#7100,1.);
#4055=VECTOR('',#7101,1.);
#4056=VECTOR('',#7102,1.);
#4057=VECTOR('',#7103,1.);
#4058=VECTOR('',#7106,1.);
#4059=VECTOR('',#7107,1.);
#4060=VECTOR('',#7108,1.);
#4061=VECTOR('',#7111,1.);
#4062=VECTOR('',#7112,1.);
#4063=VECTOR('',#7115,1.);
#4064=VECTOR('',#7116,1.);
#4065=VECTOR('',#7117,1.);
#4066=VECTOR('',#7120,1.);
#4067=VECTOR('',#7121,1.);
#4068=VECTOR('',#7124,1.);
#4069=VECTOR('',#7125,1.);
#4070=VECTOR('',#7126,1.);
#4071=VECTOR('',#7129,1.);
#4072=VECTOR('',#7130,1.);
#4073=VECTOR('',#7133,1.);
#4074=VECTOR('',#7134,1.);
#4075=VECTOR('',#7135,1.);
#4076=VECTOR('',#7138,1.);
#4077=VECTOR('',#7139,1.);
#4078=VECTOR('',#7142,1.);
#4079=VECTOR('',#7143,1.);
#4080=VECTOR('',#7144,1.);
#4081=VECTOR('',#7147,1.);
#4082=VECTOR('',#7148,1.);
#4083=VECTOR('',#7151,1.);
#4084=VECTOR('',#7152,1.);
#4085=VECTOR('',#7153,1.);
#4086=VECTOR('',#7154,1.);
#4087=VECTOR('',#7155,1.);
#4088=VECTOR('',#7156,1.);
#4089=VECTOR('',#7157,1.);
#4090=VECTOR('',#7158,1.);
#4091=VECTOR('',#7159,1.);
#4092=VECTOR('',#7160,1.);
#4093=VECTOR('',#7163,1.);
#4094=VECTOR('',#7164,1.);
#4095=VECTOR('',#7165,1.);
#4096=VECTOR('',#7168,1.);
#4097=VECTOR('',#7169,1.);
#4098=VECTOR('',#7172,1.);
#4099=VECTOR('',#7173,1.);
#4100=VECTOR('',#7176,1.);
#4101=VECTOR('',#7177,1.);
#4102=VECTOR('',#7180,1.);
#4103=VECTOR('',#7181,1.);
#4104=VECTOR('',#7184,1.);
#4105=VECTOR('',#7185,1.);
#4106=VECTOR('',#7188,1.);
#4107=VECTOR('',#7189,1.);
#4108=VECTOR('',#7192,1.);
#4109=VECTOR('',#7193,1.);
#4110=VECTOR('',#7196,1.);
#4111=VECTOR('',#7197,1.);
#4112=VECTOR('',#7200,1.);
#4113=VECTOR('',#7277,1.);
#4114=VECTOR('',#7280,1.);
#4115=VECTOR('',#7315,1.);
#4116=VECTOR('',#7316,1.);
#4117=VECTOR('',#7317,1.);
#4118=VECTOR('',#7318,1.);
#4119=VECTOR('',#7321,1.);
#4120=VECTOR('',#7322,1.);
#4121=VECTOR('',#7323,1.);
#4122=VECTOR('',#7326,1.);
#4123=VECTOR('',#7327,1.);
#4124=VECTOR('',#7328,1.);
#4125=VECTOR('',#7331,1.);
#4126=VECTOR('',#7332,1.);
#4127=VECTOR('',#7335,1.);
#4128=VECTOR('',#7336,1.);
#4129=VECTOR('',#7337,1.);
#4130=VECTOR('',#7338,1.);
#4131=VECTOR('',#7343,1.);
#4132=VECTOR('',#7344,1.);
#4133=VECTOR('',#7347,1.);
#4134=VECTOR('',#7350,1.);
#4135=VECTOR('',#7357,1.);
#4136=VECTOR('',#7358,1.);
#4137=VECTOR('',#7359,1.);
#4138=VECTOR('',#7360,1.);
#4139=VECTOR('',#7363,1.);
#4140=VECTOR('',#7364,1.);
#4141=VECTOR('',#7365,1.);
#4142=VECTOR('',#7368,1.);
#4143=VECTOR('',#7369,1.);
#4144=VECTOR('',#7370,1.);
#4145=VECTOR('',#7373,1.);
#4146=VECTOR('',#7374,1.);
#4147=VECTOR('',#7377,1.);
#4148=VECTOR('',#7378,1.);
#4149=VECTOR('',#7379,1.);
#4150=VECTOR('',#7380,1.);
#4151=VECTOR('',#7385,1.);
#4152=VECTOR('',#7386,1.);
#4153=VECTOR('',#7389,1.);
#4154=VECTOR('',#7392,1.);
#4155=VECTOR('',#7399,1.);
#4156=VECTOR('',#7400,1.);
#4157=VECTOR('',#7401,1.);
#4158=VECTOR('',#7402,1.);
#4159=VECTOR('',#7403,1.);
#4160=VECTOR('',#7404,1.);
#4161=VECTOR('',#7405,1.);
#4162=VECTOR('',#7406,1.);
#4163=VECTOR('',#7409,1.);
#4164=VECTOR('',#7410,1.);
#4165=VECTOR('',#7411,1.);
#4166=VECTOR('',#7414,1.);
#4167=VECTOR('',#7415,1.);
#4168=VECTOR('',#7416,1.);
#4169=VECTOR('',#7419,1.);
#4170=VECTOR('',#7420,1.);
#4171=VECTOR('',#7435,1.);
#4172=VECTOR('',#7436,1.);
#4173=VECTOR('',#7437,1.);
#4174=VECTOR('',#7440,1.);
#4175=VECTOR('',#7441,1.);
#4176=VECTOR('',#7442,1.);
#4177=VECTOR('',#7445,1.);
#4178=VECTOR('',#7446,1.);
#4179=VECTOR('',#7457,1.);
#4180=VECTOR('',#7458,1.);
#4181=VECTOR('',#7459,1.);
#4182=VECTOR('',#7460,1.);
#4183=VECTOR('',#7463,1.);
#4184=VECTOR('',#7464,1.);
#4185=VECTOR('',#7465,1.);
#4186=VECTOR('',#7468,1.);
#4187=VECTOR('',#7469,1.);
#4188=VECTOR('',#7470,1.);
#4189=VECTOR('',#7473,1.);
#4190=VECTOR('',#7474,1.);
#4191=VECTOR('',#7477,1.);
#4192=VECTOR('',#7478,1.);
#4193=VECTOR('',#7479,1.);
#4194=VECTOR('',#7480,1.);
#4195=VECTOR('',#7485,1.);
#4196=VECTOR('',#7486,1.);
#4197=VECTOR('',#7489,1.);
#4198=VECTOR('',#7492,1.);
#4199=VECTOR('',#7499,1.);
#4200=VECTOR('',#7500,1.);
#4201=VECTOR('',#7501,1.);
#4202=VECTOR('',#7502,1.);
#4203=VECTOR('',#7505,1.);
#4204=VECTOR('',#7506,1.);
#4205=VECTOR('',#7507,1.);
#4206=VECTOR('',#7510,1.);
#4207=VECTOR('',#7511,1.);
#4208=VECTOR('',#7512,1.);
#4209=VECTOR('',#7515,1.);
#4210=VECTOR('',#7516,1.);
#4211=VECTOR('',#7525,1.);
#4212=VECTOR('',#7526,1.);
#4213=VECTOR('',#7527,1.);
#4214=VECTOR('',#7528,1.);
#4215=VECTOR('',#7531,1.);
#4216=VECTOR('',#7532,1.);
#4217=VECTOR('',#7533,1.);
#4218=VECTOR('',#7536,1.);
#4219=VECTOR('',#7537,1.);
#4220=VECTOR('',#7538,1.);
#4221=VECTOR('',#7541,1.);
#4222=VECTOR('',#7542,1.);
#4223=VECTOR('',#7573,1.);
#4224=VECTOR('',#7574,1.);
#4225=VECTOR('',#7577,1.);
#4226=VECTOR('',#7578,1.);
#4227=VECTOR('',#7581,1.);
#4228=VECTOR('',#7582,1.);
#4229=VECTOR('',#7585,1.);
#4230=VECTOR('',#7586,1.);
#4231=VECTOR('',#7589,1.);
#4232=VECTOR('',#7590,1.);
#4233=VECTOR('',#7593,1.);
#4234=VECTOR('',#7594,1.);
#4235=VECTOR('',#7595,1.);
#4236=VECTOR('',#7596,1.);
#4237=VECTOR('',#7599,1.);
#4238=VECTOR('',#7600,1.);
#4239=VECTOR('',#7601,1.);
#4240=VECTOR('',#7602,1.);
#4241=VECTOR('',#7605,1.);
#4242=VECTOR('',#7606,1.);
#4243=VECTOR('',#7607,1.);
#4244=VECTOR('',#7608,1.);
#4245=VECTOR('',#7611,1.);
#4246=VECTOR('',#7612,1.);
#4247=VECTOR('',#7613,1.);
#4248=VECTOR('',#7614,1.);
#4249=VECTOR('',#7617,1.);
#4250=VECTOR('',#7618,1.);
#4251=VECTOR('',#7619,1.);
#4252=VECTOR('',#7620,1.);
#4253=VECTOR('',#7623,1.);
#4254=VECTOR('',#7624,1.);
#4255=VECTOR('',#7625,1.);
#4256=VECTOR('',#7626,1.);
#4257=VECTOR('',#7629,1.);
#4258=VECTOR('',#7630,1.);
#4259=VECTOR('',#7631,1.);
#4260=VECTOR('',#7632,1.);
#4261=VECTOR('',#7635,1.);
#4262=VECTOR('',#7636,1.);
#4263=VECTOR('',#7637,1.);
#4264=VECTOR('',#7638,1.);
#4265=VECTOR('',#7641,1.);
#4266=VECTOR('',#7642,1.);
#4267=VECTOR('',#7643,1.);
#4268=VECTOR('',#7644,1.);
#4269=VECTOR('',#7647,1.);
#4270=VECTOR('',#7648,1.);
#4271=VECTOR('',#7649,1.);
#4272=VECTOR('',#7650,1.);
#4273=VECTOR('',#7757,1.);
#4274=VECTOR('',#7758,1.);
#4275=VECTOR('',#7759,1.);
#4276=VECTOR('',#7760,1.);
#4277=VECTOR('',#7761,1.);
#4278=VECTOR('',#7762,1.);
#4279=VECTOR('',#7765,1.);
#4280=VECTOR('',#7766,1.);
#4281=VECTOR('',#7767,1.);
#4282=VECTOR('',#7768,1.);
#4283=VECTOR('',#7769,1.);
#4284=VECTOR('',#7772,1.);
#4285=VECTOR('',#7773,1.);
#4286=VECTOR('',#7774,1.);
#4287=VECTOR('',#7775,1.);
#4288=VECTOR('',#7776,1.);
#4289=VECTOR('',#7779,1.);
#4290=VECTOR('',#7780,1.);
#4291=VECTOR('',#7785,1.);
#4292=VECTOR('',#7786,1.);
#4293=VECTOR('',#7787,1.);
#4294=VECTOR('',#7790,1.);
#4295=VECTOR('',#7791,1.);
#4296=VECTOR('',#7792,1.);
#4297=VECTOR('',#7793,1.);
#4298=VECTOR('',#7794,1.);
#4299=VECTOR('',#7795,1.);
#4300=VECTOR('',#7796,1.);
#4301=VECTOR('',#7797,1.);
#4302=VECTOR('',#7798,1.);
#4303=VECTOR('',#7799,1.);
#4304=VECTOR('',#7802,1.);
#4305=VECTOR('',#7803,1.);
#4306=VECTOR('',#7804,1.);
#4307=VECTOR('',#7807,1.);
#4308=VECTOR('',#7808,1.);
#4309=VECTOR('',#7811,1.);
#4310=VECTOR('',#7812,1.);
#4311=VECTOR('',#7815,1.);
#4312=VECTOR('',#7820,1.);
#4313=VECTOR('',#7821,1.);
#4314=VECTOR('',#7822,1.);
#4315=VECTOR('',#7825,1.);
#4316=VECTOR('',#7826,1.);
#4317=VECTOR('',#7829,1.);
#4318=VECTOR('',#7832,1.);
#4319=VECTOR('',#7837,1.);
#4320=VECTOR('',#7838,1.);
#4321=VECTOR('',#7841,1.);
#4322=VECTOR('',#7846,1.);
#4323=VECTOR('',#7847,1.);
#4324=VECTOR('',#7850,1.);
#4325=VECTOR('',#7855,1.);
#4326=VECTOR('',#7856,1.);
#4327=VECTOR('',#7859,1.);
#4328=VECTOR('',#7862,1.);
#4329=VECTOR('',#7867,1.);
#4330=VECTOR('',#7868,1.);
#4331=VECTOR('',#7871,1.);
#4332=VECTOR('',#7874,1.);
#4333=VECTOR('',#7881,1.);
#4334=VECTOR('',#7882,1.);
#4335=VECTOR('',#7883,1.);
#4336=VECTOR('',#7884,1.);
#4337=VECTOR('',#7887,1.);
#4338=VECTOR('',#7888,1.);
#4339=VECTOR('',#7889,1.);
#4340=VECTOR('',#7892,1.);
#4341=VECTOR('',#7893,1.);
#4342=VECTOR('',#7894,1.);
#4343=VECTOR('',#7897,1.);
#4344=VECTOR('',#7898,1.);
#4345=VECTOR('',#7901,1.);
#4346=VECTOR('',#7902,1.);
#4347=VECTOR('',#7903,1.);
#4348=VECTOR('',#7904,1.);
#4349=VECTOR('',#7909,1.);
#4350=VECTOR('',#7910,1.);
#4351=VECTOR('',#7913,1.);
#4352=VECTOR('',#7916,1.);
#4353=VECTOR('',#7923,1.);
#4354=VECTOR('',#7924,1.);
#4355=VECTOR('',#7925,1.);
#4356=VECTOR('',#7926,1.);
#4357=VECTOR('',#7929,1.);
#4358=VECTOR('',#7930,1.);
#4359=VECTOR('',#7931,1.);
#4360=VECTOR('',#7934,1.);
#4361=VECTOR('',#7935,1.);
#4362=VECTOR('',#7936,1.);
#4363=VECTOR('',#7939,1.);
#4364=VECTOR('',#7940,1.);
#4365=VECTOR('',#7941,1.);
#4366=VECTOR('',#7942,1.);
#4367=VECTOR('',#7945,1.);
#4368=VECTOR('',#7946,1.);
#4369=VECTOR('',#7947,1.);
#4370=VECTOR('',#7950,1.);
#4371=VECTOR('',#7951,1.);
#4372=VECTOR('',#7952,1.);
#4373=VECTOR('',#7955,1.);
#4374=VECTOR('',#7956,1.);
#4375=VECTOR('',#7959,1.);
#4376=VECTOR('',#7960,1.);
#4377=VECTOR('',#7969,1.);
#4378=VECTOR('',#7970,1.);
#4379=VECTOR('',#7971,1.);
#4380=VECTOR('',#7972,1.);
#4381=VECTOR('',#7973,1.);
#4382=VECTOR('',#7974,1.);
#4383=VECTOR('',#7975,1.);
#4384=VECTOR('',#7976,1.);
#4385=VECTOR('',#7977,1.);
#4386=VECTOR('',#7978,1.);
#4387=VECTOR('',#7979,1.);
#4388=VECTOR('',#7980,1.);
#4389=VECTOR('',#7983,1.);
#4390=VECTOR('',#7984,1.);
#4391=VECTOR('',#7985,1.);
#4392=VECTOR('',#7986,1.);
#4393=VECTOR('',#7989,1.);
#4394=VECTOR('',#7990,1.);
#4395=VECTOR('',#7991,1.);
#4396=VECTOR('',#7992,1.);
#4397=VECTOR('',#7995,1.);
#4398=VECTOR('',#7996,1.);
#4399=VECTOR('',#7997,1.);
#4400=VECTOR('',#8000,1.);
#4401=VECTOR('',#8001,1.);
#4402=VECTOR('',#8002,1.);
#4403=VECTOR('',#8003,1.);
#4404=VECTOR('',#8004,1.);
#4405=VECTOR('',#8005,1.);
#4406=VECTOR('',#8008,1.);
#4407=VECTOR('',#8009,1.);
#4408=VECTOR('',#8010,1.);
#4409=VECTOR('',#8011,1.);
#4410=VECTOR('',#8014,1.);
#4411=VECTOR('',#8015,1.);
#4412=VECTOR('',#8016,1.);
#4413=VECTOR('',#8017,1.);
#4414=VECTOR('',#8018,1.);
#4415=VECTOR('',#8023,1.);
#4416=VECTOR('',#8024,1.);
#4417=VECTOR('',#8027,1.);
#4418=VECTOR('',#8028,1.);
#4419=VECTOR('',#8031,1.);
#4420=VECTOR('',#8032,1.);
#4421=VECTOR('',#8035,1.);
#4422=VECTOR('',#8038,1.);
#4423=VECTOR('',#8039,1.);
#4424=VECTOR('',#8042,1.);
#4425=VECTOR('',#8045,1.);
#4426=VECTOR('',#8046,1.);
#4427=VECTOR('',#8049,1.);
#4428=VECTOR('',#8052,1.);
#4429=VECTOR('',#8057,1.);
#4430=VECTOR('',#8058,1.);
#4431=VECTOR('',#8059,1.);
#4432=VECTOR('',#8062,1.);
#4433=VECTOR('',#8063,1.);
#4434=VECTOR('',#8066,1.);
#4435=VECTOR('',#8067,1.);
#4436=VECTOR('',#8070,1.);
#4437=VECTOR('',#8077,1.);
#4438=VECTOR('',#8078,1.);
#4439=VECTOR('',#8079,1.);
#4440=VECTOR('',#8080,1.);
#4441=VECTOR('',#8083,1.);
#4442=VECTOR('',#8084,1.);
#4443=VECTOR('',#8085,1.);
#4444=VECTOR('',#8088,1.);
#4445=VECTOR('',#8089,1.);
#4446=VECTOR('',#8090,1.);
#4447=VECTOR('',#8093,1.);
#4448=VECTOR('',#8094,1.);
#4449=VECTOR('',#8097,1.);
#4450=VECTOR('',#8098,1.);
#4451=VECTOR('',#8099,1.);
#4452=VECTOR('',#8100,1.);
#4453=VECTOR('',#8123,1.);
#4454=VECTOR('',#8124,1.);
#4455=VECTOR('',#8125,1.);
#4456=VECTOR('',#8126,1.);
#4457=VECTOR('',#8129,1.);
#4458=VECTOR('',#8130,1.);
#4459=VECTOR('',#8131,1.);
#4460=VECTOR('',#8134,1.);
#4461=VECTOR('',#8135,1.);
#4462=VECTOR('',#8136,1.);
#4463=VECTOR('',#8139,1.);
#4464=VECTOR('',#8140,1.);
#4465=VECTOR('',#8167,1.);
#4466=VECTOR('',#8168,1.);
#4467=VECTOR('',#8169,1.);
#4468=VECTOR('',#8170,1.);
#4469=VECTOR('',#8173,1.);
#4470=VECTOR('',#8174,1.);
#4471=VECTOR('',#8175,1.);
#4472=VECTOR('',#8178,1.);
#4473=VECTOR('',#8179,1.);
#4474=VECTOR('',#8180,1.);
#4475=VECTOR('',#8183,1.);
#4476=VECTOR('',#8184,1.);
#4477=VECTOR('',#8187,1.);
#4478=VECTOR('',#8188,1.);
#4479=VECTOR('',#8189,1.);
#4480=VECTOR('',#8190,1.);
#4481=VECTOR('',#8195,1.);
#4482=VECTOR('',#8196,1.);
#4483=VECTOR('',#8199,1.);
#4484=VECTOR('',#8202,1.);
#4485=VECTOR('',#8209,1.);
#4486=VECTOR('',#8210,1.);
#4487=VECTOR('',#8211,1.);
#4488=VECTOR('',#8212,1.);
#4489=VECTOR('',#8215,1.);
#4490=VECTOR('',#8216,1.);
#4491=VECTOR('',#8217,1.);
#4492=VECTOR('',#8220,1.);
#4493=VECTOR('',#8221,1.);
#4494=VECTOR('',#8222,1.);
#4495=VECTOR('',#8225,1.);
#4496=VECTOR('',#8226,1.);
#4497=VECTOR('',#8229,1.);
#4498=VECTOR('',#8230,1.);
#4499=VECTOR('',#8231,1.);
#4500=VECTOR('',#8232,1.);
#4501=VECTOR('',#8237,1.);
#4502=VECTOR('',#8238,1.);
#4503=VECTOR('',#8241,1.);
#4504=VECTOR('',#8244,1.);
#4505=VECTOR('',#8251,1.);
#4506=VECTOR('',#8252,1.);
#4507=VECTOR('',#8253,1.);
#4508=VECTOR('',#8254,1.);
#4509=VECTOR('',#8257,1.);
#4510=VECTOR('',#8258,1.);
#4511=VECTOR('',#8259,1.);
#4512=VECTOR('',#8262,1.);
#4513=VECTOR('',#8263,1.);
#4514=VECTOR('',#8264,1.);
#4515=VECTOR('',#8267,1.);
#4516=VECTOR('',#8268,1.);
#4517=VECTOR('',#8271,1.);
#4518=VECTOR('',#8272,1.);
#4519=VECTOR('',#8273,1.);
#4520=VECTOR('',#8274,1.);
#4521=VECTOR('',#8279,1.);
#4522=VECTOR('',#8280,1.);
#4523=VECTOR('',#8283,1.);
#4524=VECTOR('',#8286,1.);
#4525=VECTOR('',#8293,1.);
#4526=VECTOR('',#8294,1.);
#4527=VECTOR('',#8295,1.);
#4528=VECTOR('',#8296,1.);
#4529=VECTOR('',#8299,1.);
#4530=VECTOR('',#8300,1.);
#4531=VECTOR('',#8301,1.);
#4532=VECTOR('',#8304,1.);
#4533=VECTOR('',#8305,1.);
#4534=VECTOR('',#8306,1.);
#4535=VECTOR('',#8309,1.);
#4536=VECTOR('',#8310,1.);
#4537=EDGE_LOOP('',(#396,#397,#398,#399));
#4538=EDGE_LOOP('',(#400,#401,#402,#403));
#4539=EDGE_LOOP('',(#404,#405,#406,#407));
#4540=EDGE_LOOP('',(#408,#409,#410,#411,#412,#413,#414,#415));
#4541=EDGE_LOOP('',(#416,#417,#418,#419));
#4542=EDGE_LOOP('',(#420,#421,#422,#423));
#4543=EDGE_LOOP('',(#424,#425,#426,#427));
#4544=EDGE_LOOP('',(#428,#429,#430,#431));
#4545=EDGE_LOOP('',(#432,#433,#434,#435));
#4546=EDGE_LOOP('',(#436,#437,#438,#439,#440,#441,#442,#443));
#4547=EDGE_LOOP('',(#444,#445,#446,#447));
#4548=EDGE_LOOP('',(#448,#449,#450,#451));
#4549=EDGE_LOOP('',(#452,#453,#454,#455));
#4550=EDGE_LOOP('',(#456,#457,#458,#459));
#4551=EDGE_LOOP('',(#460,#461,#462,#463));
#4552=EDGE_LOOP('',(#464,#465,#466,#467));
#4553=EDGE_LOOP('',(#468,#469,#470,#471));
#4554=EDGE_LOOP('',(#472,#473,#474,#475));
#4555=EDGE_LOOP('',(#476,#477,#478,#479));
#4556=EDGE_LOOP('',(#480,#481,#482,#483));
#4557=EDGE_LOOP('',(#484,#485,#486,#487));
#4558=EDGE_LOOP('',(#488,#489,#490,#491));
#4559=EDGE_LOOP('',(#492));
#4560=EDGE_LOOP('',(#493));
#4561=EDGE_LOOP('',(#494,#495));
#4562=EDGE_LOOP('',(#496));
#4563=EDGE_LOOP('',(#497,#498));
#4564=EDGE_LOOP('',(#499));
#4565=EDGE_LOOP('',(#500,#501,#502,#503));
#4566=EDGE_LOOP('',(#504,#505,#506,#507));
#4567=EDGE_LOOP('',(#508));
#4568=EDGE_LOOP('',(#509));
#4569=EDGE_LOOP('',(#510,#511,#512,#513));
#4570=EDGE_LOOP('',(#514,#515,#516,#517));
#4571=EDGE_LOOP('',(#518,#519,#520,#521));
#4572=EDGE_LOOP('',(#522,#523,#524,#525));
#4573=EDGE_LOOP('',(#526,#527,#528,#529));
#4574=EDGE_LOOP('',(#530,#531,#532,#533));
#4575=EDGE_LOOP('',(#534,#535,#536,#537));
#4576=EDGE_LOOP('',(#538,#539,#540,#541));
#4577=EDGE_LOOP('',(#542,#543,#544,#545));
#4578=EDGE_LOOP('',(#546,#547,#548,#549));
#4579=EDGE_LOOP('',(#550,#551,#552,#553));
#4580=EDGE_LOOP('',(#554,#555,#556,#557));
#4581=EDGE_LOOP('',(#558,#559,#560,#561));
#4582=EDGE_LOOP('',(#562,#563,#564,#565));
#4583=EDGE_LOOP('',(#566,#567,#568,#569));
#4584=EDGE_LOOP('',(#570,#571,#572,#573));
#4585=EDGE_LOOP('',(#574,#575,#576,#577));
#4586=EDGE_LOOP('',(#578,#579,#580,#581));
#4587=EDGE_LOOP('',(#582,#583,#584,#585));
#4588=EDGE_LOOP('',(#586,#587,#588,#589));
#4589=EDGE_LOOP('',(#590,#591,#592,#593));
#4590=EDGE_LOOP('',(#594,#595,#596,#597));
#4591=EDGE_LOOP('',(#598,#599,#600,#601));
#4592=EDGE_LOOP('',(#602,#603,#604,#605));
#4593=EDGE_LOOP('',(#606,#607,#608,#609,#610,#611,#612,#613,#614,#615));
#4594=EDGE_LOOP('',(#616,#617,#618,#619,#620,#621,#622,#623));
#4595=EDGE_LOOP('',(#624,#625,#626,#627,#628,#629,#630,#631));
#4596=EDGE_LOOP('',(#632,#633,#634,#635,#636,#637,#638,#639,#640,#641));
#4597=EDGE_LOOP('',(#642,#643,#644,#645));
#4598=EDGE_LOOP('',(#646,#647,#648,#649));
#4599=EDGE_LOOP('',(#650,#651,#652,#653));
#4600=EDGE_LOOP('',(#654,#655,#656,#657));
#4601=EDGE_LOOP('',(#658,#659,#660,#661));
#4602=EDGE_LOOP('',(#662,#663,#664,#665));
#4603=EDGE_LOOP('',(#666,#667,#668,#669));
#4604=EDGE_LOOP('',(#670,#671,#672,#673));
#4605=EDGE_LOOP('',(#674,#675,#676,#677));
#4606=EDGE_LOOP('',(#678,#679,#680,#681));
#4607=EDGE_LOOP('',(#682,#683,#684,#685));
#4608=EDGE_LOOP('',(#686,#687,#688,#689,#690,#691,#692,#693,#694,#695,#696,
#697));
#4609=EDGE_LOOP('',(#698,#699,#700,#701));
#4610=EDGE_LOOP('',(#702,#703,#704,#705));
#4611=EDGE_LOOP('',(#706,#707,#708,#709));
#4612=EDGE_LOOP('',(#710,#711,#712,#713));
#4613=EDGE_LOOP('',(#714,#715,#716,#717));
#4614=EDGE_LOOP('',(#718,#719,#720,#721));
#4615=EDGE_LOOP('',(#722,#723,#724,#725));
#4616=EDGE_LOOP('',(#726,#727,#728,#729));
#4617=EDGE_LOOP('',(#730,#731,#732,#733));
#4618=EDGE_LOOP('',(#734,#735,#736,#737));
#4619=EDGE_LOOP('',(#738,#739,#740,#741,#742,#743,#744,#745,#746,#747,#748,
#749,#750,#751,#752));
#4620=EDGE_LOOP('',(#753,#754,#755,#756,#757,#758,#759,#760,#761,#762));
#4621=EDGE_LOOP('',(#763,#764,#765,#766));
#4622=EDGE_LOOP('',(#767,#768,#769,#770));
#4623=EDGE_LOOP('',(#771,#772,#773,#774));
#4624=EDGE_LOOP('',(#775,#776,#777,#778));
#4625=EDGE_LOOP('',(#779,#780,#781,#782));
#4626=EDGE_LOOP('',(#783,#784,#785,#786));
#4627=EDGE_LOOP('',(#787,#788,#789,#790));
#4628=EDGE_LOOP('',(#791,#792,#793,#794));
#4629=EDGE_LOOP('',(#795,#796,#797,#798));
#4630=EDGE_LOOP('',(#799,#800,#801,#802));
#4631=EDGE_LOOP('',(#803,#804,#805,#806,#807,#808,#809,#810,#811,#812));
#4632=EDGE_LOOP('',(#813,#814,#815,#816));
#4633=EDGE_LOOP('',(#817,#818,#819,#820));
#4634=EDGE_LOOP('',(#821,#822,#823,#824));
#4635=EDGE_LOOP('',(#825,#826,#827,#828));
#4636=EDGE_LOOP('',(#829,#830,#831,#832));
#4637=EDGE_LOOP('',(#833,#834,#835,#836));
#4638=EDGE_LOOP('',(#837,#838,#839,#840));
#4639=EDGE_LOOP('',(#841,#842,#843,#844));
#4640=EDGE_LOOP('',(#845,#846,#847,#848));
#4641=EDGE_LOOP('',(#849,#850,#851,#852));
#4642=EDGE_LOOP('',(#853,#854,#855,#856,#857,#858,#859,#860,#861,#862));
#4643=EDGE_LOOP('',(#863,#864,#865,#866));
#4644=EDGE_LOOP('',(#867,#868,#869,#870));
#4645=EDGE_LOOP('',(#871,#872,#873,#874));
#4646=EDGE_LOOP('',(#875,#876,#877,#878));
#4647=EDGE_LOOP('',(#879,#880,#881,#882));
#4648=EDGE_LOOP('',(#883,#884,#885,#886));
#4649=EDGE_LOOP('',(#887,#888,#889,#890));
#4650=EDGE_LOOP('',(#891,#892,#893,#894));
#4651=EDGE_LOOP('',(#895,#896,#897,#898));
#4652=EDGE_LOOP('',(#899,#900,#901,#902));
#4653=EDGE_LOOP('',(#903,#904,#905));
#4654=EDGE_LOOP('',(#906,#907,#908,#909));
#4655=EDGE_LOOP('',(#910,#911,#912));
#4656=EDGE_LOOP('',(#913,#914,#915,#916));
#4657=EDGE_LOOP('',(#917,#918,#919));
#4658=EDGE_LOOP('',(#920,#921,#922,#923));
#4659=EDGE_LOOP('',(#924,#925,#926));
#4660=EDGE_LOOP('',(#927,#928,#929,#930));
#4661=EDGE_LOOP('',(#931,#932,#933));
#4662=EDGE_LOOP('',(#934,#935,#936,#937));
#4663=EDGE_LOOP('',(#938,#939,#940,#941));
#4664=EDGE_LOOP('',(#942,#943,#944,#945));
#4665=EDGE_LOOP('',(#946));
#4666=EDGE_LOOP('',(#947));
#4667=EDGE_LOOP('',(#948,#949));
#4668=EDGE_LOOP('',(#950));
#4669=EDGE_LOOP('',(#951,#952));
#4670=EDGE_LOOP('',(#953));
#4671=EDGE_LOOP('',(#954,#955,#956,#957));
#4672=EDGE_LOOP('',(#958,#959,#960,#961));
#4673=EDGE_LOOP('',(#962));
#4674=EDGE_LOOP('',(#963));
#4675=EDGE_LOOP('',(#964,#965,#966,#967));
#4676=EDGE_LOOP('',(#968,#969,#970,#971));
#4677=EDGE_LOOP('',(#972,#973,#974,#975));
#4678=EDGE_LOOP('',(#976,#977,#978,#979));
#4679=EDGE_LOOP('',(#980,#981,#982,#983));
#4680=EDGE_LOOP('',(#984,#985,#986,#987));
#4681=EDGE_LOOP('',(#988,#989,#990,#991));
#4682=EDGE_LOOP('',(#992,#993,#994,#995));
#4683=EDGE_LOOP('',(#996,#997,#998,#999));
#4684=EDGE_LOOP('',(#1000,#1001,#1002,#1003));
#4685=EDGE_LOOP('',(#1004,#1005,#1006,#1007));
#4686=EDGE_LOOP('',(#1008,#1009,#1010,#1011));
#4687=EDGE_LOOP('',(#1012,#1013,#1014,#1015));
#4688=EDGE_LOOP('',(#1016,#1017,#1018,#1019));
#4689=EDGE_LOOP('',(#1020,#1021,#1022,#1023));
#4690=EDGE_LOOP('',(#1024,#1025,#1026,#1027));
#4691=EDGE_LOOP('',(#1028,#1029,#1030,#1031));
#4692=EDGE_LOOP('',(#1032,#1033,#1034,#1035));
#4693=EDGE_LOOP('',(#1036,#1037,#1038,#1039));
#4694=EDGE_LOOP('',(#1040,#1041,#1042,#1043));
#4695=EDGE_LOOP('',(#1044,#1045,#1046,#1047));
#4696=EDGE_LOOP('',(#1048,#1049,#1050,#1051));
#4697=EDGE_LOOP('',(#1052,#1053,#1054,#1055));
#4698=EDGE_LOOP('',(#1056,#1057,#1058,#1059));
#4699=EDGE_LOOP('',(#1060,#1061,#1062,#1063));
#4700=EDGE_LOOP('',(#1064));
#4701=EDGE_LOOP('',(#1065,#1066,#1067,#1068));
#4702=EDGE_LOOP('',(#1069,#1070,#1071,#1072));
#4703=EDGE_LOOP('',(#1073));
#4704=EDGE_LOOP('',(#1074));
#4705=EDGE_LOOP('',(#1075));
#4706=EDGE_LOOP('',(#1076,#1077,#1078,#1079));
#4707=EDGE_LOOP('',(#1080,#1081,#1082,#1083));
#4708=EDGE_LOOP('',(#1084,#1085,#1086,#1087));
#4709=EDGE_LOOP('',(#1088,#1089,#1090,#1091));
#4710=EDGE_LOOP('',(#1092,#1093,#1094,#1095));
#4711=EDGE_LOOP('',(#1096,#1097,#1098,#1099));
#4712=EDGE_LOOP('',(#1100,#1101,#1102,#1103));
#4713=EDGE_LOOP('',(#1104,#1105,#1106,#1107));
#4714=EDGE_LOOP('',(#1108,#1109,#1110,#1111));
#4715=EDGE_LOOP('',(#1112,#1113,#1114,#1115));
#4716=EDGE_LOOP('',(#1116,#1117,#1118,#1119));
#4717=EDGE_LOOP('',(#1120,#1121,#1122,#1123));
#4718=EDGE_LOOP('',(#1124,#1125,#1126,#1127));
#4719=EDGE_LOOP('',(#1128,#1129,#1130,#1131));
#4720=EDGE_LOOP('',(#1132,#1133,#1134,#1135));
#4721=EDGE_LOOP('',(#1136,#1137,#1138,#1139));
#4722=EDGE_LOOP('',(#1140,#1141,#1142,#1143));
#4723=EDGE_LOOP('',(#1144,#1145,#1146,#1147));
#4724=EDGE_LOOP('',(#1148,#1149,#1150,#1151));
#4725=EDGE_LOOP('',(#1152,#1153,#1154,#1155));
#4726=EDGE_LOOP('',(#1156,#1157,#1158,#1159));
#4727=EDGE_LOOP('',(#1160,#1161,#1162,#1163));
#4728=EDGE_LOOP('',(#1164,#1165,#1166,#1167));
#4729=EDGE_LOOP('',(#1168,#1169,#1170,#1171));
#4730=EDGE_LOOP('',(#1172,#1173,#1174,#1175));
#4731=EDGE_LOOP('',(#1176,#1177,#1178,#1179));
#4732=EDGE_LOOP('',(#1180,#1181,#1182,#1183));
#4733=EDGE_LOOP('',(#1184,#1185,#1186));
#4734=EDGE_LOOP('',(#1187,#1188,#1189));
#4735=EDGE_LOOP('',(#1190,#1191,#1192));
#4736=EDGE_LOOP('',(#1193,#1194,#1195));
#4737=EDGE_LOOP('',(#1196,#1197,#1198));
#4738=EDGE_LOOP('',(#1199,#1200,#1201,#1202,#1203,#1204,#1205,#1206,#1207,
#1208,#1209,#1210,#1211,#1212,#1213));
#4739=EDGE_LOOP('',(#1214,#1215,#1216,#1217));
#4740=EDGE_LOOP('',(#1218,#1219,#1220,#1221));
#4741=EDGE_LOOP('',(#1222,#1223,#1224,#1225));
#4742=EDGE_LOOP('',(#1226,#1227,#1228,#1229));
#4743=EDGE_LOOP('',(#1230,#1231,#1232,#1233));
#4744=EDGE_LOOP('',(#1234,#1235,#1236,#1237));
#4745=EDGE_LOOP('',(#1238,#1239,#1240,#1241));
#4746=EDGE_LOOP('',(#1242,#1243,#1244,#1245));
#4747=EDGE_LOOP('',(#1246,#1247,#1248,#1249));
#4748=EDGE_LOOP('',(#1250,#1251,#1252,#1253));
#4749=EDGE_LOOP('',(#1254,#1255,#1256,#1257,#1258,#1259,#1260,#1261,#1262,
#1263,#1264,#1265,#1266,#1267,#1268,#1269,#1270,#1271,#1272,#1273));
#4750=EDGE_LOOP('',(#1274,#1275,#1276,#1277,#1278));
#4751=EDGE_LOOP('',(#1279,#1280,#1281,#1282,#1283));
#4752=EDGE_LOOP('',(#1284,#1285,#1286,#1287,#1288));
#4753=EDGE_LOOP('',(#1289,#1290,#1291,#1292,#1293));
#4754=EDGE_LOOP('',(#1294,#1295,#1296,#1297,#1298));
#4755=EDGE_LOOP('',(#1299,#1300,#1301,#1302,#1303));
#4756=EDGE_LOOP('',(#1304,#1305,#1306,#1307,#1308));
#4757=EDGE_LOOP('',(#1309,#1310,#1311,#1312,#1313));
#4758=EDGE_LOOP('',(#1314,#1315,#1316,#1317,#1318));
#4759=EDGE_LOOP('',(#1319,#1320,#1321,#1322,#1323));
#4760=EDGE_LOOP('',(#1324,#1325,#1326,#1327));
#4761=EDGE_LOOP('',(#1328,#1329,#1330,#1331));
#4762=EDGE_LOOP('',(#1332,#1333,#1334,#1335));
#4763=EDGE_LOOP('',(#1336,#1337,#1338,#1339));
#4764=EDGE_LOOP('',(#1340,#1341,#1342,#1343));
#4765=EDGE_LOOP('',(#1344,#1345,#1346,#1347));
#4766=EDGE_LOOP('',(#1348,#1349,#1350,#1351));
#4767=EDGE_LOOP('',(#1352,#1353,#1354,#1355));
#4768=EDGE_LOOP('',(#1356,#1357,#1358,#1359));
#4769=EDGE_LOOP('',(#1360,#1361,#1362,#1363));
#4770=EDGE_LOOP('',(#1364,#1365,#1366,#1367));
#4771=EDGE_LOOP('',(#1368,#1369,#1370,#1371));
#4772=EDGE_LOOP('',(#1372,#1373,#1374,#1375));
#4773=EDGE_LOOP('',(#1376,#1377,#1378,#1379));
#4774=EDGE_LOOP('',(#1380,#1381,#1382,#1383));
#4775=EDGE_LOOP('',(#1384,#1385,#1386,#1387));
#4776=EDGE_LOOP('',(#1388,#1389,#1390,#1391));
#4777=EDGE_LOOP('',(#1392,#1393,#1394,#1395));
#4778=EDGE_LOOP('',(#1396,#1397,#1398,#1399));
#4779=EDGE_LOOP('',(#1400,#1401,#1402,#1403));
#4780=EDGE_LOOP('',(#1404,#1405,#1406,#1407));
#4781=EDGE_LOOP('',(#1408,#1409,#1410));
#4782=EDGE_LOOP('',(#1411,#1412,#1413,#1414));
#4783=EDGE_LOOP('',(#1415,#1416,#1417));
#4784=EDGE_LOOP('',(#1418,#1419,#1420,#1421));
#4785=EDGE_LOOP('',(#1422,#1423,#1424));
#4786=EDGE_LOOP('',(#1425,#1426,#1427,#1428));
#4787=EDGE_LOOP('',(#1429,#1430,#1431));
#4788=EDGE_LOOP('',(#1432,#1433,#1434,#1435));
#4789=EDGE_LOOP('',(#1436,#1437,#1438,#1439));
#4790=EDGE_LOOP('',(#1440,#1441,#1442,#1443));
#4791=EDGE_LOOP('',(#1444,#1445,#1446,#1447));
#4792=EDGE_LOOP('',(#1448,#1449,#1450,#1451));
#4793=EDGE_LOOP('',(#1452,#1453,#1454,#1455));
#4794=EDGE_LOOP('',(#1456,#1457,#1458,#1459));
#4795=EDGE_LOOP('',(#1460,#1461,#1462,#1463));
#4796=EDGE_LOOP('',(#1464,#1465,#1466,#1467));
#4797=EDGE_LOOP('',(#1468,#1469,#1470,#1471));
#4798=EDGE_LOOP('',(#1472,#1473,#1474,#1475));
#4799=EDGE_LOOP('',(#1476,#1477,#1478,#1479));
#4800=EDGE_LOOP('',(#1480,#1481,#1482,#1483));
#4801=EDGE_LOOP('',(#1484,#1485,#1486,#1487));
#4802=EDGE_LOOP('',(#1488,#1489,#1490,#1491));
#4803=EDGE_LOOP('',(#1492,#1493,#1494,#1495));
#4804=EDGE_LOOP('',(#1496,#1497,#1498,#1499));
#4805=EDGE_LOOP('',(#1500,#1501,#1502,#1503));
#4806=EDGE_LOOP('',(#1504,#1505,#1506,#1507));
#4807=EDGE_LOOP('',(#1508,#1509,#1510,#1511));
#4808=EDGE_LOOP('',(#1512,#1513,#1514,#1515));
#4809=EDGE_LOOP('',(#1516,#1517,#1518,#1519));
#4810=EDGE_LOOP('',(#1520,#1521,#1522,#1523));
#4811=EDGE_LOOP('',(#1524,#1525,#1526,#1527));
#4812=EDGE_LOOP('',(#1528,#1529,#1530,#1531));
#4813=EDGE_LOOP('',(#1532,#1533,#1534,#1535));
#4814=EDGE_LOOP('',(#1536,#1537,#1538,#1539));
#4815=EDGE_LOOP('',(#1540,#1541,#1542,#1543));
#4816=EDGE_LOOP('',(#1544,#1545,#1546,#1547));
#4817=EDGE_LOOP('',(#1548,#1549,#1550,#1551));
#4818=EDGE_LOOP('',(#1552,#1553,#1554,#1555));
#4819=EDGE_LOOP('',(#1556,#1557,#1558,#1559));
#4820=EDGE_LOOP('',(#1560,#1561,#1562,#1563));
#4821=EDGE_LOOP('',(#1564,#1565,#1566,#1567));
#4822=EDGE_LOOP('',(#1568,#1569,#1570,#1571));
#4823=EDGE_LOOP('',(#1572,#1573,#1574,#1575));
#4824=EDGE_LOOP('',(#1576,#1577,#1578,#1579));
#4825=EDGE_LOOP('',(#1580,#1581,#1582,#1583));
#4826=EDGE_LOOP('',(#1584,#1585,#1586,#1587));
#4827=EDGE_LOOP('',(#1588,#1589,#1590,#1591));
#4828=EDGE_LOOP('',(#1592,#1593,#1594,#1595));
#4829=EDGE_LOOP('',(#1596,#1597,#1598,#1599));
#4830=EDGE_LOOP('',(#1600,#1601,#1602,#1603));
#4831=EDGE_LOOP('',(#1604,#1605,#1606,#1607));
#4832=EDGE_LOOP('',(#1608,#1609,#1610,#1611));
#4833=EDGE_LOOP('',(#1612,#1613,#1614,#1615));
#4834=EDGE_LOOP('',(#1616,#1617,#1618,#1619));
#4835=EDGE_LOOP('',(#1620,#1621,#1622,#1623));
#4836=EDGE_LOOP('',(#1624,#1625,#1626,#1627,#1628,#1629,#1630,#1631));
#4837=EDGE_LOOP('',(#1632,#1633,#1634,#1635));
#4838=EDGE_LOOP('',(#1636,#1637,#1638,#1639));
#4839=EDGE_LOOP('',(#1640,#1641,#1642,#1643));
#4840=EDGE_LOOP('',(#1644,#1645,#1646,#1647));
#4841=EDGE_LOOP('',(#1648,#1649,#1650,#1651,#1652,#1653,#1654,#1655));
#4842=EDGE_LOOP('',(#1656,#1657,#1658,#1659,#1660,#1661,#1662,#1663));
#4843=EDGE_LOOP('',(#1664,#1665,#1666,#1667,#1668,#1669,#1670,#1671));
#4844=EDGE_LOOP('',(#1672,#1673,#1674,#1675));
#4845=EDGE_LOOP('',(#1676,#1677,#1678,#1679));
#4846=EDGE_LOOP('',(#1680,#1681,#1682,#1683));
#4847=EDGE_LOOP('',(#1684,#1685,#1686,#1687));
#4848=EDGE_LOOP('',(#1688,#1689,#1690,#1691));
#4849=EDGE_LOOP('',(#1692,#1693,#1694,#1695));
#4850=EDGE_LOOP('',(#1696,#1697,#1698,#1699));
#4851=EDGE_LOOP('',(#1700,#1701,#1702,#1703));
#4852=EDGE_LOOP('',(#1704,#1705,#1706,#1707));
#4853=EDGE_LOOP('',(#1708,#1709,#1710,#1711));
#4854=EDGE_LOOP('',(#1712,#1713,#1714,#1715,#1716,#1717,#1718,#1719,#1720,
#1721,#1722,#1723));
#4855=EDGE_LOOP('',(#1724,#1725,#1726,#1727));
#4856=EDGE_LOOP('',(#1728,#1729,#1730,#1731));
#4857=EDGE_LOOP('',(#1732,#1733,#1734,#1735));
#4858=EDGE_LOOP('',(#1736,#1737,#1738,#1739));
#4859=EDGE_LOOP('',(#1740,#1741,#1742,#1743));
#4860=EDGE_LOOP('',(#1744,#1745,#1746,#1747));
#4861=EDGE_LOOP('',(#1748,#1749,#1750,#1751));
#4862=EDGE_LOOP('',(#1752,#1753,#1754,#1755));
#4863=EDGE_LOOP('',(#1756,#1757,#1758,#1759));
#4864=EDGE_LOOP('',(#1760,#1761,#1762,#1763));
#4865=EDGE_LOOP('',(#1764,#1765,#1766,#1767));
#4866=EDGE_LOOP('',(#1768,#1769,#1770,#1771));
#4867=EDGE_LOOP('',(#1772,#1773,#1774,#1775));
#4868=EDGE_LOOP('',(#1776,#1777,#1778,#1779));
#4869=EDGE_LOOP('',(#1780,#1781,#1782,#1783));
#4870=EDGE_LOOP('',(#1784,#1785,#1786,#1787));
#4871=EDGE_LOOP('',(#1788,#1789,#1790,#1791));
#4872=EDGE_LOOP('',(#1792,#1793,#1794,#1795));
#4873=EDGE_LOOP('',(#1796,#1797,#1798,#1799));
#4874=EDGE_LOOP('',(#1800,#1801,#1802,#1803));
#4875=EDGE_LOOP('',(#1804,#1805,#1806,#1807));
#4876=EDGE_LOOP('',(#1808));
#4877=EDGE_LOOP('',(#1809));
#4878=EDGE_LOOP('',(#1810));
#4879=EDGE_LOOP('',(#1811));
#4880=EDGE_LOOP('',(#1812));
#4881=EDGE_LOOP('',(#1813));
#4882=EDGE_LOOP('',(#1814));
#4883=EDGE_LOOP('',(#1815));
#4884=EDGE_LOOP('',(#1816,#1817,#1818,#1819));
#4885=EDGE_LOOP('',(#1820,#1821,#1822,#1823));
#4886=EDGE_LOOP('',(#1824,#1825,#1826,#1827));
#4887=EDGE_LOOP('',(#1828,#1829,#1830,#1831));
#4888=EDGE_LOOP('',(#1832,#1833,#1834,#1835));
#4889=EDGE_LOOP('',(#1836,#1837,#1838,#1839));
#4890=EDGE_LOOP('',(#1840,#1841,#1842,#1843));
#4891=EDGE_LOOP('',(#1844,#1845,#1846,#1847));
#4892=EDGE_LOOP('',(#1848,#1849,#1850,#1851));
#4893=EDGE_LOOP('',(#1852,#1853,#1854,#1855));
#4894=EDGE_LOOP('',(#1856,#1857,#1858,#1859));
#4895=EDGE_LOOP('',(#1860,#1861,#1862,#1863));
#4896=EDGE_LOOP('',(#1864,#1865,#1866,#1867));
#4897=EDGE_LOOP('',(#1868,#1869,#1870,#1871));
#4898=EDGE_LOOP('',(#1872,#1873,#1874,#1875));
#4899=EDGE_LOOP('',(#1876,#1877,#1878,#1879));
#4900=EDGE_LOOP('',(#1880,#1881,#1882,#1883));
#4901=EDGE_LOOP('',(#1884,#1885,#1886,#1887));
#4902=EDGE_LOOP('',(#1888,#1889,#1890,#1891));
#4903=EDGE_LOOP('',(#1892,#1893,#1894,#1895));
#4904=EDGE_LOOP('',(#1896,#1897,#1898,#1899));
#4905=EDGE_LOOP('',(#1900,#1901,#1902,#1903));
#4906=EDGE_LOOP('',(#1904,#1905,#1906,#1907));
#4907=EDGE_LOOP('',(#1908,#1909,#1910,#1911));
#4908=EDGE_LOOP('',(#1912,#1913,#1914,#1915));
#4909=EDGE_LOOP('',(#1916,#1917,#1918,#1919));
#4910=EDGE_LOOP('',(#1920,#1921,#1922,#1923));
#4911=EDGE_LOOP('',(#1924,#1925,#1926,#1927));
#4912=EDGE_LOOP('',(#1928,#1929,#1930,#1931));
#4913=EDGE_LOOP('',(#1932,#1933,#1934,#1935));
#4914=EDGE_LOOP('',(#1936,#1937,#1938,#1939));
#4915=EDGE_LOOP('',(#1940,#1941,#1942,#1943));
#4916=EDGE_LOOP('',(#1944,#1945,#1946,#1947));
#4917=EDGE_LOOP('',(#1948,#1949,#1950,#1951));
#4918=EDGE_LOOP('',(#1952,#1953,#1954,#1955));
#4919=EDGE_LOOP('',(#1956,#1957,#1958,#1959));
#4920=FACE_BOUND('',#4537,.T.);
#4921=FACE_BOUND('',#4538,.T.);
#4922=FACE_BOUND('',#4539,.T.);
#4923=FACE_BOUND('',#4540,.T.);
#4924=FACE_BOUND('',#4541,.T.);
#4925=FACE_BOUND('',#4542,.T.);
#4926=FACE_BOUND('',#4543,.T.);
#4927=FACE_BOUND('',#4544,.T.);
#4928=FACE_BOUND('',#4545,.T.);
#4929=FACE_BOUND('',#4546,.T.);
#4930=FACE_BOUND('',#4547,.T.);
#4931=FACE_BOUND('',#4548,.T.);
#4932=FACE_BOUND('',#4549,.T.);
#4933=FACE_BOUND('',#4550,.T.);
#4934=FACE_BOUND('',#4551,.T.);
#4935=FACE_BOUND('',#4552,.T.);
#4936=FACE_BOUND('',#4553,.T.);
#4937=FACE_BOUND('',#4554,.T.);
#4938=FACE_BOUND('',#4555,.T.);
#4939=FACE_BOUND('',#4556,.T.);
#4940=FACE_BOUND('',#4557,.T.);
#4941=FACE_BOUND('',#4558,.T.);
#4942=FACE_BOUND('',#4559,.T.);
#4943=FACE_BOUND('',#4560,.T.);
#4944=FACE_BOUND('',#4561,.T.);
#4945=FACE_BOUND('',#4562,.T.);
#4946=FACE_BOUND('',#4563,.T.);
#4947=FACE_BOUND('',#4564,.T.);
#4948=FACE_BOUND('',#4565,.T.);
#4949=FACE_BOUND('',#4566,.T.);
#4950=FACE_BOUND('',#4567,.T.);
#4951=FACE_BOUND('',#4568,.T.);
#4952=FACE_BOUND('',#4569,.T.);
#4953=FACE_BOUND('',#4570,.T.);
#4954=FACE_BOUND('',#4571,.T.);
#4955=FACE_BOUND('',#4572,.T.);
#4956=FACE_BOUND('',#4573,.T.);
#4957=FACE_BOUND('',#4574,.T.);
#4958=FACE_BOUND('',#4575,.T.);
#4959=FACE_BOUND('',#4576,.T.);
#4960=FACE_BOUND('',#4577,.T.);
#4961=FACE_BOUND('',#4578,.T.);
#4962=FACE_BOUND('',#4579,.T.);
#4963=FACE_BOUND('',#4580,.T.);
#4964=FACE_BOUND('',#4581,.T.);
#4965=FACE_BOUND('',#4582,.T.);
#4966=FACE_BOUND('',#4583,.T.);
#4967=FACE_BOUND('',#4584,.T.);
#4968=FACE_BOUND('',#4585,.T.);
#4969=FACE_BOUND('',#4586,.T.);
#4970=FACE_BOUND('',#4587,.T.);
#4971=FACE_BOUND('',#4588,.T.);
#4972=FACE_BOUND('',#4589,.T.);
#4973=FACE_BOUND('',#4590,.T.);
#4974=FACE_BOUND('',#4591,.T.);
#4975=FACE_BOUND('',#4592,.T.);
#4976=FACE_BOUND('',#4593,.T.);
#4977=FACE_BOUND('',#4594,.T.);
#4978=FACE_BOUND('',#4595,.T.);
#4979=FACE_BOUND('',#4596,.T.);
#4980=FACE_BOUND('',#4597,.T.);
#4981=FACE_BOUND('',#4598,.T.);
#4982=FACE_BOUND('',#4599,.T.);
#4983=FACE_BOUND('',#4600,.T.);
#4984=FACE_BOUND('',#4601,.T.);
#4985=FACE_BOUND('',#4602,.T.);
#4986=FACE_BOUND('',#4603,.T.);
#4987=FACE_BOUND('',#4604,.T.);
#4988=FACE_BOUND('',#4605,.T.);
#4989=FACE_BOUND('',#4606,.T.);
#4990=FACE_BOUND('',#4607,.T.);
#4991=FACE_BOUND('',#4608,.T.);
#4992=FACE_BOUND('',#4609,.T.);
#4993=FACE_BOUND('',#4610,.T.);
#4994=FACE_BOUND('',#4611,.T.);
#4995=FACE_BOUND('',#4612,.T.);
#4996=FACE_BOUND('',#4613,.T.);
#4997=FACE_BOUND('',#4614,.T.);
#4998=FACE_BOUND('',#4615,.T.);
#4999=FACE_BOUND('',#4616,.T.);
#5000=FACE_BOUND('',#4617,.T.);
#5001=FACE_BOUND('',#4618,.T.);
#5002=FACE_BOUND('',#4619,.T.);
#5003=FACE_BOUND('',#4620,.T.);
#5004=FACE_BOUND('',#4621,.T.);
#5005=FACE_BOUND('',#4622,.T.);
#5006=FACE_BOUND('',#4623,.T.);
#5007=FACE_BOUND('',#4624,.T.);
#5008=FACE_BOUND('',#4625,.T.);
#5009=FACE_BOUND('',#4626,.T.);
#5010=FACE_BOUND('',#4627,.T.);
#5011=FACE_BOUND('',#4628,.T.);
#5012=FACE_BOUND('',#4629,.T.);
#5013=FACE_BOUND('',#4630,.T.);
#5014=FACE_BOUND('',#4631,.T.);
#5015=FACE_BOUND('',#4632,.T.);
#5016=FACE_BOUND('',#4633,.T.);
#5017=FACE_BOUND('',#4634,.T.);
#5018=FACE_BOUND('',#4635,.T.);
#5019=FACE_BOUND('',#4636,.T.);
#5020=FACE_BOUND('',#4637,.T.);
#5021=FACE_BOUND('',#4638,.T.);
#5022=FACE_BOUND('',#4639,.T.);
#5023=FACE_BOUND('',#4640,.T.);
#5024=FACE_BOUND('',#4641,.T.);
#5025=FACE_BOUND('',#4642,.T.);
#5026=FACE_BOUND('',#4643,.T.);
#5027=FACE_BOUND('',#4644,.T.);
#5028=FACE_BOUND('',#4645,.T.);
#5029=FACE_BOUND('',#4646,.T.);
#5030=FACE_BOUND('',#4647,.T.);
#5031=FACE_BOUND('',#4648,.T.);
#5032=FACE_BOUND('',#4649,.T.);
#5033=FACE_BOUND('',#4650,.T.);
#5034=FACE_BOUND('',#4651,.T.);
#5035=FACE_BOUND('',#4652,.T.);
#5036=FACE_BOUND('',#4653,.T.);
#5037=FACE_BOUND('',#4654,.T.);
#5038=FACE_BOUND('',#4655,.T.);
#5039=FACE_BOUND('',#4656,.T.);
#5040=FACE_BOUND('',#4657,.T.);
#5041=FACE_BOUND('',#4658,.T.);
#5042=FACE_BOUND('',#4659,.T.);
#5043=FACE_BOUND('',#4660,.T.);
#5044=FACE_BOUND('',#4661,.T.);
#5045=FACE_BOUND('',#4662,.T.);
#5046=FACE_BOUND('',#4663,.T.);
#5047=FACE_BOUND('',#4664,.T.);
#5048=FACE_BOUND('',#4665,.T.);
#5049=FACE_BOUND('',#4666,.T.);
#5050=FACE_BOUND('',#4667,.T.);
#5051=FACE_BOUND('',#4668,.T.);
#5052=FACE_BOUND('',#4669,.T.);
#5053=FACE_BOUND('',#4670,.T.);
#5054=FACE_BOUND('',#4671,.T.);
#5055=FACE_BOUND('',#4672,.T.);
#5056=FACE_BOUND('',#4673,.T.);
#5057=FACE_BOUND('',#4674,.T.);
#5058=FACE_BOUND('',#4675,.T.);
#5059=FACE_BOUND('',#4676,.T.);
#5060=FACE_BOUND('',#4677,.T.);
#5061=FACE_BOUND('',#4678,.T.);
#5062=FACE_BOUND('',#4679,.T.);
#5063=FACE_BOUND('',#4680,.T.);
#5064=FACE_BOUND('',#4681,.T.);
#5065=FACE_BOUND('',#4682,.T.);
#5066=FACE_BOUND('',#4683,.T.);
#5067=FACE_BOUND('',#4684,.T.);
#5068=FACE_BOUND('',#4685,.T.);
#5069=FACE_BOUND('',#4686,.T.);
#5070=FACE_BOUND('',#4687,.T.);
#5071=FACE_BOUND('',#4688,.T.);
#5072=FACE_BOUND('',#4689,.T.);
#5073=FACE_BOUND('',#4690,.T.);
#5074=FACE_BOUND('',#4691,.T.);
#5075=FACE_BOUND('',#4692,.T.);
#5076=FACE_BOUND('',#4693,.T.);
#5077=FACE_BOUND('',#4694,.T.);
#5078=FACE_BOUND('',#4695,.T.);
#5079=FACE_BOUND('',#4696,.T.);
#5080=FACE_BOUND('',#4697,.T.);
#5081=FACE_BOUND('',#4698,.T.);
#5082=FACE_BOUND('',#4699,.T.);
#5083=FACE_BOUND('',#4700,.T.);
#5084=FACE_BOUND('',#4701,.T.);
#5085=FACE_BOUND('',#4702,.T.);
#5086=FACE_BOUND('',#4703,.T.);
#5087=FACE_BOUND('',#4704,.T.);
#5088=FACE_BOUND('',#4705,.T.);
#5089=FACE_BOUND('',#4706,.T.);
#5090=FACE_BOUND('',#4707,.T.);
#5091=FACE_BOUND('',#4708,.T.);
#5092=FACE_BOUND('',#4709,.T.);
#5093=FACE_BOUND('',#4710,.T.);
#5094=FACE_BOUND('',#4711,.T.);
#5095=FACE_BOUND('',#4712,.T.);
#5096=FACE_BOUND('',#4713,.T.);
#5097=FACE_BOUND('',#4714,.T.);
#5098=FACE_BOUND('',#4715,.T.);
#5099=FACE_BOUND('',#4716,.T.);
#5100=FACE_BOUND('',#4717,.T.);
#5101=FACE_BOUND('',#4718,.T.);
#5102=FACE_BOUND('',#4719,.T.);
#5103=FACE_BOUND('',#4720,.T.);
#5104=FACE_BOUND('',#4721,.T.);
#5105=FACE_BOUND('',#4722,.T.);
#5106=FACE_BOUND('',#4723,.T.);
#5107=FACE_BOUND('',#4724,.T.);
#5108=FACE_BOUND('',#4725,.T.);
#5109=FACE_BOUND('',#4726,.T.);
#5110=FACE_BOUND('',#4727,.T.);
#5111=FACE_BOUND('',#4728,.T.);
#5112=FACE_BOUND('',#4729,.T.);
#5113=FACE_BOUND('',#4730,.T.);
#5114=FACE_BOUND('',#4731,.T.);
#5115=FACE_BOUND('',#4732,.T.);
#5116=FACE_BOUND('',#4733,.T.);
#5117=FACE_BOUND('',#4734,.T.);
#5118=FACE_BOUND('',#4735,.T.);
#5119=FACE_BOUND('',#4736,.T.);
#5120=FACE_BOUND('',#4737,.T.);
#5121=FACE_BOUND('',#4738,.T.);
#5122=FACE_BOUND('',#4739,.T.);
#5123=FACE_BOUND('',#4740,.T.);
#5124=FACE_BOUND('',#4741,.T.);
#5125=FACE_BOUND('',#4742,.T.);
#5126=FACE_BOUND('',#4743,.T.);
#5127=FACE_BOUND('',#4744,.T.);
#5128=FACE_BOUND('',#4745,.T.);
#5129=FACE_BOUND('',#4746,.T.);
#5130=FACE_BOUND('',#4747,.T.);
#5131=FACE_BOUND('',#4748,.T.);
#5132=FACE_BOUND('',#4749,.T.);
#5133=FACE_BOUND('',#4750,.T.);
#5134=FACE_BOUND('',#4751,.T.);
#5135=FACE_BOUND('',#4752,.T.);
#5136=FACE_BOUND('',#4753,.T.);
#5137=FACE_BOUND('',#4754,.T.);
#5138=FACE_BOUND('',#4755,.T.);
#5139=FACE_BOUND('',#4756,.T.);
#5140=FACE_BOUND('',#4757,.T.);
#5141=FACE_BOUND('',#4758,.T.);
#5142=FACE_BOUND('',#4759,.T.);
#5143=FACE_BOUND('',#4760,.T.);
#5144=FACE_BOUND('',#4761,.T.);
#5145=FACE_BOUND('',#4762,.T.);
#5146=FACE_BOUND('',#4763,.T.);
#5147=FACE_BOUND('',#4764,.T.);
#5148=FACE_BOUND('',#4765,.T.);
#5149=FACE_BOUND('',#4766,.T.);
#5150=FACE_BOUND('',#4767,.T.);
#5151=FACE_BOUND('',#4768,.T.);
#5152=FACE_BOUND('',#4769,.T.);
#5153=FACE_BOUND('',#4770,.T.);
#5154=FACE_BOUND('',#4771,.T.);
#5155=FACE_BOUND('',#4772,.T.);
#5156=FACE_BOUND('',#4773,.T.);
#5157=FACE_BOUND('',#4774,.T.);
#5158=FACE_BOUND('',#4775,.T.);
#5159=FACE_BOUND('',#4776,.T.);
#5160=FACE_BOUND('',#4777,.T.);
#5161=FACE_BOUND('',#4778,.T.);
#5162=FACE_BOUND('',#4779,.T.);
#5163=FACE_BOUND('',#4780,.T.);
#5164=FACE_BOUND('',#4781,.T.);
#5165=FACE_BOUND('',#4782,.T.);
#5166=FACE_BOUND('',#4783,.T.);
#5167=FACE_BOUND('',#4784,.T.);
#5168=FACE_BOUND('',#4785,.T.);
#5169=FACE_BOUND('',#4786,.T.);
#5170=FACE_BOUND('',#4787,.T.);
#5171=FACE_BOUND('',#4788,.T.);
#5172=FACE_BOUND('',#4789,.T.);
#5173=FACE_BOUND('',#4790,.T.);
#5174=FACE_BOUND('',#4791,.T.);
#5175=FACE_BOUND('',#4792,.T.);
#5176=FACE_BOUND('',#4793,.T.);
#5177=FACE_BOUND('',#4794,.T.);
#5178=FACE_BOUND('',#4795,.T.);
#5179=FACE_BOUND('',#4796,.T.);
#5180=FACE_BOUND('',#4797,.T.);
#5181=FACE_BOUND('',#4798,.T.);
#5182=FACE_BOUND('',#4799,.T.);
#5183=FACE_BOUND('',#4800,.T.);
#5184=FACE_BOUND('',#4801,.T.);
#5185=FACE_BOUND('',#4802,.T.);
#5186=FACE_BOUND('',#4803,.T.);
#5187=FACE_BOUND('',#4804,.T.);
#5188=FACE_BOUND('',#4805,.T.);
#5189=FACE_BOUND('',#4806,.T.);
#5190=FACE_BOUND('',#4807,.T.);
#5191=FACE_BOUND('',#4808,.T.);
#5192=FACE_BOUND('',#4809,.T.);
#5193=FACE_BOUND('',#4810,.T.);
#5194=FACE_BOUND('',#4811,.T.);
#5195=FACE_BOUND('',#4812,.T.);
#5196=FACE_BOUND('',#4813,.T.);
#5197=FACE_BOUND('',#4814,.T.);
#5198=FACE_BOUND('',#4815,.T.);
#5199=FACE_BOUND('',#4816,.T.);
#5200=FACE_BOUND('',#4817,.T.);
#5201=FACE_BOUND('',#4818,.T.);
#5202=FACE_BOUND('',#4819,.T.);
#5203=FACE_BOUND('',#4820,.T.);
#5204=FACE_BOUND('',#4821,.T.);
#5205=FACE_BOUND('',#4822,.T.);
#5206=FACE_BOUND('',#4823,.T.);
#5207=FACE_BOUND('',#4824,.T.);
#5208=FACE_BOUND('',#4825,.T.);
#5209=FACE_BOUND('',#4826,.T.);
#5210=FACE_BOUND('',#4827,.T.);
#5211=FACE_BOUND('',#4828,.T.);
#5212=FACE_BOUND('',#4829,.T.);
#5213=FACE_BOUND('',#4830,.T.);
#5214=FACE_BOUND('',#4831,.T.);
#5215=FACE_BOUND('',#4832,.T.);
#5216=FACE_BOUND('',#4833,.T.);
#5217=FACE_BOUND('',#4834,.T.);
#5218=FACE_BOUND('',#4835,.T.);
#5219=FACE_BOUND('',#4836,.T.);
#5220=FACE_BOUND('',#4837,.T.);
#5221=FACE_BOUND('',#4838,.T.);
#5222=FACE_BOUND('',#4839,.T.);
#5223=FACE_BOUND('',#4840,.T.);
#5224=FACE_BOUND('',#4841,.T.);
#5225=FACE_BOUND('',#4842,.T.);
#5226=FACE_BOUND('',#4843,.T.);
#5227=FACE_BOUND('',#4844,.T.);
#5228=FACE_BOUND('',#4845,.T.);
#5229=FACE_BOUND('',#4846,.T.);
#5230=FACE_BOUND('',#4847,.T.);
#5231=FACE_BOUND('',#4848,.T.);
#5232=FACE_BOUND('',#4849,.T.);
#5233=FACE_BOUND('',#4850,.T.);
#5234=FACE_BOUND('',#4851,.T.);
#5235=FACE_BOUND('',#4852,.T.);
#5236=FACE_BOUND('',#4853,.T.);
#5237=FACE_BOUND('',#4854,.T.);
#5238=FACE_BOUND('',#4855,.T.);
#5239=FACE_BOUND('',#4856,.T.);
#5240=FACE_BOUND('',#4857,.T.);
#5241=FACE_BOUND('',#4858,.T.);
#5242=FACE_BOUND('',#4859,.T.);
#5243=FACE_BOUND('',#4860,.T.);
#5244=FACE_BOUND('',#4861,.T.);
#5245=FACE_BOUND('',#4862,.T.);
#5246=FACE_BOUND('',#4863,.T.);
#5247=FACE_BOUND('',#4864,.T.);
#5248=FACE_BOUND('',#4865,.T.);
#5249=FACE_BOUND('',#4866,.T.);
#5250=FACE_BOUND('',#4867,.T.);
#5251=FACE_BOUND('',#4868,.T.);
#5252=FACE_BOUND('',#4869,.T.);
#5253=FACE_BOUND('',#4870,.T.);
#5254=FACE_BOUND('',#4871,.T.);
#5255=FACE_BOUND('',#4872,.T.);
#5256=FACE_BOUND('',#4873,.T.);
#5257=FACE_BOUND('',#4874,.T.);
#5258=FACE_BOUND('',#4875,.T.);
#5259=FACE_BOUND('',#4876,.T.);
#5260=FACE_BOUND('',#4877,.T.);
#5261=FACE_BOUND('',#4878,.T.);
#5262=FACE_BOUND('',#4879,.T.);
#5263=FACE_BOUND('',#4880,.T.);
#5264=FACE_BOUND('',#4881,.T.);
#5265=FACE_BOUND('',#4882,.T.);
#5266=FACE_BOUND('',#4883,.T.);
#5267=FACE_BOUND('',#4884,.T.);
#5268=FACE_BOUND('',#4885,.T.);
#5269=FACE_BOUND('',#4886,.T.);
#5270=FACE_BOUND('',#4887,.T.);
#5271=FACE_BOUND('',#4888,.T.);
#5272=FACE_BOUND('',#4889,.T.);
#5273=FACE_BOUND('',#4890,.T.);
#5274=FACE_BOUND('',#4891,.T.);
#5275=FACE_BOUND('',#4892,.T.);
#5276=FACE_BOUND('',#4893,.T.);
#5277=FACE_BOUND('',#4894,.T.);
#5278=FACE_BOUND('',#4895,.T.);
#5279=FACE_BOUND('',#4896,.T.);
#5280=FACE_BOUND('',#4897,.T.);
#5281=FACE_BOUND('',#4898,.T.);
#5282=FACE_BOUND('',#4899,.T.);
#5283=FACE_BOUND('',#4900,.T.);
#5284=FACE_BOUND('',#4901,.T.);
#5285=FACE_BOUND('',#4902,.T.);
#5286=FACE_BOUND('',#4903,.T.);
#5287=FACE_BOUND('',#4904,.T.);
#5288=FACE_BOUND('',#4905,.T.);
#5289=FACE_BOUND('',#4906,.T.);
#5290=FACE_BOUND('',#4907,.T.);
#5291=FACE_BOUND('',#4908,.T.);
#5292=FACE_BOUND('',#4909,.T.);
#5293=FACE_BOUND('',#4910,.T.);
#5294=FACE_BOUND('',#4911,.T.);
#5295=FACE_BOUND('',#4912,.T.);
#5296=FACE_BOUND('',#4913,.T.);
#5297=FACE_BOUND('',#4914,.T.);
#5298=FACE_BOUND('',#4915,.T.);
#5299=FACE_BOUND('',#4916,.T.);
#5300=FACE_BOUND('',#4917,.T.);
#5301=FACE_BOUND('',#4918,.T.);
#5302=FACE_BOUND('',#4919,.T.);
#5303=PLANE('',#6239);
#5304=PLANE('',#6240);
#5305=PLANE('',#6241);
#5306=PLANE('',#6242);
#5307=PLANE('',#6243);
#5308=PLANE('',#6244);
#5309=PLANE('',#6245);
#5310=PLANE('',#6246);
#5311=PLANE('',#6247);
#5312=PLANE('',#6248);
#5313=PLANE('',#6250);
#5314=PLANE('',#6251);
#5315=PLANE('',#6252);
#5316=PLANE('',#6253);
#5317=PLANE('',#6254);
#5318=PLANE('',#6255);
#5319=PLANE('',#6274);
#5320=PLANE('',#6278);
#5321=PLANE('',#6283);
#5322=PLANE('',#6284);
#5323=PLANE('',#6285);
#5324=PLANE('',#6286);
#5325=PLANE('',#6287);
#5326=PLANE('',#6288);
#5327=PLANE('',#6289);
#5328=PLANE('',#6290);
#5329=PLANE('',#6291);
#5330=PLANE('',#6292);
#5331=PLANE('',#6294);
#5332=PLANE('',#6295);
#5333=PLANE('',#6296);
#5334=PLANE('',#6297);
#5335=PLANE('',#6298);
#5336=PLANE('',#6299);
#5337=PLANE('',#6309);
#5338=PLANE('',#6310);
#5339=PLANE('',#6311);
#5340=PLANE('',#6312);
#5341=PLANE('',#6313);
#5342=PLANE('',#6314);
#5343=PLANE('',#6315);
#5344=PLANE('',#6316);
#5345=PLANE('',#6317);
#5346=PLANE('',#6318);
#5347=PLANE('',#6319);
#5348=PLANE('',#6320);
#5349=PLANE('',#6321);
#5350=PLANE('',#6322);
#5351=PLANE('',#6323);
#5352=PLANE('',#6324);
#5353=PLANE('',#6325);
#5354=PLANE('',#6326);
#5355=PLANE('',#6327);
#5356=PLANE('',#6328);
#5357=PLANE('',#6330);
#5358=PLANE('',#6331);
#5359=PLANE('',#6332);
#5360=PLANE('',#6333);
#5361=PLANE('',#6334);
#5362=PLANE('',#6335);
#5363=PLANE('',#6336);
#5364=PLANE('',#6337);
#5365=PLANE('',#6338);
#5366=PLANE('',#6339);
#5367=PLANE('',#6341);
#5368=PLANE('',#6347);
#5369=PLANE('',#6348);
#5370=PLANE('',#6349);
#5371=PLANE('',#6350);
#5372=PLANE('',#6351);
#5373=PLANE('',#6352);
#5374=PLANE('',#6353);
#5375=PLANE('',#6354);
#5376=PLANE('',#6355);
#5377=PLANE('',#6356);
#5378=PLANE('',#6357);
#5379=PLANE('',#6358);
#5380=PLANE('',#6359);
#5381=PLANE('',#6360);
#5382=PLANE('',#6361);
#5383=PLANE('',#6362);
#5384=PLANE('',#6363);
#5385=PLANE('',#6364);
#5386=PLANE('',#6365);
#5387=PLANE('',#6366);
#5388=PLANE('',#6367);
#5389=PLANE('',#6368);
#5390=PLANE('',#6414);
#5391=PLANE('',#6418);
#5392=PLANE('',#6423);
#5393=PLANE('',#6424);
#5394=PLANE('',#6425);
#5395=PLANE('',#6426);
#5396=PLANE('',#6427);
#5397=PLANE('',#6428);
#5398=PLANE('',#6429);
#5399=PLANE('',#6430);
#5400=PLANE('',#6431);
#5401=PLANE('',#6432);
#5402=PLANE('',#6434);
#5403=PLANE('',#6435);
#5404=PLANE('',#6436);
#5405=PLANE('',#6437);
#5406=PLANE('',#6438);
#5407=PLANE('',#6439);
#5408=PLANE('',#6440);
#5409=PLANE('',#6441);
#5410=PLANE('',#6442);
#5411=PLANE('',#6443);
#5412=PLANE('',#6445);
#5413=PLANE('',#6446);
#5414=PLANE('',#6447);
#5415=PLANE('',#6448);
#5416=PLANE('',#6449);
#5417=PLANE('',#6451);
#5418=PLANE('',#6454);
#5419=PLANE('',#6455);
#5420=PLANE('',#6456);
#5421=PLANE('',#6457);
#5422=PLANE('',#6458);
#5423=PLANE('',#6459);
#5424=PLANE('',#6462);
#5425=PLANE('',#6463);
#5426=PLANE('',#6464);
#5427=PLANE('',#6465);
#5428=PLANE('',#6466);
#5429=PLANE('',#6467);
#5430=PLANE('',#6468);
#5431=PLANE('',#6469);
#5432=PLANE('',#6470);
#5433=PLANE('',#6471);
#5434=PLANE('',#6473);
#5435=PLANE('',#6474);
#5436=PLANE('',#6475);
#5437=PLANE('',#6476);
#5438=PLANE('',#6477);
#5439=PLANE('',#6478);
#5440=PLANE('',#6480);
#5441=PLANE('',#6481);
#5442=PLANE('',#6482);
#5443=PLANE('',#6483);
#5444=PLANE('',#6484);
#5445=PLANE('',#6485);
#5446=PLANE('',#6497);
#5447=PLANE('',#6503);
#5448=PLANE('',#6504);
#5449=PLANE('',#6505);
#5450=PLANE('',#6506);
#5451=PLANE('',#6507);
#5452=PLANE('',#6508);
#5453=PLANE('',#6509);
#5454=PLANE('',#6510);
#5455=PLANE('',#6511);
#5456=PLANE('',#6512);
#5457=PLANE('',#6513);
#5458=PLANE('',#6565);
#5459=PLANE('',#6568);
#5460=PLANE('',#6572);
#5461=PLANE('',#6573);
#5462=PLANE('',#6574);
#5463=PLANE('',#6575);
#5464=PLANE('',#6576);
#5465=PLANE('',#6579);
#5466=PLANE('',#6580);
#5467=PLANE('',#6581);
#5468=PLANE('',#6582);
#5469=PLANE('',#6584);
#5470=PLANE('',#6585);
#5471=PLANE('',#6587);
#5472=PLANE('',#6588);
#5473=PLANE('',#6589);
#5474=PLANE('',#6590);
#5475=PLANE('',#6591);
#5476=PLANE('',#6592);
#5477=PLANE('',#6593);
#5478=PLANE('',#6594);
#5479=PLANE('',#6595);
#5480=PLANE('',#6597);
#5481=PLANE('',#6598);
#5482=PLANE('',#6599);
#5483=PLANE('',#6600);
#5484=PLANE('',#6601);
#5485=PLANE('',#6602);
#5486=PLANE('',#6603);
#5487=PLANE('',#6604);
#5488=PLANE('',#6605);
#5489=PLANE('',#6606);
#5490=PLANE('',#6608);
#5491=PLANE('',#6609);
#5492=PLANE('',#6610);
#5493=PLANE('',#6611);
#5494=PLANE('',#6612);
#5495=PLANE('',#6613);
#5496=PLANE('',#6614);
#5497=PLANE('',#6615);
#5498=PLANE('',#6616);
#5499=PLANE('',#6617);
#5500=PLANE('',#6619);
#5501=PLANE('',#6620);
#5502=PLANE('',#6621);
#5503=PLANE('',#6622);
#5504=PLANE('',#6623);
#5505=PLANE('',#6624);
#5506=PLANE('',#6625);
#5507=PLANE('',#6626);
#5508=PLANE('',#6627);
#5509=PLANE('',#6628);
#5510=PLANE('',#6629);
#5511=PLANE('',#6630);
#5512=PLANE('',#6631);
#5513=PLANE('',#6632);
#5514=PLANE('',#6633);
#5515=PLANE('',#6634);
#5516=PLANE('',#6635);
#5517=PLANE('',#6636);
#5518=PLANE('',#6637);
#5519=PLANE('',#6638);
#5520=PLANE('',#6639);
#5521=PLANE('',#6640);
#5522=PLANE('',#6641);
#5523=PLANE('',#6643);
#5524=PLANE('',#6644);
#5525=PLANE('',#6645);
#5526=PLANE('',#6646);
#5527=PLANE('',#6647);
#5528=PLANE('',#6648);
#5529=PLANE('',#6658);
#5530=PLANE('',#6659);
#5531=PLANE('',#6660);
#5532=PLANE('',#6661);
#5533=PLANE('',#6662);
#5534=PLANE('',#6663);
#5535=PLANE('',#6674);
#5536=PLANE('',#6675);
#5537=PLANE('',#6676);
#5538=PLANE('',#6677);
#5539=PLANE('',#6678);
#5540=PLANE('',#6679);
#5541=PLANE('',#6680);
#5542=PLANE('',#6681);
#5543=PLANE('',#6682);
#5544=PLANE('',#6683);
#5545=PLANE('',#6685);
#5546=PLANE('',#6686);
#5547=PLANE('',#6687);
#5548=PLANE('',#6688);
#5549=PLANE('',#6689);
#5550=PLANE('',#6690);
#5551=PLANE('',#6691);
#5552=PLANE('',#6692);
#5553=PLANE('',#6693);
#5554=PLANE('',#6694);
#5555=PLANE('',#6696);
#5556=PLANE('',#6697);
#5557=PLANE('',#6698);
#5558=PLANE('',#6699);
#5559=PLANE('',#6700);
#5560=PLANE('',#6701);
#5561=PLANE('',#6702);
#5562=PLANE('',#6703);
#5563=PLANE('',#6704);
#5564=PLANE('',#6705);
#5565=PLANE('',#6707);
#5566=PLANE('',#6708);
#5567=PLANE('',#6709);
#5568=PLANE('',#6710);
#5569=PLANE('',#6711);
#5570=PLANE('',#6712);
#5571=ADVANCED_FACE('',(#4920),#5303,.T.);
#5572=ADVANCED_FACE('',(#4921),#5304,.F.);
#5573=ADVANCED_FACE('',(#4922),#5305,.T.);
#5574=ADVANCED_FACE('',(#4923),#5306,.F.);
#5575=ADVANCED_FACE('',(#4924),#5307,.T.);
#5576=ADVANCED_FACE('',(#4925),#5308,.F.);
#5577=ADVANCED_FACE('',(#4926),#5309,.F.);
#5578=ADVANCED_FACE('',(#4927),#5310,.T.);
#5579=ADVANCED_FACE('',(#4928),#5311,.T.);
#5580=ADVANCED_FACE('',(#4929),#5312,.T.);
#5581=ADVANCED_FACE('',(#4930),#5313,.T.);
#5582=ADVANCED_FACE('',(#4931),#5314,.F.);
#5583=ADVANCED_FACE('',(#4932),#5315,.F.);
#5584=ADVANCED_FACE('',(#4933),#5316,.T.);
#5585=ADVANCED_FACE('',(#4934),#5317,.T.);
#5586=ADVANCED_FACE('',(#4935),#5318,.F.);
#5587=ADVANCED_FACE('',(#4936),#173,.T.);
#5588=ADVANCED_FACE('',(#4937),#174,.T.);
#5589=ADVANCED_FACE('',(#4938),#175,.T.);
#5590=ADVANCED_FACE('',(#4939),#176,.T.);
#5591=ADVANCED_FACE('',(#4940),#177,.F.);
#5592=ADVANCED_FACE('',(#4941),#178,.T.);
#5593=ADVANCED_FACE('',(#4942,#4943),#179,.T.);
#5594=ADVANCED_FACE('',(#4944,#4945),#5319,.T.);
#5595=ADVANCED_FACE('',(#4946,#4947),#5320,.F.);
#5596=ADVANCED_FACE('',(#4948),#55,.T.);
#5597=ADVANCED_FACE('',(#4949),#56,.T.);
#5598=ADVANCED_FACE('',(#4950,#4951),#57,.T.);
#5599=ADVANCED_FACE('',(#4952),#5321,.T.);
#5600=ADVANCED_FACE('',(#4953),#5322,.T.);
#5601=ADVANCED_FACE('',(#4954),#5323,.F.);
#5602=ADVANCED_FACE('',(#4955),#5324,.F.);
#5603=ADVANCED_FACE('',(#4956),#5325,.T.);
#5604=ADVANCED_FACE('',(#4957),#5326,.F.);
#5605=ADVANCED_FACE('',(#4958),#5327,.F.);
#5606=ADVANCED_FACE('',(#4959),#5328,.T.);
#5607=ADVANCED_FACE('',(#4960),#5329,.F.);
#5608=ADVANCED_FACE('',(#4961),#5330,.T.);
#5609=ADVANCED_FACE('',(#4962),#5331,.T.);
#5610=ADVANCED_FACE('',(#4963),#5332,.F.);
#5611=ADVANCED_FACE('',(#4964),#5333,.F.);
#5612=ADVANCED_FACE('',(#4965),#5334,.T.);
#5613=ADVANCED_FACE('',(#4966),#5335,.T.);
#5614=ADVANCED_FACE('',(#4967),#5336,.F.);
#5615=ADVANCED_FACE('',(#4968),#180,.T.);
#5616=ADVANCED_FACE('',(#4969),#181,.T.);
#5617=ADVANCED_FACE('',(#4970),#182,.T.);
#5618=ADVANCED_FACE('',(#4971),#183,.T.);
#5619=ADVANCED_FACE('',(#4972),#5337,.F.);
#5620=ADVANCED_FACE('',(#4973),#5338,.F.);
#5621=ADVANCED_FACE('',(#4974),#5339,.F.);
#5622=ADVANCED_FACE('',(#4975),#5340,.F.);
#5623=ADVANCED_FACE('',(#4976),#5341,.T.);
#5624=ADVANCED_FACE('',(#4977),#5342,.T.);
#5625=ADVANCED_FACE('',(#4978),#5343,.F.);
#5626=ADVANCED_FACE('',(#4979),#5344,.F.);
#5627=ADVANCED_FACE('',(#4980),#5345,.T.);
#5628=ADVANCED_FACE('',(#4981),#5346,.F.);
#5629=ADVANCED_FACE('',(#4982),#5347,.T.);
#5630=ADVANCED_FACE('',(#4983),#5348,.F.);
#5631=ADVANCED_FACE('',(#4984),#5349,.T.);
#5632=ADVANCED_FACE('',(#4985),#5350,.F.);
#5633=ADVANCED_FACE('',(#4986),#5351,.T.);
#5634=ADVANCED_FACE('',(#4987),#5352,.F.);
#5635=ADVANCED_FACE('',(#4988),#5353,.T.);
#5636=ADVANCED_FACE('',(#4989),#5354,.F.);
#5637=ADVANCED_FACE('',(#4990),#5355,.T.);
#5638=ADVANCED_FACE('',(#4991),#5356,.T.);
#5639=ADVANCED_FACE('',(#4992),#5357,.T.);
#5640=ADVANCED_FACE('',(#4993),#5358,.T.);
#5641=ADVANCED_FACE('',(#4994),#5359,.F.);
#5642=ADVANCED_FACE('',(#4995),#5360,.F.);
#5643=ADVANCED_FACE('',(#4996),#5361,.T.);
#5644=ADVANCED_FACE('',(#4997),#5362,.F.);
#5645=ADVANCED_FACE('',(#4998),#5363,.F.);
#5646=ADVANCED_FACE('',(#4999),#5364,.T.);
#5647=ADVANCED_FACE('',(#5000),#5365,.F.);
#5648=ADVANCED_FACE('',(#5001),#5366,.T.);
#5649=ADVANCED_FACE('',(#5002,#5003),#5367,.F.);
#5650=ADVANCED_FACE('',(#5004),#5368,.T.);
#5651=ADVANCED_FACE('',(#5005),#5369,.F.);
#5652=ADVANCED_FACE('',(#5006),#5370,.F.);
#5653=ADVANCED_FACE('',(#5007),#5371,.T.);
#5654=ADVANCED_FACE('',(#5008),#5372,.F.);
#5655=ADVANCED_FACE('',(#5009),#5373,.F.);
#5656=ADVANCED_FACE('',(#5010),#5374,.F.);
#5657=ADVANCED_FACE('',(#5011),#5375,.F.);
#5658=ADVANCED_FACE('',(#5012),#5376,.F.);
#5659=ADVANCED_FACE('',(#5013),#5377,.F.);
#5660=ADVANCED_FACE('',(#5014),#5378,.T.);
#5661=ADVANCED_FACE('',(#5015),#5379,.F.);
#5662=ADVANCED_FACE('',(#5016),#5380,.T.);
#5663=ADVANCED_FACE('',(#5017),#5381,.T.);
#5664=ADVANCED_FACE('',(#5018),#5382,.F.);
#5665=ADVANCED_FACE('',(#5019),#5383,.T.);
#5666=ADVANCED_FACE('',(#5020),#5384,.T.);
#5667=ADVANCED_FACE('',(#5021),#5385,.T.);
#5668=ADVANCED_FACE('',(#5022),#5386,.T.);
#5669=ADVANCED_FACE('',(#5023),#5387,.T.);
#5670=ADVANCED_FACE('',(#5024),#5388,.T.);
#5671=ADVANCED_FACE('',(#5025),#5389,.F.);
#5672=ADVANCED_FACE('',(#5026),#184,.T.);
#5673=ADVANCED_FACE('',(#5027),#185,.T.);
#5674=ADVANCED_FACE('',(#5028),#186,.T.);
#5675=ADVANCED_FACE('',(#5029),#187,.T.);
#5676=ADVANCED_FACE('',(#5030),#188,.T.);
#5677=ADVANCED_FACE('',(#5031),#189,.T.);
#5678=ADVANCED_FACE('',(#5032),#190,.T.);
#5679=ADVANCED_FACE('',(#5033),#191,.T.);
#5680=ADVANCED_FACE('',(#5034),#192,.T.);
#5681=ADVANCED_FACE('',(#5035),#193,.T.);
#5682=ADVANCED_FACE('',(#5036),#36,.T.);
#5683=ADVANCED_FACE('',(#5037),#194,.T.);
#5684=ADVANCED_FACE('',(#5038),#37,.T.);
#5685=ADVANCED_FACE('',(#5039),#195,.T.);
#5686=ADVANCED_FACE('',(#5040),#38,.T.);
#5687=ADVANCED_FACE('',(#5041),#196,.T.);
#5688=ADVANCED_FACE('',(#5042),#39,.T.);
#5689=ADVANCED_FACE('',(#5043),#197,.T.);
#5690=ADVANCED_FACE('',(#5044),#40,.T.);
#5691=ADVANCED_FACE('',(#5045),#198,.T.);
#5692=ADVANCED_FACE('',(#5046),#199,.F.);
#5693=ADVANCED_FACE('',(#5047),#200,.T.);
#5694=ADVANCED_FACE('',(#5048,#5049),#201,.T.);
#5695=ADVANCED_FACE('',(#5050,#5051),#5390,.T.);
#5696=ADVANCED_FACE('',(#5052,#5053),#5391,.F.);
#5697=ADVANCED_FACE('',(#5054),#58,.T.);
#5698=ADVANCED_FACE('',(#5055),#59,.T.);
#5699=ADVANCED_FACE('',(#5056,#5057),#60,.T.);
#5700=ADVANCED_FACE('',(#5058),#5392,.T.);
#5701=ADVANCED_FACE('',(#5059),#5393,.T.);
#5702=ADVANCED_FACE('',(#5060),#5394,.F.);
#5703=ADVANCED_FACE('',(#5061),#5395,.F.);
#5704=ADVANCED_FACE('',(#5062),#5396,.T.);
#5705=ADVANCED_FACE('',(#5063),#5397,.F.);
#5706=ADVANCED_FACE('',(#5064),#5398,.F.);
#5707=ADVANCED_FACE('',(#5065),#5399,.T.);
#5708=ADVANCED_FACE('',(#5066),#5400,.F.);
#5709=ADVANCED_FACE('',(#5067),#5401,.T.);
#5710=ADVANCED_FACE('',(#5068),#5402,.T.);
#5711=ADVANCED_FACE('',(#5069),#5403,.T.);
#5712=ADVANCED_FACE('',(#5070),#5404,.F.);
#5713=ADVANCED_FACE('',(#5071),#5405,.F.);
#5714=ADVANCED_FACE('',(#5072),#5406,.T.);
#5715=ADVANCED_FACE('',(#5073),#5407,.F.);
#5716=ADVANCED_FACE('',(#5074),#5408,.F.);
#5717=ADVANCED_FACE('',(#5075),#5409,.T.);
#5718=ADVANCED_FACE('',(#5076),#5410,.F.);
#5719=ADVANCED_FACE('',(#5077),#5411,.T.);
#5720=ADVANCED_FACE('',(#5078,#5079),#5412,.T.);
#5721=ADVANCED_FACE('',(#5080),#5413,.F.);
#5722=ADVANCED_FACE('',(#5081),#5414,.F.);
#5723=ADVANCED_FACE('',(#5082),#5415,.T.);
#5724=ADVANCED_FACE('',(#5083,#5084),#5416,.T.);
#5725=ADVANCED_FACE('',(#5085),#5417,.F.);
#5726=ADVANCED_FACE('',(#5086,#5087),#202,.T.);
#5727=ADVANCED_FACE('',(#5088),#5418,.T.);
#5728=ADVANCED_FACE('',(#5089),#5419,.T.);
#5729=ADVANCED_FACE('',(#5090),#5420,.T.);
#5730=ADVANCED_FACE('',(#5091),#5421,.F.);
#5731=ADVANCED_FACE('',(#5092),#5422,.F.);
#5732=ADVANCED_FACE('',(#5093),#5423,.T.);
#5733=ADVANCED_FACE('',(#5094),#5424,.T.);
#5734=ADVANCED_FACE('',(#5095),#5425,.T.);
#5735=ADVANCED_FACE('',(#5096),#5426,.F.);
#5736=ADVANCED_FACE('',(#5097),#5427,.F.);
#5737=ADVANCED_FACE('',(#5098),#5428,.T.);
#5738=ADVANCED_FACE('',(#5099),#5429,.F.);
#5739=ADVANCED_FACE('',(#5100),#5430,.F.);
#5740=ADVANCED_FACE('',(#5101),#5431,.T.);
#5741=ADVANCED_FACE('',(#5102),#5432,.F.);
#5742=ADVANCED_FACE('',(#5103),#5433,.T.);
#5743=ADVANCED_FACE('',(#5104),#5434,.T.);
#5744=ADVANCED_FACE('',(#5105),#5435,.T.);
#5745=ADVANCED_FACE('',(#5106),#5436,.F.);
#5746=ADVANCED_FACE('',(#5107),#5437,.F.);
#5747=ADVANCED_FACE('',(#5108),#5438,.T.);
#5748=ADVANCED_FACE('',(#5109),#5439,.F.);
#5749=ADVANCED_FACE('',(#5110),#5440,.T.);
#5750=ADVANCED_FACE('',(#5111),#5441,.T.);
#5751=ADVANCED_FACE('',(#5112),#5442,.F.);
#5752=ADVANCED_FACE('',(#5113),#5443,.F.);
#5753=ADVANCED_FACE('',(#5114),#5444,.T.);
#5754=ADVANCED_FACE('',(#5115),#5445,.F.);
#5755=ADVANCED_FACE('',(#5116),#41,.F.);
#5756=ADVANCED_FACE('',(#5117),#42,.F.);
#5757=ADVANCED_FACE('',(#5118),#43,.F.);
#5758=ADVANCED_FACE('',(#5119),#44,.F.);
#5759=ADVANCED_FACE('',(#5120),#45,.F.);
#5760=ADVANCED_FACE('',(#5121),#5446,.T.);
#5761=ADVANCED_FACE('',(#5122),#5447,.T.);
#5762=ADVANCED_FACE('',(#5123),#5448,.T.);
#5763=ADVANCED_FACE('',(#5124),#5449,.T.);
#5764=ADVANCED_FACE('',(#5125),#5450,.T.);
#5765=ADVANCED_FACE('',(#5126),#5451,.T.);
#5766=ADVANCED_FACE('',(#5127),#5452,.T.);
#5767=ADVANCED_FACE('',(#5128),#5453,.T.);
#5768=ADVANCED_FACE('',(#5129),#5454,.T.);
#5769=ADVANCED_FACE('',(#5130),#5455,.T.);
#5770=ADVANCED_FACE('',(#5131),#5456,.T.);
#5771=ADVANCED_FACE('',(#5132),#5457,.F.);
#5772=ADVANCED_FACE('',(#5133),#203,.T.);
#5773=ADVANCED_FACE('',(#5134),#204,.T.);
#5774=ADVANCED_FACE('',(#5135),#205,.T.);
#5775=ADVANCED_FACE('',(#5136),#206,.T.);
#5776=ADVANCED_FACE('',(#5137),#207,.T.);
#5777=ADVANCED_FACE('',(#5138),#208,.T.);
#5778=ADVANCED_FACE('',(#5139),#209,.T.);
#5779=ADVANCED_FACE('',(#5140),#210,.T.);
#5780=ADVANCED_FACE('',(#5141),#211,.T.);
#5781=ADVANCED_FACE('',(#5142),#212,.T.);
#5782=ADVANCED_FACE('',(#5143),#213,.T.);
#5783=ADVANCED_FACE('',(#5144),#61,.T.);
#5784=ADVANCED_FACE('',(#5145),#214,.T.);
#5785=ADVANCED_FACE('',(#5146),#62,.T.);
#5786=ADVANCED_FACE('',(#5147),#215,.T.);
#5787=ADVANCED_FACE('',(#5148),#63,.T.);
#5788=ADVANCED_FACE('',(#5149),#216,.T.);
#5789=ADVANCED_FACE('',(#5150),#64,.T.);
#5790=ADVANCED_FACE('',(#5151),#217,.T.);
#5791=ADVANCED_FACE('',(#5152),#65,.T.);
#5792=ADVANCED_FACE('',(#5153),#46,.F.);
#5793=ADVANCED_FACE('',(#5154),#218,.F.);
#5794=ADVANCED_FACE('',(#5155),#47,.F.);
#5795=ADVANCED_FACE('',(#5156),#219,.F.);
#5796=ADVANCED_FACE('',(#5157),#48,.F.);
#5797=ADVANCED_FACE('',(#5158),#220,.F.);
#5798=ADVANCED_FACE('',(#5159),#49,.F.);
#5799=ADVANCED_FACE('',(#5160),#221,.F.);
#5800=ADVANCED_FACE('',(#5161),#50,.F.);
#5801=ADVANCED_FACE('',(#5162),#222,.F.);
#5802=ADVANCED_FACE('',(#5163,#5164,#5165,#5166,#5167),#5458,.F.);
#5803=ADVANCED_FACE('',(#5168,#5169,#5170,#5171,#5172),#5459,.T.);
#5804=ADVANCED_FACE('',(#5173),#5460,.T.);
#5805=ADVANCED_FACE('',(#5174),#5461,.F.);
#5806=ADVANCED_FACE('',(#5175),#5462,.F.);
#5807=ADVANCED_FACE('',(#5176),#5463,.T.);
#5808=ADVANCED_FACE('',(#5177,#5178),#5464,.T.);
#5809=ADVANCED_FACE('',(#5179),#223,.T.);
#5810=ADVANCED_FACE('',(#5180),#5465,.F.);
#5811=ADVANCED_FACE('',(#5181),#5466,.F.);
#5812=ADVANCED_FACE('',(#5182),#5467,.T.);
#5813=ADVANCED_FACE('',(#5183),#5468,.T.);
#5814=ADVANCED_FACE('',(#5184),#224,.F.);
#5815=ADVANCED_FACE('',(#5185),#5469,.F.);
#5816=ADVANCED_FACE('',(#5186),#5470,.F.);
#5817=ADVANCED_FACE('',(#5187),#225,.F.);
#5818=ADVANCED_FACE('',(#5188),#5471,.F.);
#5819=ADVANCED_FACE('',(#5189),#5472,.T.);
#5820=ADVANCED_FACE('',(#5190),#5473,.F.);
#5821=ADVANCED_FACE('',(#5191),#5474,.F.);
#5822=ADVANCED_FACE('',(#5192),#5475,.T.);
#5823=ADVANCED_FACE('',(#5193),#5476,.T.);
#5824=ADVANCED_FACE('',(#5194),#5477,.F.);
#5825=ADVANCED_FACE('',(#5195),#5478,.F.);
#5826=ADVANCED_FACE('',(#5196),#5479,.T.);
#5827=ADVANCED_FACE('',(#5197),#5480,.T.);
#5828=ADVANCED_FACE('',(#5198),#5481,.T.);
#5829=ADVANCED_FACE('',(#5199),#5482,.F.);
#5830=ADVANCED_FACE('',(#5200),#5483,.F.);
#5831=ADVANCED_FACE('',(#5201),#5484,.T.);
#5832=ADVANCED_FACE('',(#5202),#5485,.F.);
#5833=ADVANCED_FACE('',(#5203),#5486,.F.);
#5834=ADVANCED_FACE('',(#5204),#5487,.T.);
#5835=ADVANCED_FACE('',(#5205),#5488,.F.);
#5836=ADVANCED_FACE('',(#5206),#5489,.T.);
#5837=ADVANCED_FACE('',(#5207),#5490,.F.);
#5838=ADVANCED_FACE('',(#5208),#5491,.F.);
#5839=ADVANCED_FACE('',(#5209),#5492,.T.);
#5840=ADVANCED_FACE('',(#5210),#5493,.T.);
#5841=ADVANCED_FACE('',(#5211),#5494,.F.);
#5842=ADVANCED_FACE('',(#5212),#5495,.F.);
#5843=ADVANCED_FACE('',(#5213),#5496,.T.);
#5844=ADVANCED_FACE('',(#5214),#5497,.T.);
#5845=ADVANCED_FACE('',(#5215,#5216),#5498,.T.);
#5846=ADVANCED_FACE('',(#5217,#5218),#5499,.F.);
#5847=ADVANCED_FACE('',(#5219,#5220),#5500,.F.);
#5848=ADVANCED_FACE('',(#5221),#5501,.F.);
#5849=ADVANCED_FACE('',(#5222),#5502,.F.);
#5850=ADVANCED_FACE('',(#5223),#5503,.F.);
#5851=ADVANCED_FACE('',(#5224),#5504,.T.);
#5852=ADVANCED_FACE('',(#5225),#5505,.T.);
#5853=ADVANCED_FACE('',(#5226),#5506,.F.);
#5854=ADVANCED_FACE('',(#5227),#5507,.T.);
#5855=ADVANCED_FACE('',(#5228),#5508,.F.);
#5856=ADVANCED_FACE('',(#5229),#5509,.T.);
#5857=ADVANCED_FACE('',(#5230),#5510,.F.);
#5858=ADVANCED_FACE('',(#5231),#5511,.T.);
#5859=ADVANCED_FACE('',(#5232),#5512,.F.);
#5860=ADVANCED_FACE('',(#5233),#5513,.T.);
#5861=ADVANCED_FACE('',(#5234),#5514,.F.);
#5862=ADVANCED_FACE('',(#5235),#5515,.T.);
#5863=ADVANCED_FACE('',(#5236),#5516,.F.);
#5864=ADVANCED_FACE('',(#5237),#5517,.T.);
#5865=ADVANCED_FACE('',(#5238),#5518,.T.);
#5866=ADVANCED_FACE('',(#5239),#5519,.F.);
#5867=ADVANCED_FACE('',(#5240),#5520,.F.);
#5868=ADVANCED_FACE('',(#5241),#5521,.T.);
#5869=ADVANCED_FACE('',(#5242),#5522,.T.);
#5870=ADVANCED_FACE('',(#5243),#5523,.T.);
#5871=ADVANCED_FACE('',(#5244),#5524,.F.);
#5872=ADVANCED_FACE('',(#5245),#5525,.T.);
#5873=ADVANCED_FACE('',(#5246),#5526,.T.);
#5874=ADVANCED_FACE('',(#5247),#5527,.T.);
#5875=ADVANCED_FACE('',(#5248),#5528,.F.);
#5876=ADVANCED_FACE('',(#5249),#226,.T.);
#5877=ADVANCED_FACE('',(#5250),#227,.T.);
#5878=ADVANCED_FACE('',(#5251),#228,.T.);
#5879=ADVANCED_FACE('',(#5252),#229,.T.);
#5880=ADVANCED_FACE('',(#5253),#5529,.T.);
#5881=ADVANCED_FACE('',(#5254),#5530,.F.);
#5882=ADVANCED_FACE('',(#5255),#5531,.F.);
#5883=ADVANCED_FACE('',(#5256),#5532,.T.);
#5884=ADVANCED_FACE('',(#5257),#5533,.T.);
#5885=ADVANCED_FACE('',(#5258),#5534,.F.);
#5886=ADVANCED_FACE('',(#5259,#5260),#13,.T.);
#5887=ADVANCED_FACE('',(#5261,#5262),#10,.T.);
#5888=ADVANCED_FACE('',(#5263,#5264),#11,.F.);
#5889=ADVANCED_FACE('',(#5265,#5266),#12,.F.);
#5890=ADVANCED_FACE('',(#5267),#5535,.T.);
#5891=ADVANCED_FACE('',(#5268),#5536,.T.);
#5892=ADVANCED_FACE('',(#5269),#5537,.F.);
#5893=ADVANCED_FACE('',(#5270),#5538,.F.);
#5894=ADVANCED_FACE('',(#5271),#5539,.T.);
#5895=ADVANCED_FACE('',(#5272),#5540,.F.);
#5896=ADVANCED_FACE('',(#5273),#5541,.F.);
#5897=ADVANCED_FACE('',(#5274),#5542,.T.);
#5898=ADVANCED_FACE('',(#5275),#5543,.F.);
#5899=ADVANCED_FACE('',(#5276),#5544,.T.);
#5900=ADVANCED_FACE('',(#5277),#5545,.T.);
#5901=ADVANCED_FACE('',(#5278),#5546,.T.);
#5902=ADVANCED_FACE('',(#5279),#5547,.F.);
#5903=ADVANCED_FACE('',(#5280),#5548,.F.);
#5904=ADVANCED_FACE('',(#5281),#5549,.T.);
#5905=ADVANCED_FACE('',(#5282),#5550,.F.);
#5906=ADVANCED_FACE('',(#5283),#5551,.F.);
#5907=ADVANCED_FACE('',(#5284),#5552,.T.);
#5908=ADVANCED_FACE('',(#5285),#5553,.F.);
#5909=ADVANCED_FACE('',(#5286),#5554,.T.);
#5910=ADVANCED_FACE('',(#5287),#5555,.T.);
#5911=ADVANCED_FACE('',(#5288),#5556,.T.);
#5912=ADVANCED_FACE('',(#5289),#5557,.F.);
#5913=ADVANCED_FACE('',(#5290),#5558,.F.);
#5914=ADVANCED_FACE('',(#5291),#5559,.T.);
#5915=ADVANCED_FACE('',(#5292),#5560,.F.);
#5916=ADVANCED_FACE('',(#5293),#5561,.F.);
#5917=ADVANCED_FACE('',(#5294),#5562,.T.);
#5918=ADVANCED_FACE('',(#5295),#5563,.F.);
#5919=ADVANCED_FACE('',(#5296),#5564,.T.);
#5920=ADVANCED_FACE('',(#5297),#5565,.T.);
#5921=ADVANCED_FACE('',(#5298),#5566,.F.);
#5922=ADVANCED_FACE('',(#5299),#5567,.F.);
#5923=ADVANCED_FACE('',(#5300),#5568,.T.);
#5924=ADVANCED_FACE('',(#5301),#5569,.T.);
#5925=ADVANCED_FACE('',(#5302),#5570,.F.);
#5926=CLOSED_SHELL('',(#5571,#5572,#5573,#5574,#5575,#5576,#5577,#5578,
#5579,#5580));
#5927=CLOSED_SHELL('',(#5581,#5582,#5583,#5584,#5585,#5586,#5587,#5588,
#5589,#5590));
#5928=CLOSED_SHELL('',(#5591,#5592,#5593,#5594,#5595,#5596,#5597,#5598));
#5929=CLOSED_SHELL('',(#5599,#5600,#5601,#5602,#5603,#5604,#5605,#5606,
#5607,#5608));
#5930=CLOSED_SHELL('',(#5609,#5610,#5611,#5612,#5613,#5614,#5615,#5616,
#5617,#5618));
#5931=CLOSED_SHELL('',(#5619,#5620,#5621,#5622,#5623,#5624,#5625,#5626,
#5627,#5628,#5629,#5630,#5631,#5632,#5633,#5634,#5635,#5636,#5637,#5638));
#5932=CLOSED_SHELL('',(#5639,#5640,#5641,#5642,#5643,#5644,#5645,#5646,
#5647,#5648));
#5933=CLOSED_SHELL('',(#5649,#5650,#5651,#5652,#5653,#5654,#5655,#5656,
#5657,#5658,#5659,#5660,#5661,#5662,#5663,#5664,#5665,#5666,#5667,#5668,
#5669,#5670,#5671,#5672,#5673,#5674,#5675,#5676,#5677,#5678,#5679,#5680,
#5681,#5682,#5683,#5684,#5685,#5686,#5687,#5688,#5689,#5690,#5691));
#5934=CLOSED_SHELL('',(#5692,#5693,#5694,#5695,#5696,#5697,#5698,#5699));
#5935=CLOSED_SHELL('',(#5700,#5701,#5702,#5703,#5704,#5705,#5706,#5707,
#5708,#5709));
#5936=CLOSED_SHELL('',(#5710,#5711,#5712,#5713,#5714,#5715,#5716,#5717,
#5718,#5719));
#5937=CLOSED_SHELL('',(#5720,#5721,#5722,#5723,#5724,#5725,#5726,#5727,
#5728,#5729,#5730,#5731,#5732));
#5938=CLOSED_SHELL('',(#5733,#5734,#5735,#5736,#5737,#5738,#5739,#5740,
#5741,#5742));
#5939=CLOSED_SHELL('',(#5743,#5744,#5745,#5746,#5747,#5748));
#5940=CLOSED_SHELL('',(#5749,#5750,#5751,#5752,#5753,#5754));
#5941=CLOSED_SHELL('',(#5755,#5756,#5757,#5758,#5759,#5760,#5761,#5762,
#5763,#5764,#5765,#5766,#5767,#5768,#5769,#5770,#5771,#5772,#5773,#5774,
#5775,#5776,#5777,#5778,#5779,#5780,#5781,#5782,#5783,#5784,#5785,#5786,
#5787,#5788,#5789,#5790,#5791,#5792,#5793,#5794,#5795,#5796,#5797,#5798,
#5799,#5800,#5801));
#5942=CLOSED_SHELL('',(#5802,#5803,#5804,#5805,#5806,#5807,#5808,#5809,
#5810,#5811,#5812,#5813,#5814,#5815,#5816,#5817,#5818,#5819,#5820,#5821,
#5822,#5823,#5824,#5825,#5826));
#5943=CLOSED_SHELL('',(#5827,#5828,#5829,#5830,#5831,#5832,#5833,#5834,
#5835,#5836));
#5944=CLOSED_SHELL('',(#5837,#5838,#5839,#5840,#5841,#5842,#5843,#5844,
#5845,#5846));
#5945=CLOSED_SHELL('',(#5847,#5848,#5849,#5850,#5851,#5852,#5853,#5854,
#5855,#5856,#5857,#5858,#5859,#5860,#5861,#5862,#5863,#5864,#5865,#5866,
#5867,#5868,#5869));
#5946=CLOSED_SHELL('',(#5870,#5871,#5872,#5873,#5874,#5875,#5876,#5877,
#5878,#5879));
#5947=CLOSED_SHELL('',(#5880,#5881,#5882,#5883,#5884,#5885));
#5948=CLOSED_SHELL('',(#5886,#5887,#5888,#5889));
#5949=CLOSED_SHELL('',(#5890,#5891,#5892,#5893,#5894,#5895,#5896,#5897,
#5898,#5899));
#5950=CLOSED_SHELL('',(#5900,#5901,#5902,#5903,#5904,#5905,#5906,#5907,
#5908,#5909));
#5951=CLOSED_SHELL('',(#5910,#5911,#5912,#5913,#5914,#5915,#5916,#5917,
#5918,#5919));
#5952=CLOSED_SHELL('',(#5920,#5921,#5922,#5923,#5924,#5925));
#5953=STYLED_ITEM('',(#5980),#6155);
#5954=STYLED_ITEM('',(#5981),#6156);
#5955=STYLED_ITEM('',(#5982),#6157);
#5956=STYLED_ITEM('',(#5983),#6158);
#5957=STYLED_ITEM('',(#5984),#6159);
#5958=STYLED_ITEM('',(#5985),#6160);
#5959=STYLED_ITEM('',(#5986),#6161);
#5960=STYLED_ITEM('',(#5987),#6162);
#5961=STYLED_ITEM('',(#5988),#6163);
#5962=STYLED_ITEM('',(#5989),#6164);
#5963=STYLED_ITEM('',(#5990),#6165);
#5964=STYLED_ITEM('',(#5991),#6166);
#5965=STYLED_ITEM('',(#5992),#6167);
#5966=STYLED_ITEM('',(#5993),#6168);
#5967=STYLED_ITEM('',(#5994),#6169);
#5968=STYLED_ITEM('',(#5995),#6170);
#5969=STYLED_ITEM('',(#5996),#6171);
#5970=STYLED_ITEM('',(#5997),#6172);
#5971=STYLED_ITEM('',(#5998),#6173);
#5972=STYLED_ITEM('',(#5999),#6174);
#5973=STYLED_ITEM('',(#6000),#6175);
#5974=STYLED_ITEM('',(#6001),#6176);
#5975=STYLED_ITEM('',(#6002),#6177);
#5976=STYLED_ITEM('',(#6003),#6178);
#5977=STYLED_ITEM('',(#6004),#6179);
#5978=STYLED_ITEM('',(#6005),#6180);
#5979=STYLED_ITEM('',(#6006),#6181);
#5980=PRESENTATION_STYLE_ASSIGNMENT((#6007));
#5981=PRESENTATION_STYLE_ASSIGNMENT((#6008));
#5982=PRESENTATION_STYLE_ASSIGNMENT((#6009));
#5983=PRESENTATION_STYLE_ASSIGNMENT((#6010));
#5984=PRESENTATION_STYLE_ASSIGNMENT((#6011));
#5985=PRESENTATION_STYLE_ASSIGNMENT((#6012));
#5986=PRESENTATION_STYLE_ASSIGNMENT((#6013));
#5987=PRESENTATION_STYLE_ASSIGNMENT((#6014));
#5988=PRESENTATION_STYLE_ASSIGNMENT((#6015));
#5989=PRESENTATION_STYLE_ASSIGNMENT((#6016));
#5990=PRESENTATION_STYLE_ASSIGNMENT((#6017));
#5991=PRESENTATION_STYLE_ASSIGNMENT((#6018));
#5992=PRESENTATION_STYLE_ASSIGNMENT((#6019));
#5993=PRESENTATION_STYLE_ASSIGNMENT((#6020));
#5994=PRESENTATION_STYLE_ASSIGNMENT((#6021));
#5995=PRESENTATION_STYLE_ASSIGNMENT((#6022));
#5996=PRESENTATION_STYLE_ASSIGNMENT((#6023));
#5997=PRESENTATION_STYLE_ASSIGNMENT((#6024));
#5998=PRESENTATION_STYLE_ASSIGNMENT((#6025));
#5999=PRESENTATION_STYLE_ASSIGNMENT((#6026));
#6000=PRESENTATION_STYLE_ASSIGNMENT((#6027));
#6001=PRESENTATION_STYLE_ASSIGNMENT((#6028));
#6002=PRESENTATION_STYLE_ASSIGNMENT((#6029));
#6003=PRESENTATION_STYLE_ASSIGNMENT((#6030));
#6004=PRESENTATION_STYLE_ASSIGNMENT((#6031));
#6005=PRESENTATION_STYLE_ASSIGNMENT((#6032));
#6006=PRESENTATION_STYLE_ASSIGNMENT((#6033));
#6007=SURFACE_STYLE_USAGE(.BOTH.,#6034);
#6008=SURFACE_STYLE_USAGE(.BOTH.,#6035);
#6009=SURFACE_STYLE_USAGE(.BOTH.,#6036);
#6010=SURFACE_STYLE_USAGE(.BOTH.,#6037);
#6011=SURFACE_STYLE_USAGE(.BOTH.,#6038);
#6012=SURFACE_STYLE_USAGE(.BOTH.,#6039);
#6013=SURFACE_STYLE_USAGE(.BOTH.,#6040);
#6014=SURFACE_STYLE_USAGE(.BOTH.,#6041);
#6015=SURFACE_STYLE_USAGE(.BOTH.,#6042);
#6016=SURFACE_STYLE_USAGE(.BOTH.,#6043);
#6017=SURFACE_STYLE_USAGE(.BOTH.,#6044);
#6018=SURFACE_STYLE_USAGE(.BOTH.,#6045);
#6019=SURFACE_STYLE_USAGE(.BOTH.,#6046);
#6020=SURFACE_STYLE_USAGE(.BOTH.,#6047);
#6021=SURFACE_STYLE_USAGE(.BOTH.,#6048);
#6022=SURFACE_STYLE_USAGE(.BOTH.,#6049);
#6023=SURFACE_STYLE_USAGE(.BOTH.,#6050);
#6024=SURFACE_STYLE_USAGE(.BOTH.,#6051);
#6025=SURFACE_STYLE_USAGE(.BOTH.,#6052);
#6026=SURFACE_STYLE_USAGE(.BOTH.,#6053);
#6027=SURFACE_STYLE_USAGE(.BOTH.,#6054);
#6028=SURFACE_STYLE_USAGE(.BOTH.,#6055);
#6029=SURFACE_STYLE_USAGE(.BOTH.,#6056);
#6030=SURFACE_STYLE_USAGE(.BOTH.,#6057);
#6031=SURFACE_STYLE_USAGE(.BOTH.,#6058);
#6032=SURFACE_STYLE_USAGE(.BOTH.,#6059);
#6033=SURFACE_STYLE_USAGE(.BOTH.,#6060);
#6034=SURFACE_SIDE_STYLE('',(#6061));
#6035=SURFACE_SIDE_STYLE('',(#6062));
#6036=SURFACE_SIDE_STYLE('',(#6063));
#6037=SURFACE_SIDE_STYLE('',(#6064));
#6038=SURFACE_SIDE_STYLE('',(#6065));
#6039=SURFACE_SIDE_STYLE('',(#6066));
#6040=SURFACE_SIDE_STYLE('',(#6067));
#6041=SURFACE_SIDE_STYLE('',(#6068));
#6042=SURFACE_SIDE_STYLE('',(#6069));
#6043=SURFACE_SIDE_STYLE('',(#6070));
#6044=SURFACE_SIDE_STYLE('',(#6071));
#6045=SURFACE_SIDE_STYLE('',(#6072));
#6046=SURFACE_SIDE_STYLE('',(#6073));
#6047=SURFACE_SIDE_STYLE('',(#6074));
#6048=SURFACE_SIDE_STYLE('',(#6075));
#6049=SURFACE_SIDE_STYLE('',(#6076));
#6050=SURFACE_SIDE_STYLE('',(#6077));
#6051=SURFACE_SIDE_STYLE('',(#6078));
#6052=SURFACE_SIDE_STYLE('',(#6079));
#6053=SURFACE_SIDE_STYLE('',(#6080));
#6054=SURFACE_SIDE_STYLE('',(#6081));
#6055=SURFACE_SIDE_STYLE('',(#6082));
#6056=SURFACE_SIDE_STYLE('',(#6083));
#6057=SURFACE_SIDE_STYLE('',(#6084));
#6058=SURFACE_SIDE_STYLE('',(#6085));
#6059=SURFACE_SIDE_STYLE('',(#6086));
#6060=SURFACE_SIDE_STYLE('',(#6087));
#6061=SURFACE_STYLE_FILL_AREA(#6088);
#6062=SURFACE_STYLE_FILL_AREA(#6089);
#6063=SURFACE_STYLE_FILL_AREA(#6090);
#6064=SURFACE_STYLE_FILL_AREA(#6091);
#6065=SURFACE_STYLE_FILL_AREA(#6092);
#6066=SURFACE_STYLE_FILL_AREA(#6093);
#6067=SURFACE_STYLE_FILL_AREA(#6094);
#6068=SURFACE_STYLE_FILL_AREA(#6095);
#6069=SURFACE_STYLE_FILL_AREA(#6096);
#6070=SURFACE_STYLE_FILL_AREA(#6097);
#6071=SURFACE_STYLE_FILL_AREA(#6098);
#6072=SURFACE_STYLE_FILL_AREA(#6099);
#6073=SURFACE_STYLE_FILL_AREA(#6100);
#6074=SURFACE_STYLE_FILL_AREA(#6101);
#6075=SURFACE_STYLE_FILL_AREA(#6102);
#6076=SURFACE_STYLE_FILL_AREA(#6103);
#6077=SURFACE_STYLE_FILL_AREA(#6104);
#6078=SURFACE_STYLE_FILL_AREA(#6105);
#6079=SURFACE_STYLE_FILL_AREA(#6106);
#6080=SURFACE_STYLE_FILL_AREA(#6107);
#6081=SURFACE_STYLE_FILL_AREA(#6108);
#6082=SURFACE_STYLE_FILL_AREA(#6109);
#6083=SURFACE_STYLE_FILL_AREA(#6110);
#6084=SURFACE_STYLE_FILL_AREA(#6111);
#6085=SURFACE_STYLE_FILL_AREA(#6112);
#6086=SURFACE_STYLE_FILL_AREA(#6113);
#6087=SURFACE_STYLE_FILL_AREA(#6114);
#6088=FILL_AREA_STYLE('',(#6115));
#6089=FILL_AREA_STYLE('',(#6116));
#6090=FILL_AREA_STYLE('',(#6117));
#6091=FILL_AREA_STYLE('',(#6118));
#6092=FILL_AREA_STYLE('',(#6119));
#6093=FILL_AREA_STYLE('',(#6120));
#6094=FILL_AREA_STYLE('',(#6121));
#6095=FILL_AREA_STYLE('',(#6122));
#6096=FILL_AREA_STYLE('',(#6123));
#6097=FILL_AREA_STYLE('',(#6124));
#6098=FILL_AREA_STYLE('',(#6125));
#6099=FILL_AREA_STYLE('',(#6126));
#6100=FILL_AREA_STYLE('',(#6127));
#6101=FILL_AREA_STYLE('',(#6128));
#6102=FILL_AREA_STYLE('',(#6129));
#6103=FILL_AREA_STYLE('',(#6130));
#6104=FILL_AREA_STYLE('',(#6131));
#6105=FILL_AREA_STYLE('',(#6132));
#6106=FILL_AREA_STYLE('',(#6133));
#6107=FILL_AREA_STYLE('',(#6134));
#6108=FILL_AREA_STYLE('',(#6135));
#6109=FILL_AREA_STYLE('',(#6136));
#6110=FILL_AREA_STYLE('',(#6137));
#6111=FILL_AREA_STYLE('',(#6138));
#6112=FILL_AREA_STYLE('',(#6139));
#6113=FILL_AREA_STYLE('',(#6140));
#6114=FILL_AREA_STYLE('',(#6141));
#6115=FILL_AREA_STYLE_COLOUR('',#6142);
#6116=FILL_AREA_STYLE_COLOUR('',#6143);
#6117=FILL_AREA_STYLE_COLOUR('',#6144);
#6118=FILL_AREA_STYLE_COLOUR('',#6145);
#6119=FILL_AREA_STYLE_COLOUR('',#6146);
#6120=FILL_AREA_STYLE_COLOUR('',#6147);
#6121=FILL_AREA_STYLE_COLOUR('',#6145);
#6122=FILL_AREA_STYLE_COLOUR('',#6148);
#6123=FILL_AREA_STYLE_COLOUR('',#6149);
#6124=FILL_AREA_STYLE_COLOUR('',#6145);
#6125=FILL_AREA_STYLE_COLOUR('',#6145);
#6126=FILL_AREA_STYLE_COLOUR('',#6150);
#6127=FILL_AREA_STYLE_COLOUR('',#6145);
#6128=FILL_AREA_STYLE_COLOUR('',#34);
#6129=FILL_AREA_STYLE_COLOUR('',#6151);
#6130=FILL_AREA_STYLE_COLOUR('',#6152);
#6131=FILL_AREA_STYLE_COLOUR('',#6142);
#6132=FILL_AREA_STYLE_COLOUR('',#6145);
#6133=FILL_AREA_STYLE_COLOUR('',#6147);
#6134=FILL_AREA_STYLE_COLOUR('',#6153);
#6135=FILL_AREA_STYLE_COLOUR('',#6154);
#6136=FILL_AREA_STYLE_COLOUR('',#6142);
#6137=FILL_AREA_STYLE_COLOUR('',#35);
#6138=FILL_AREA_STYLE_COLOUR('',#6145);
#6139=FILL_AREA_STYLE_COLOUR('',#6145);
#6140=FILL_AREA_STYLE_COLOUR('',#6145);
#6141=FILL_AREA_STYLE_COLOUR('',#6142);
#6142=COLOUR_RGB('',0.917647058823529,0.917647058823529,0.917647058823529);
#6143=COLOUR_RGB('',0.615686274509804,0.811764705882353,0.929411764705882);
#6144=COLOUR_RGB('',0.0862745098039216,0.31764705882353,0.690196078431373);
#6145=COLOUR_RGB('',0.650980392156863,0.486274509803922,0.0196078431372549);
#6146=COLOUR_RGB('',0.866666666666667,0.32156862745098,0.156862745098039);
#6147=COLOUR_RGB('',0.823529411764706,0.623529411764706,0.0352941176470589);
#6148=COLOUR_RGB('',0.972549019607843,0.929411764705882,0.701960784313725);
#6149=COLOUR_RGB('',0.972549019607843,0.529411764705882,0.00392156862745098);
#6150=COLOUR_RGB('',0.913725490196078,0.647058823529412,0.329411764705883);
#6151=COLOUR_RGB('',0.231372549019608,0.380392156862745,0.705882352941177);
#6152=COLOUR_RGB('',0.768627450980392,0.886274509803922,0.952941176470588);
#6153=COLOUR_RGB('',0.909803921568627,0.572549019607843,0.164705882352941);
#6154=COLOUR_RGB('',0.890196078431373,0.698039215686275,0.63921568627451);
#6155=MANIFOLD_SOLID_BREP('Part 1',#5926);
#6156=MANIFOLD_SOLID_BREP('Part 3',#5927);
#6157=MANIFOLD_SOLID_BREP('Part 19',#5928);
#6158=MANIFOLD_SOLID_BREP('Part 10',#5929);
#6159=MANIFOLD_SOLID_BREP('Part 4',#5930);
#6160=MANIFOLD_SOLID_BREP('Part 1',#5931);
#6161=MANIFOLD_SOLID_BREP('Part 6',#5932);
#6162=MANIFOLD_SOLID_BREP('Part 1',#5933);
#6163=MANIFOLD_SOLID_BREP('Part 13',#5934);
#6164=MANIFOLD_SOLID_BREP('Part 4',#5935);
#6165=MANIFOLD_SOLID_BREP('Part 11',#5936);
#6166=MANIFOLD_SOLID_BREP('Part 2',#5937);
#6167=MANIFOLD_SOLID_BREP('Part 5',#5938);
#6168=MANIFOLD_SOLID_BREP('Part 3',#5939);
#6169=MANIFOLD_SOLID_BREP('Part 2',#5940);
#6170=MANIFOLD_SOLID_BREP('Part 12',#5941);
#6171=MANIFOLD_SOLID_BREP('Part 1',#5942);
#6172=MANIFOLD_SOLID_BREP('Part 8',#5943);
#6173=MANIFOLD_SOLID_BREP('Part 2',#5944);
#6174=MANIFOLD_SOLID_BREP('Part 1',#5945);
#6175=MANIFOLD_SOLID_BREP('Part 2',#5946);
#6176=MANIFOLD_SOLID_BREP('Part 1',#5947);
#6177=MANIFOLD_SOLID_BREP('Part 1',#5948);
#6178=MANIFOLD_SOLID_BREP('Part 9',#5949);
#6179=MANIFOLD_SOLID_BREP('Part 3',#5950);
#6180=MANIFOLD_SOLID_BREP('Part 7',#5951);
#6181=MANIFOLD_SOLID_BREP('Part 1',#5952);
#6182=SHAPE_DEFINITION_REPRESENTATION(#10737,#6210);
#6183=SHAPE_DEFINITION_REPRESENTATION(#10738,#6211);
#6184=SHAPE_DEFINITION_REPRESENTATION(#10740,#6212);
#6185=SHAPE_DEFINITION_REPRESENTATION(#10742,#6213);
#6186=SHAPE_DEFINITION_REPRESENTATION(#10744,#6214);
#6187=SHAPE_DEFINITION_REPRESENTATION(#10746,#6215);
#6188=SHAPE_DEFINITION_REPRESENTATION(#10748,#6216);
#6189=SHAPE_DEFINITION_REPRESENTATION(#10750,#6217);
#6190=SHAPE_DEFINITION_REPRESENTATION(#10752,#6218);
#6191=SHAPE_DEFINITION_REPRESENTATION(#10754,#6219);
#6192=SHAPE_DEFINITION_REPRESENTATION(#10756,#6220);
#6193=SHAPE_DEFINITION_REPRESENTATION(#10758,#6221);
#6194=SHAPE_DEFINITION_REPRESENTATION(#10760,#6222);
#6195=SHAPE_DEFINITION_REPRESENTATION(#10763,#6223);
#6196=SHAPE_DEFINITION_REPRESENTATION(#10765,#6224);
#6197=SHAPE_DEFINITION_REPRESENTATION(#10767,#6225);
#6198=SHAPE_DEFINITION_REPRESENTATION(#10769,#6226);
#6199=SHAPE_DEFINITION_REPRESENTATION(#10771,#6227);
#6200=SHAPE_DEFINITION_REPRESENTATION(#10773,#6228);
#6201=SHAPE_DEFINITION_REPRESENTATION(#10775,#6229);
#6202=SHAPE_DEFINITION_REPRESENTATION(#10777,#6230);
#6203=SHAPE_DEFINITION_REPRESENTATION(#10779,#6231);
#6204=SHAPE_DEFINITION_REPRESENTATION(#10781,#6232);
#6205=SHAPE_DEFINITION_REPRESENTATION(#10783,#6233);
#6206=SHAPE_DEFINITION_REPRESENTATION(#10785,#6234);
#6207=SHAPE_DEFINITION_REPRESENTATION(#10787,#6235);
#6208=SHAPE_DEFINITION_REPRESENTATION(#10789,#6236);
#6209=SHAPE_DEFINITION_REPRESENTATION(#10791,#6237);
#6210=SHAPE_REPRESENTATION('Assembly 1',(#6238,#6249,#6264,#6282,#6293,
#6308,#6329,#6340,#6404,#6422,#6433,#6444,#6460,#6461,#6472,#6479,#6486,
#6564,#6596,#6607,#6618,#6642,#6657,#6664,#6673,#6684,#6695,#6706,#6713),
#10678);
#6211=SHAPE_REPRESENTATION('Part 1',(#6238),#10679);
#6212=SHAPE_REPRESENTATION('Part 3',(#6238),#10680);
#6213=SHAPE_REPRESENTATION('Part 19',(#6238),#10681);
#6214=SHAPE_REPRESENTATION('Part 10',(#6238),#10682);
#6215=SHAPE_REPRESENTATION('Part 4',(#6238),#10683);
#6216=SHAPE_REPRESENTATION('Part 1',(#6238),#10684);
#6217=SHAPE_REPRESENTATION('Part 6',(#6238),#10685);
#6218=SHAPE_REPRESENTATION('Part 1',(#6238),#10686);
#6219=SHAPE_REPRESENTATION('Part 13',(#6238),#10687);
#6220=SHAPE_REPRESENTATION('Part 4',(#6238),#10688);
#6221=SHAPE_REPRESENTATION('Part 11',(#6238),#10689);
#6222=SHAPE_REPRESENTATION('Part 2',(#6238),#10690);
#6223=SHAPE_REPRESENTATION('Part 5',(#6238),#10691);
#6224=SHAPE_REPRESENTATION('Part 3',(#6238),#10692);
#6225=SHAPE_REPRESENTATION('Part 2',(#6238),#10693);
#6226=SHAPE_REPRESENTATION('Part 12',(#6238),#10694);
#6227=SHAPE_REPRESENTATION('Part 1',(#6238),#10695);
#6228=SHAPE_REPRESENTATION('Part 8',(#6238),#10696);
#6229=SHAPE_REPRESENTATION('Part 2',(#6238),#10697);
#6230=SHAPE_REPRESENTATION('Part 1',(#6238),#10698);
#6231=SHAPE_REPRESENTATION('Part 2',(#6238),#10699);
#6232=SHAPE_REPRESENTATION('Part 1',(#6238),#10700);
#6233=SHAPE_REPRESENTATION('Part 1',(#6238),#10701);
#6234=SHAPE_REPRESENTATION('Part 9',(#6238),#10702);
#6235=SHAPE_REPRESENTATION('Part 3',(#6238),#10703);
#6236=SHAPE_REPRESENTATION('Part 7',(#6238),#10704);
#6237=SHAPE_REPRESENTATION('Part 1',(#6238),#10705);
#6238=AXIS2_PLACEMENT_3D('',#8317,#6714,#6715);
#6239=AXIS2_PLACEMENT_3D('',#8318,#6716,#6717);
#6240=AXIS2_PLACEMENT_3D('',#8327,#6722,#6723);
#6241=AXIS2_PLACEMENT_3D('',#8333,#6727,#6728);
#6242=AXIS2_PLACEMENT_3D('',#8339,#6732,#6733);
#6243=AXIS2_PLACEMENT_3D('',#8350,#6740,#6741);
#6244=AXIS2_PLACEMENT_3D('',#8356,#6745,#6746);
#6245=AXIS2_PLACEMENT_3D('',#8357,#6747,#6748);
#6246=AXIS2_PLACEMENT_3D('',#8361,#6751,#6752);
#6247=AXIS2_PLACEMENT_3D('',#8365,#6755,#6756);
#6248=AXIS2_PLACEMENT_3D('',#8367,#6758,#6759);
#6249=AXIS2_PLACEMENT_3D('',#8368,#6760,#6761);
#6250=AXIS2_PLACEMENT_3D('',#8369,#6762,#6763);
#6251=AXIS2_PLACEMENT_3D('',#8378,#6768,#6769);
#6252=AXIS2_PLACEMENT_3D('',#8384,#6773,#6774);
#6253=AXIS2_PLACEMENT_3D('',#8390,#6778,#6779);
#6254=AXIS2_PLACEMENT_3D('',#8393,#6782,#6783);
#6255=AXIS2_PLACEMENT_3D('',#8402,#6788,#6789);
#6256=AXIS2_PLACEMENT_3D('',#8403,#6790,#6791);
#6257=AXIS2_PLACEMENT_3D('',#8404,#6792,#6793);
#6258=AXIS2_PLACEMENT_3D('',#8405,#6794,#6795);
#6259=AXIS2_PLACEMENT_3D('',#8406,#6796,#6797);
#6260=AXIS2_PLACEMENT_3D('',#8407,#6798,#6799);
#6261=AXIS2_PLACEMENT_3D('',#8408,#6800,#6801);
#6262=AXIS2_PLACEMENT_3D('',#8409,#6802,#6803);
#6263=AXIS2_PLACEMENT_3D('',#8410,#6804,#6805);
#6264=AXIS2_PLACEMENT_3D('',#8411,#6806,#6807);
#6265=AXIS2_PLACEMENT_3D('',#8412,#6808,#6809);
#6266=AXIS2_PLACEMENT_3D('',#8416,#6811,#6812);
#6267=AXIS2_PLACEMENT_3D('',#8420,#6814,#6815);
#6268=AXIS2_PLACEMENT_3D('',#8421,#6816,#6817);
#6269=AXIS2_PLACEMENT_3D('',#8422,#6818,#6819);
#6270=AXIS2_PLACEMENT_3D('',#8423,#6820,#6821);
#6271=AXIS2_PLACEMENT_3D('',#8424,#6822,#6823);
#6272=AXIS2_PLACEMENT_3D('',#8425,#6824,#6825);
#6273=AXIS2_PLACEMENT_3D('',#8427,#6826,#6827);
#6274=AXIS2_PLACEMENT_3D('',#8429,#6828,#6829);
#6275=AXIS2_PLACEMENT_3D('',#8430,#6830,#6831);
#6276=AXIS2_PLACEMENT_3D('',#8433,#6832,#6833);
#6277=AXIS2_PLACEMENT_3D('',#8434,#6834,#6835);
#6278=AXIS2_PLACEMENT_3D('',#8436,#6836,#6837);
#6279=AXIS2_PLACEMENT_3D('',#8437,#6838,#6839);
#6280=AXIS2_PLACEMENT_3D('',#8458,#6840,#6841);
#6281=AXIS2_PLACEMENT_3D('',#8459,#6842,#6843);
#6282=AXIS2_PLACEMENT_3D('',#8460,#6844,#6845);
#6283=AXIS2_PLACEMENT_3D('',#8461,#6846,#6847);
#6284=AXIS2_PLACEMENT_3D('',#8470,#6852,#6853);
#6285=AXIS2_PLACEMENT_3D('',#8476,#6857,#6858);
#6286=AXIS2_PLACEMENT_3D('',#8482,#6862,#6863);
#6287=AXIS2_PLACEMENT_3D('',#8485,#6866,#6867);
#6288=AXIS2_PLACEMENT_3D('',#8494,#6872,#6873);
#6289=AXIS2_PLACEMENT_3D('',#8495,#6874,#6875);
#6290=AXIS2_PLACEMENT_3D('',#8498,#6878,#6879);
#6291=AXIS2_PLACEMENT_3D('',#8500,#6881,#6882);
#6292=AXIS2_PLACEMENT_3D('',#8502,#6884,#6885);
#6293=AXIS2_PLACEMENT_3D('',#8503,#6886,#6887);
#6294=AXIS2_PLACEMENT_3D('',#8504,#6888,#6889);
#6295=AXIS2_PLACEMENT_3D('',#8513,#6894,#6895);
#6296=AXIS2_PLACEMENT_3D('',#8519,#6899,#6900);
#6297=AXIS2_PLACEMENT_3D('',#8525,#6904,#6905);
#6298=AXIS2_PLACEMENT_3D('',#8528,#6908,#6909);
#6299=AXIS2_PLACEMENT_3D('',#8537,#6914,#6915);
#6300=AXIS2_PLACEMENT_3D('',#8538,#6916,#6917);
#6301=AXIS2_PLACEMENT_3D('',#8539,#6918,#6919);
#6302=AXIS2_PLACEMENT_3D('',#8540,#6920,#6921);
#6303=AXIS2_PLACEMENT_3D('',#8541,#6922,#6923);
#6304=AXIS2_PLACEMENT_3D('',#8542,#6924,#6925);
#6305=AXIS2_PLACEMENT_3D('',#8543,#6926,#6927);
#6306=AXIS2_PLACEMENT_3D('',#8544,#6928,#6929);
#6307=AXIS2_PLACEMENT_3D('',#8545,#6930,#6931);
#6308=AXIS2_PLACEMENT_3D('',#8546,#6932,#6933);
#6309=AXIS2_PLACEMENT_3D('',#8547,#6934,#6935);
#6310=AXIS2_PLACEMENT_3D('',#8556,#6940,#6941);
#6311=AXIS2_PLACEMENT_3D('',#8565,#6946,#6947);
#6312=AXIS2_PLACEMENT_3D('',#8574,#6952,#6953);
#6313=AXIS2_PLACEMENT_3D('',#8583,#6958,#6959);
#6314=AXIS2_PLACEMENT_3D('',#8598,#6968,#6969);
#6315=AXIS2_PLACEMENT_3D('',#8607,#6975,#6976);
#6316=AXIS2_PLACEMENT_3D('',#8616,#6982,#6983);
#6317=AXIS2_PLACEMENT_3D('',#8627,#6990,#6991);
#6318=AXIS2_PLACEMENT_3D('',#8629,#6993,#6994);
#6319=AXIS2_PLACEMENT_3D('',#8631,#6996,#6997);
#6320=AXIS2_PLACEMENT_3D('',#8632,#6998,#6999);
#6321=AXIS2_PLACEMENT_3D('',#8636,#7002,#7003);
#6322=AXIS2_PLACEMENT_3D('',#8638,#7005,#7006);
#6323=AXIS2_PLACEMENT_3D('',#8642,#7009,#7010);
#6324=AXIS2_PLACEMENT_3D('',#8644,#7012,#7013);
#6325=AXIS2_PLACEMENT_3D('',#8648,#7016,#7017);
#6326=AXIS2_PLACEMENT_3D('',#8650,#7019,#7020);
#6327=AXIS2_PLACEMENT_3D('',#8654,#7023,#7024);
#6328=AXIS2_PLACEMENT_3D('',#8656,#7026,#7027);
#6329=AXIS2_PLACEMENT_3D('',#8657,#7028,#7029);
#6330=AXIS2_PLACEMENT_3D('',#8658,#7030,#7031);
#6331=AXIS2_PLACEMENT_3D('',#8667,#7036,#7037);
#6332=AXIS2_PLACEMENT_3D('',#8673,#7041,#7042);
#6333=AXIS2_PLACEMENT_3D('',#8679,#7046,#7047);
#6334=AXIS2_PLACEMENT_3D('',#8682,#7050,#7051);
#6335=AXIS2_PLACEMENT_3D('',#8691,#7056,#7057);
#6336=AXIS2_PLACEMENT_3D('',#8692,#7058,#7059);
#6337=AXIS2_PLACEMENT_3D('',#8695,#7062,#7063);
#6338=AXIS2_PLACEMENT_3D('',#8697,#7065,#7066);
#6339=AXIS2_PLACEMENT_3D('',#8699,#7068,#7069);
#6340=AXIS2_PLACEMENT_3D('',#8700,#7070,#7071);
#6341=AXIS2_PLACEMENT_3D('',#8701,#7072,#7073);
#6342=AXIS2_PLACEMENT_3D('',#8705,#7075,#7076);
#6343=AXIS2_PLACEMENT_3D('',#8711,#7079,#7080);
#6344=AXIS2_PLACEMENT_3D('',#8717,#7083,#7084);
#6345=AXIS2_PLACEMENT_3D('',#8723,#7087,#7088);
#6346=AXIS2_PLACEMENT_3D('',#8729,#7091,#7092);
#6347=AXIS2_PLACEMENT_3D('',#8752,#7104,#7105);
#6348=AXIS2_PLACEMENT_3D('',#8758,#7109,#7110);
#6349=AXIS2_PLACEMENT_3D('',#8762,#7113,#7114);
#6350=AXIS2_PLACEMENT_3D('',#8768,#7118,#7119);
#6351=AXIS2_PLACEMENT_3D('',#8772,#7122,#7123);
#6352=AXIS2_PLACEMENT_3D('',#8778,#7127,#7128);
#6353=AXIS2_PLACEMENT_3D('',#8782,#7131,#7132);
#6354=AXIS2_PLACEMENT_3D('',#8788,#7136,#7137);
#6355=AXIS2_PLACEMENT_3D('',#8792,#7140,#7141);
#6356=AXIS2_PLACEMENT_3D('',#8798,#7145,#7146);
#6357=AXIS2_PLACEMENT_3D('',#8802,#7149,#7150);
#6358=AXIS2_PLACEMENT_3D('',#8823,#7161,#7162);
#6359=AXIS2_PLACEMENT_3D('',#8829,#7166,#7167);
#6360=AXIS2_PLACEMENT_3D('',#8833,#7170,#7171);
#6361=AXIS2_PLACEMENT_3D('',#8837,#7174,#7175);
#6362=AXIS2_PLACEMENT_3D('',#8841,#7178,#7179);
#6363=AXIS2_PLACEMENT_3D('',#8845,#7182,#7183);
#6364=AXIS2_PLACEMENT_3D('',#8849,#7186,#7187);
#6365=AXIS2_PLACEMENT_3D('',#8853,#7190,#7191);
#6366=AXIS2_PLACEMENT_3D('',#8857,#7194,#7195);
#6367=AXIS2_PLACEMENT_3D('',#8861,#7198,#7199);
#6368=AXIS2_PLACEMENT_3D('',#8863,#7201,#7202);
#6369=AXIS2_PLACEMENT_3D('',#8864,#7203,#7204);
#6370=AXIS2_PLACEMENT_3D('',#8865,#7205,#7206);
#6371=AXIS2_PLACEMENT_3D('',#8866,#7207,#7208);
#6372=AXIS2_PLACEMENT_3D('',#8867,#7209,#7210);
#6373=AXIS2_PLACEMENT_3D('',#8868,#7211,#7212);
#6374=AXIS2_PLACEMENT_3D('',#8869,#7213,#7214);
#6375=AXIS2_PLACEMENT_3D('',#8870,#7215,#7216);
#6376=AXIS2_PLACEMENT_3D('',#8871,#7217,#7218);
#6377=AXIS2_PLACEMENT_3D('',#8872,#7219,#7220);
#6378=AXIS2_PLACEMENT_3D('',#8873,#7221,#7222);
#6379=AXIS2_PLACEMENT_3D('',#8874,#7223,#7224);
#6380=AXIS2_PLACEMENT_3D('',#8875,#7225,#7226);
#6381=AXIS2_PLACEMENT_3D('',#8876,#7227,#7228);
#6382=AXIS2_PLACEMENT_3D('',#8877,#7229,#7230);
#6383=AXIS2_PLACEMENT_3D('',#8878,#7231,#7232);
#6384=AXIS2_PLACEMENT_3D('',#8879,#7233,#7234);
#6385=AXIS2_PLACEMENT_3D('',#8880,#7235,#7236);
#6386=AXIS2_PLACEMENT_3D('',#8881,#7237,#7238);
#6387=AXIS2_PLACEMENT_3D('',#8882,#7239,#7240);
#6388=AXIS2_PLACEMENT_3D('',#8883,#7241,#7242);
#6389=AXIS2_PLACEMENT_3D('',#8884,#7243,#7244);
#6390=AXIS2_PLACEMENT_3D('',#8885,#7245,#7246);
#6391=AXIS2_PLACEMENT_3D('',#8886,#7247,#7248);
#6392=AXIS2_PLACEMENT_3D('',#8887,#7249,#7250);
#6393=AXIS2_PLACEMENT_3D('',#8888,#7251,#7252);
#6394=AXIS2_PLACEMENT_3D('',#8925,#7253,#7254);
#6395=AXIS2_PLACEMENT_3D('',#8926,#7255,#7256);
#6396=AXIS2_PLACEMENT_3D('',#8963,#7257,#7258);
#6397=AXIS2_PLACEMENT_3D('',#8964,#7259,#7260);
#6398=AXIS2_PLACEMENT_3D('',#9001,#7261,#7262);
#6399=AXIS2_PLACEMENT_3D('',#9002,#7263,#7264);
#6400=AXIS2_PLACEMENT_3D('',#9039,#7265,#7266);
#6401=AXIS2_PLACEMENT_3D('',#9040,#7267,#7268);
#6402=AXIS2_PLACEMENT_3D('',#9077,#7269,#7270);
#6403=AXIS2_PLACEMENT_3D('',#9078,#7271,#7272);
#6404=AXIS2_PLACEMENT_3D('',#9079,#7273,#7274);
#6405=AXIS2_PLACEMENT_3D('',#9080,#7275,#7276);
#6406=AXIS2_PLACEMENT_3D('',#9084,#7278,#7279);
#6407=AXIS2_PLACEMENT_3D('',#9088,#7281,#7282);
#6408=AXIS2_PLACEMENT_3D('',#9089,#7283,#7284);
#6409=AXIS2_PLACEMENT_3D('',#9090,#7285,#7286);
#6410=AXIS2_PLACEMENT_3D('',#9091,#7287,#7288);
#6411=AXIS2_PLACEMENT_3D('',#9092,#7289,#7290);
#6412=AXIS2_PLACEMENT_3D('',#9093,#7291,#7292);
#6413=AXIS2_PLACEMENT_3D('',#9095,#7293,#7294);
#6414=AXIS2_PLACEMENT_3D('',#9097,#7295,#7296);
#6415=AXIS2_PLACEMENT_3D('',#9098,#7297,#7298);
#6416=AXIS2_PLACEMENT_3D('',#9101,#7299,#7300);
#6417=AXIS2_PLACEMENT_3D('',#9102,#7301,#7302);
#6418=AXIS2_PLACEMENT_3D('',#9104,#7303,#7304);
#6419=AXIS2_PLACEMENT_3D('',#9105,#7305,#7306);
#6420=AXIS2_PLACEMENT_3D('',#9126,#7307,#7308);
#6421=AXIS2_PLACEMENT_3D('',#9127,#7309,#7310);
#6422=AXIS2_PLACEMENT_3D('',#9128,#7311,#7312);
#6423=AXIS2_PLACEMENT_3D('',#9129,#7313,#7314);
#6424=AXIS2_PLACEMENT_3D('',#9138,#7319,#7320);
#6425=AXIS2_PLACEMENT_3D('',#9144,#7324,#7325);
#6426=AXIS2_PLACEMENT_3D('',#9150,#7329,#7330);
#6427=AXIS2_PLACEMENT_3D('',#9153,#7333,#7334);
#6428=AXIS2_PLACEMENT_3D('',#9162,#7339,#7340);
#6429=AXIS2_PLACEMENT_3D('',#9163,#7341,#7342);
#6430=AXIS2_PLACEMENT_3D('',#9166,#7345,#7346);
#6431=AXIS2_PLACEMENT_3D('',#9168,#7348,#7349);
#6432=AXIS2_PLACEMENT_3D('',#9170,#7351,#7352);
#6433=AXIS2_PLACEMENT_3D('',#9171,#7353,#7354);
#6434=AXIS2_PLACEMENT_3D('',#9172,#7355,#7356);
#6435=AXIS2_PLACEMENT_3D('',#9181,#7361,#7362);
#6436=AXIS2_PLACEMENT_3D('',#9187,#7366,#7367);
#6437=AXIS2_PLACEMENT_3D('',#9193,#7371,#7372);
#6438=AXIS2_PLACEMENT_3D('',#9196,#7375,#7376);
#6439=AXIS2_PLACEMENT_3D('',#9205,#7381,#7382);
#6440=AXIS2_PLACEMENT_3D('',#9206,#7383,#7384);
#6441=AXIS2_PLACEMENT_3D('',#9209,#7387,#7388);
#6442=AXIS2_PLACEMENT_3D('',#9211,#7390,#7391);
#6443=AXIS2_PLACEMENT_3D('',#9213,#7393,#7394);
#6444=AXIS2_PLACEMENT_3D('',#9214,#7395,#7396);
#6445=AXIS2_PLACEMENT_3D('',#9215,#7397,#7398);
#6446=AXIS2_PLACEMENT_3D('',#9232,#7407,#7408);
#6447=AXIS2_PLACEMENT_3D('',#9238,#7412,#7413);
#6448=AXIS2_PLACEMENT_3D('',#9244,#7417,#7418);
#6449=AXIS2_PLACEMENT_3D('',#9247,#7421,#7422);
#6450=AXIS2_PLACEMENT_3D('',#9248,#7423,#7424);
#6451=AXIS2_PLACEMENT_3D('',#9250,#7425,#7426);
#6452=AXIS2_PLACEMENT_3D('',#9251,#7427,#7428);
#6453=AXIS2_PLACEMENT_3D('',#9252,#7429,#7430);
#6454=AXIS2_PLACEMENT_3D('',#9254,#7431,#7432);
#6455=AXIS2_PLACEMENT_3D('',#9255,#7433,#7434);
#6456=AXIS2_PLACEMENT_3D('',#9261,#7438,#7439);
#6457=AXIS2_PLACEMENT_3D('',#9267,#7443,#7444);
#6458=AXIS2_PLACEMENT_3D('',#9270,#7447,#7448);
#6459=AXIS2_PLACEMENT_3D('',#9271,#7449,#7450);
#6460=AXIS2_PLACEMENT_3D('',#9272,#7451,#7452);
#6461=AXIS2_PLACEMENT_3D('',#9273,#7453,#7454);
#6462=AXIS2_PLACEMENT_3D('',#9274,#7455,#7456);
#6463=AXIS2_PLACEMENT_3D('',#9283,#7461,#7462);
#6464=AXIS2_PLACEMENT_3D('',#9289,#7466,#7467);
#6465=AXIS2_PLACEMENT_3D('',#9295,#7471,#7472);
#6466=AXIS2_PLACEMENT_3D('',#9298,#7475,#7476);
#6467=AXIS2_PLACEMENT_3D('',#9307,#7481,#7482);
#6468=AXIS2_PLACEMENT_3D('',#9308,#7483,#7484);
#6469=AXIS2_PLACEMENT_3D('',#9311,#7487,#7488);
#6470=AXIS2_PLACEMENT_3D('',#9313,#7490,#7491);
#6471=AXIS2_PLACEMENT_3D('',#9315,#7493,#7494);
#6472=AXIS2_PLACEMENT_3D('',#9316,#7495,#7496);
#6473=AXIS2_PLACEMENT_3D('',#9317,#7497,#7498);
#6474=AXIS2_PLACEMENT_3D('',#9326,#7503,#7504);
#6475=AXIS2_PLACEMENT_3D('',#9332,#7508,#7509);
#6476=AXIS2_PLACEMENT_3D('',#9338,#7513,#7514);
#6477=AXIS2_PLACEMENT_3D('',#9341,#7517,#7518);
#6478=AXIS2_PLACEMENT_3D('',#9342,#7519,#7520);
#6479=AXIS2_PLACEMENT_3D('',#9343,#7521,#7522);
#6480=AXIS2_PLACEMENT_3D('',#9344,#7523,#7524);
#6481=AXIS2_PLACEMENT_3D('',#9353,#7529,#7530);
#6482=AXIS2_PLACEMENT_3D('',#9359,#7534,#7535);
#6483=AXIS2_PLACEMENT_3D('',#9365,#7539,#7540);
#6484=AXIS2_PLACEMENT_3D('',#9368,#7543,#7544);
#6485=AXIS2_PLACEMENT_3D('',#9369,#7545,#7546);
#6486=AXIS2_PLACEMENT_3D('',#9370,#7547,#7548);
#6487=AXIS2_PLACEMENT_3D('',#9388,#7549,#7550);
#6488=AXIS2_PLACEMENT_3D('',#9390,#7551,#7552);
#6489=AXIS2_PLACEMENT_3D('',#9408,#7553,#7554);
#6490=AXIS2_PLACEMENT_3D('',#9410,#7555,#7556);
#6491=AXIS2_PLACEMENT_3D('',#9428,#7557,#7558);
#6492=AXIS2_PLACEMENT_3D('',#9430,#7559,#7560);
#6493=AXIS2_PLACEMENT_3D('',#9448,#7561,#7562);
#6494=AXIS2_PLACEMENT_3D('',#9450,#7563,#7564);
#6495=AXIS2_PLACEMENT_3D('',#9468,#7565,#7566);
#6496=AXIS2_PLACEMENT_3D('',#9470,#7567,#7568);
#6497=AXIS2_PLACEMENT_3D('',#9471,#7569,#7570);
#6498=AXIS2_PLACEMENT_3D('',#9472,#7571,#7572);
#6499=AXIS2_PLACEMENT_3D('',#9478,#7575,#7576);
#6500=AXIS2_PLACEMENT_3D('',#9483,#7579,#7580);
#6501=AXIS2_PLACEMENT_3D('',#9488,#7583,#7584);
#6502=AXIS2_PLACEMENT_3D('',#9493,#7587,#7588);
#6503=AXIS2_PLACEMENT_3D('',#9497,#7591,#7592);
#6504=AXIS2_PLACEMENT_3D('',#9506,#7597,#7598);
#6505=AXIS2_PLACEMENT_3D('',#9515,#7603,#7604);
#6506=AXIS2_PLACEMENT_3D('',#9524,#7609,#7610);
#6507=AXIS2_PLACEMENT_3D('',#9533,#7615,#7616);
#6508=AXIS2_PLACEMENT_3D('',#9542,#7621,#7622);
#6509=AXIS2_PLACEMENT_3D('',#9551,#7627,#7628);
#6510=AXIS2_PLACEMENT_3D('',#9560,#7633,#7634);
#6511=AXIS2_PLACEMENT_3D('',#9569,#7639,#7640);
#6512=AXIS2_PLACEMENT_3D('',#9578,#7645,#7646);
#6513=AXIS2_PLACEMENT_3D('',#9587,#7651,#7652);
#6514=AXIS2_PLACEMENT_3D('',#9588,#7653,#7654);
#6515=AXIS2_PLACEMENT_3D('',#9589,#7655,#7656);
#6516=AXIS2_PLACEMENT_3D('',#9590,#7657,#7658);
#6517=AXIS2_PLACEMENT_3D('',#9591,#7659,#7660);
#6518=AXIS2_PLACEMENT_3D('',#9592,#7661,#7662);
#6519=AXIS2_PLACEMENT_3D('',#9593,#7663,#7664);
#6520=AXIS2_PLACEMENT_3D('',#9594,#7665,#7666);
#6521=AXIS2_PLACEMENT_3D('',#9595,#7667,#7668);
#6522=AXIS2_PLACEMENT_3D('',#9596,#7669,#7670);
#6523=AXIS2_PLACEMENT_3D('',#9597,#7671,#7672);
#6524=AXIS2_PLACEMENT_3D('',#9598,#7673,#7674);
#6525=AXIS2_PLACEMENT_3D('',#9599,#7675,#7676);
#6526=AXIS2_PLACEMENT_3D('',#9618,#7677,#7678);
#6527=AXIS2_PLACEMENT_3D('',#9637,#7679,#7680);
#6528=AXIS2_PLACEMENT_3D('',#9638,#7681,#7682);
#6529=AXIS2_PLACEMENT_3D('',#9655,#7683,#7684);
#6530=AXIS2_PLACEMENT_3D('',#9656,#7685,#7686);
#6531=AXIS2_PLACEMENT_3D('',#9657,#7687,#7688);
#6532=AXIS2_PLACEMENT_3D('',#9676,#7689,#7690);
#6533=AXIS2_PLACEMENT_3D('',#9677,#7691,#7692);
#6534=AXIS2_PLACEMENT_3D('',#9694,#7693,#7694);
#6535=AXIS2_PLACEMENT_3D('',#9713,#7695,#7696);
#6536=AXIS2_PLACEMENT_3D('',#9714,#7697,#7698);
#6537=AXIS2_PLACEMENT_3D('',#9733,#7699,#7700);
#6538=AXIS2_PLACEMENT_3D('',#9734,#7701,#7702);
#6539=AXIS2_PLACEMENT_3D('',#9735,#7703,#7704);
#6540=AXIS2_PLACEMENT_3D('',#9752,#7705,#7706);
#6541=AXIS2_PLACEMENT_3D('',#9753,#7707,#7708);
#6542=AXIS2_PLACEMENT_3D('',#9772,#7709,#7710);
#6543=AXIS2_PLACEMENT_3D('',#9789,#7711,#7712);
#6544=AXIS2_PLACEMENT_3D('',#9790,#7713,#7714);
#6545=AXIS2_PLACEMENT_3D('',#9791,#7715,#7716);
#6546=AXIS2_PLACEMENT_3D('',#9792,#7717,#7718);
#6547=AXIS2_PLACEMENT_3D('',#9793,#7719,#7720);
#6548=AXIS2_PLACEMENT_3D('',#9794,#7721,#7722);
#6549=AXIS2_PLACEMENT_3D('',#9795,#7723,#7724);
#6550=AXIS2_PLACEMENT_3D('',#9796,#7725,#7726);
#6551=AXIS2_PLACEMENT_3D('',#9797,#7727,#7728);
#6552=AXIS2_PLACEMENT_3D('',#9798,#7729,#7730);
#6553=AXIS2_PLACEMENT_3D('',#9799,#7731,#7732);
#6554=AXIS2_PLACEMENT_3D('',#9800,#7733,#7734);
#6555=AXIS2_PLACEMENT_3D('',#9801,#7735,#7736);
#6556=AXIS2_PLACEMENT_3D('',#9802,#7737,#7738);
#6557=AXIS2_PLACEMENT_3D('',#9803,#7739,#7740);
#6558=AXIS2_PLACEMENT_3D('',#9804,#7741,#7742);
#6559=AXIS2_PLACEMENT_3D('',#9862,#7743,#7744);
#6560=AXIS2_PLACEMENT_3D('',#9914,#7745,#7746);
#6561=AXIS2_PLACEMENT_3D('',#9972,#7747,#7748);
#6562=AXIS2_PLACEMENT_3D('',#10024,#7749,#7750);
#6563=AXIS2_PLACEMENT_3D('',#10082,#7751,#7752);
#6564=AXIS2_PLACEMENT_3D('',#10083,#7753,#7754);
#6565=AXIS2_PLACEMENT_3D('',#10084,#7755,#7756);
#6566=AXIS2_PLACEMENT_3D('',#10098,#7763,#7764);
#6567=AXIS2_PLACEMENT_3D('',#10110,#7770,#7771);
#6568=AXIS2_PLACEMENT_3D('',#10121,#7777,#7778);
#6569=AXIS2_PLACEMENT_3D('',#10127,#7781,#7782);
#6570=AXIS2_PLACEMENT_3D('',#10128,#7783,#7784);
#6571=AXIS2_PLACEMENT_3D('',#10136,#7788,#7789);
#6572=AXIS2_PLACEMENT_3D('',#10158,#7800,#7801);
#6573=AXIS2_PLACEMENT_3D('',#10164,#7805,#7806);
#6574=AXIS2_PLACEMENT_3D('',#10168,#7809,#7810);
#6575=AXIS2_PLACEMENT_3D('',#10172,#7813,#7814);
#6576=AXIS2_PLACEMENT_3D('',#10174,#7816,#7817);
#6577=AXIS2_PLACEMENT_3D('',#10175,#7818,#7819);
#6578=AXIS2_PLACEMENT_3D('',#10183,#7823,#7824);
#6579=AXIS2_PLACEMENT_3D('',#10186,#7827,#7828);
#6580=AXIS2_PLACEMENT_3D('',#10188,#7830,#7831);
#6581=AXIS2_PLACEMENT_3D('',#10190,#7833,#7834);
#6582=AXIS2_PLACEMENT_3D('',#10191,#7835,#7836);
#6583=AXIS2_PLACEMENT_3D('',#10194,#7839,#7840);
#6584=AXIS2_PLACEMENT_3D('',#10196,#7842,#7843);
#6585=AXIS2_PLACEMENT_3D('',#10197,#7844,#7845);
#6586=AXIS2_PLACEMENT_3D('',#10200,#7848,#7849);
#6587=AXIS2_PLACEMENT_3D('',#10202,#7851,#7852);
#6588=AXIS2_PLACEMENT_3D('',#10203,#7853,#7854);
#6589=AXIS2_PLACEMENT_3D('',#10206,#7857,#7858);
#6590=AXIS2_PLACEMENT_3D('',#10208,#7860,#7861);
#6591=AXIS2_PLACEMENT_3D('',#10210,#7863,#7864);
#6592=AXIS2_PLACEMENT_3D('',#10211,#7865,#7866);
#6593=AXIS2_PLACEMENT_3D('',#10214,#7869,#7870);
#6594=AXIS2_PLACEMENT_3D('',#10216,#7872,#7873);
#6595=AXIS2_PLACEMENT_3D('',#10218,#7875,#7876);
#6596=AXIS2_PLACEMENT_3D('',#10219,#7877,#7878);
#6597=AXIS2_PLACEMENT_3D('',#10220,#7879,#7880);
#6598=AXIS2_PLACEMENT_3D('',#10229,#7885,#7886);
#6599=AXIS2_PLACEMENT_3D('',#10235,#7890,#7891);
#6600=AXIS2_PLACEMENT_3D('',#10241,#7895,#7896);
#6601=AXIS2_PLACEMENT_3D('',#10244,#7899,#7900);
#6602=AXIS2_PLACEMENT_3D('',#10253,#7905,#7906);
#6603=AXIS2_PLACEMENT_3D('',#10254,#7907,#7908);
#6604=AXIS2_PLACEMENT_3D('',#10257,#7911,#7912);
#6605=AXIS2_PLACEMENT_3D('',#10259,#7914,#7915);
#6606=AXIS2_PLACEMENT_3D('',#10261,#7917,#7918);
#6607=AXIS2_PLACEMENT_3D('',#10262,#7919,#7920);
#6608=AXIS2_PLACEMENT_3D('',#10263,#7921,#7922);
#6609=AXIS2_PLACEMENT_3D('',#10272,#7927,#7928);
#6610=AXIS2_PLACEMENT_3D('',#10278,#7932,#7933);
#6611=AXIS2_PLACEMENT_3D('',#10284,#7937,#7938);
#6612=AXIS2_PLACEMENT_3D('',#10293,#7943,#7944);
#6613=AXIS2_PLACEMENT_3D('',#10299,#7948,#7949);
#6614=AXIS2_PLACEMENT_3D('',#10305,#7953,#7954);
#6615=AXIS2_PLACEMENT_3D('',#10308,#7957,#7958);
#6616=AXIS2_PLACEMENT_3D('',#10311,#7961,#7962);
#6617=AXIS2_PLACEMENT_3D('',#10312,#7963,#7964);
#6618=AXIS2_PLACEMENT_3D('',#10313,#7965,#7966);
#6619=AXIS2_PLACEMENT_3D('',#10314,#7967,#7968);
#6620=AXIS2_PLACEMENT_3D('',#10339,#7981,#7982);
#6621=AXIS2_PLACEMENT_3D('',#10348,#7987,#7988);
#6622=AXIS2_PLACEMENT_3D('',#10357,#7993,#7994);
#6623=AXIS2_PLACEMENT_3D('',#10363,#7998,#7999);
#6624=AXIS2_PLACEMENT_3D('',#10374,#8006,#8007);
#6625=AXIS2_PLACEMENT_3D('',#10381,#8012,#8013);
#6626=AXIS2_PLACEMENT_3D('',#10390,#8019,#8020);
#6627=AXIS2_PLACEMENT_3D('',#10391,#8021,#8022);
#6628=AXIS2_PLACEMENT_3D('',#10395,#8025,#8026);
#6629=AXIS2_PLACEMENT_3D('',#10399,#8029,#8030);
#6630=AXIS2_PLACEMENT_3D('',#10403,#8033,#8034);
#6631=AXIS2_PLACEMENT_3D('',#10405,#8036,#8037);
#6632=AXIS2_PLACEMENT_3D('',#10409,#8040,#8041);
#6633=AXIS2_PLACEMENT_3D('',#10411,#8043,#8044);
#6634=AXIS2_PLACEMENT_3D('',#10415,#8047,#8048);
#6635=AXIS2_PLACEMENT_3D('',#10417,#8050,#8051);
#6636=AXIS2_PLACEMENT_3D('',#10419,#8053,#8054);
#6637=AXIS2_PLACEMENT_3D('',#10420,#8055,#8056);
#6638=AXIS2_PLACEMENT_3D('',#10426,#8060,#8061);
#6639=AXIS2_PLACEMENT_3D('',#10430,#8064,#8065);
#6640=AXIS2_PLACEMENT_3D('',#10434,#8068,#8069);
#6641=AXIS2_PLACEMENT_3D('',#10436,#8071,#8072);
#6642=AXIS2_PLACEMENT_3D('',#10437,#8073,#8074);
#6643=AXIS2_PLACEMENT_3D('',#10438,#8075,#8076);
#6644=AXIS2_PLACEMENT_3D('',#10447,#8081,#8082);
#6645=AXIS2_PLACEMENT_3D('',#10453,#8086,#8087);
#6646=AXIS2_PLACEMENT_3D('',#10459,#8091,#8092);
#6647=AXIS2_PLACEMENT_3D('',#10462,#8095,#8096);
#6648=AXIS2_PLACEMENT_3D('',#10471,#8101,#8102);
#6649=AXIS2_PLACEMENT_3D('',#10472,#8103,#8104);
#6650=AXIS2_PLACEMENT_3D('',#10473,#8105,#8106);
#6651=AXIS2_PLACEMENT_3D('',#10474,#8107,#8108);
#6652=AXIS2_PLACEMENT_3D('',#10475,#8109,#8110);
#6653=AXIS2_PLACEMENT_3D('',#10476,#8111,#8112);
#6654=AXIS2_PLACEMENT_3D('',#10477,#8113,#8114);
#6655=AXIS2_PLACEMENT_3D('',#10478,#8115,#8116);
#6656=AXIS2_PLACEMENT_3D('',#10479,#8117,#8118);
#6657=AXIS2_PLACEMENT_3D('',#10480,#8119,#8120);
#6658=AXIS2_PLACEMENT_3D('',#10481,#8121,#8122);
#6659=AXIS2_PLACEMENT_3D('',#10490,#8127,#8128);
#6660=AXIS2_PLACEMENT_3D('',#10496,#8132,#8133);
#6661=AXIS2_PLACEMENT_3D('',#10502,#8137,#8138);
#6662=AXIS2_PLACEMENT_3D('',#10505,#8141,#8142);
#6663=AXIS2_PLACEMENT_3D('',#10506,#8143,#8144);
#6664=AXIS2_PLACEMENT_3D('',#10507,#8145,#8146);
#6665=AXIS2_PLACEMENT_3D('',#10508,#8147,#8148);
#6666=AXIS2_PLACEMENT_3D('',#10509,#8149,#8150);
#6667=AXIS2_PLACEMENT_3D('',#10511,#8151,#8152);
#6668=AXIS2_PLACEMENT_3D('',#10513,#8153,#8154);
#6669=AXIS2_PLACEMENT_3D('',#10514,#8155,#8156);
#6670=AXIS2_PLACEMENT_3D('',#10516,#8157,#8158);
#6671=AXIS2_PLACEMENT_3D('',#10517,#8159,#8160);
#6672=AXIS2_PLACEMENT_3D('',#10519,#8161,#8162);
#6673=AXIS2_PLACEMENT_3D('',#10520,#8163,#8164);
#6674=AXIS2_PLACEMENT_3D('',#10521,#8165,#8166);
#6675=AXIS2_PLACEMENT_3D('',#10530,#8171,#8172);
#6676=AXIS2_PLACEMENT_3D('',#10536,#8176,#8177);
#6677=AXIS2_PLACEMENT_3D('',#10542,#8181,#8182);
#6678=AXIS2_PLACEMENT_3D('',#10545,#8185,#8186);
#6679=AXIS2_PLACEMENT_3D('',#10554,#8191,#8192);
#6680=AXIS2_PLACEMENT_3D('',#10555,#8193,#8194);
#6681=AXIS2_PLACEMENT_3D('',#10558,#8197,#8198);
#6682=AXIS2_PLACEMENT_3D('',#10560,#8200,#8201);
#6683=AXIS2_PLACEMENT_3D('',#10562,#8203,#8204);
#6684=AXIS2_PLACEMENT_3D('',#10563,#8205,#8206);
#6685=AXIS2_PLACEMENT_3D('',#10564,#8207,#8208);
#6686=AXIS2_PLACEMENT_3D('',#10573,#8213,#8214);
#6687=AXIS2_PLACEMENT_3D('',#10579,#8218,#8219);
#6688=AXIS2_PLACEMENT_3D('',#10585,#8223,#8224);
#6689=AXIS2_PLACEMENT_3D('',#10588,#8227,#8228);
#6690=AXIS2_PLACEMENT_3D('',#10597,#8233,#8234);
#6691=AXIS2_PLACEMENT_3D('',#10598,#8235,#8236);
#6692=AXIS2_PLACEMENT_3D('',#10601,#8239,#8240);
#6693=AXIS2_PLACEMENT_3D('',#10603,#8242,#8243);
#6694=AXIS2_PLACEMENT_3D('',#10605,#8245,#8246);
#6695=AXIS2_PLACEMENT_3D('',#10606,#8247,#8248);
#6696=AXIS2_PLACEMENT_3D('',#10607,#8249,#8250);
#6697=AXIS2_PLACEMENT_3D('',#10616,#8255,#8256);
#6698=AXIS2_PLACEMENT_3D('',#10622,#8260,#8261);
#6699=AXIS2_PLACEMENT_3D('',#10628,#8265,#8266);
#6700=AXIS2_PLACEMENT_3D('',#10631,#8269,#8270);
#6701=AXIS2_PLACEMENT_3D('',#10640,#8275,#8276);
#6702=AXIS2_PLACEMENT_3D('',#10641,#8277,#8278);
#6703=AXIS2_PLACEMENT_3D('',#10644,#8281,#8282);
#6704=AXIS2_PLACEMENT_3D('',#10646,#8284,#8285);
#6705=AXIS2_PLACEMENT_3D('',#10648,#8287,#8288);
#6706=AXIS2_PLACEMENT_3D('',#10649,#8289,#8290);
#6707=AXIS2_PLACEMENT_3D('',#10650,#8291,#8292);
#6708=AXIS2_PLACEMENT_3D('',#10659,#8297,#8298);
#6709=AXIS2_PLACEMENT_3D('',#10665,#8302,#8303);
#6710=AXIS2_PLACEMENT_3D('',#10671,#8307,#8308);
#6711=AXIS2_PLACEMENT_3D('',#10674,#8311,#8312);
#6712=AXIS2_PLACEMENT_3D('',#10675,#8313,#8314);
#6713=AXIS2_PLACEMENT_3D('',#10676,#8315,#8316);
#6714=DIRECTION('',(0.,0.,1.));
#6715=DIRECTION('',(1.,0.,0.));
#6716=DIRECTION('',(0.,1.,0.));
#6717=DIRECTION('',(0.,0.,1.));
#6718=DIRECTION('',(0.,0.,-1.));
#6719=DIRECTION('',(1.,0.,0.));
#6720=DIRECTION('',(0.,0.,-1.));
#6721=DIRECTION('',(1.,0.,0.));
#6722=DIRECTION('',(1.,0.,0.));
#6723=DIRECTION('',(0.,0.,-1.));
#6724=DIRECTION('',(0.,-1.,0.));
#6725=DIRECTION('',(0.,-1.,0.));
#6726=DIRECTION('',(0.,0.,-1.));
#6727=DIRECTION('',(1.,0.,0.));
#6728=DIRECTION('',(0.,0.,-1.));
#6729=DIRECTION('',(0.,-1.,0.));
#6730=DIRECTION('',(0.,0.,-1.));
#6731=DIRECTION('',(0.,-1.,0.));
#6732=DIRECTION('',(0.,1.,0.));
#6733=DIRECTION('',(0.,0.,1.));
#6734=DIRECTION('',(1.,0.,0.));
#6735=DIRECTION('',(1.,0.,0.));
#6736=DIRECTION('',(1.,0.,0.));
#6737=DIRECTION('',(0.,0.,1.));
#6738=DIRECTION('',(1.,0.,0.));
#6739=DIRECTION('',(0.,0.,1.));
#6740=DIRECTION('',(0.,0.,1.));
#6741=DIRECTION('',(1.,0.,0.));
#6742=DIRECTION('',(-2.01858731750028E-16,1.,0.));
#6743=DIRECTION('',(-2.01858731750028E-16,1.,0.));
#6744=DIRECTION('',(-1.,-1.02798428206033E-16,0.));
#6745=DIRECTION('',(0.,0.,1.));
#6746=DIRECTION('',(1.,0.,0.));
#6747=DIRECTION('',(1.,2.01858731750028E-16,0.));
#6748=DIRECTION('',(-2.01858731750028E-16,1.,0.));
#6749=DIRECTION('',(0.,0.,1.));
#6750=DIRECTION('',(-2.01858731750028E-16,1.,0.));
#6751=DIRECTION('',(-1.02798428206033E-16,1.,0.));
#6752=DIRECTION('',(-1.,-1.02798428206033E-16,0.));
#6753=DIRECTION('',(0.,0.,1.));
#6754=DIRECTION('',(-1.,-1.02798428206033E-16,0.));
#6755=DIRECTION('',(1.,2.01858731750028E-16,0.));
#6756=DIRECTION('',(-2.01858731750028E-16,1.,0.));
#6757=DIRECTION('',(-2.01858731750028E-16,1.,0.));
#6758=DIRECTION('',(0.,0.,1.));
#6759=DIRECTION('',(1.,0.,0.));
#6760=DIRECTION('',(0.,0.,1.));
#6761=DIRECTION('',(1.,0.,0.));
#6762=DIRECTION('',(0.,1.,0.));
#6763=DIRECTION('',(0.,0.,1.));
#6764=DIRECTION('',(0.,0.,-1.));
#6765=DIRECTION('',(1.,0.,0.));
#6766=DIRECTION('',(0.,0.,-1.));
#6767=DIRECTION('',(1.,0.,0.));
#6768=DIRECTION('',(1.,0.,0.));
#6769=DIRECTION('',(0.,0.,-1.));
#6770=DIRECTION('',(0.,0.,-1.));
#6771=DIRECTION('',(0.,-1.,0.));
#6772=DIRECTION('',(0.,-1.,0.));
#6773=DIRECTION('',(0.,1.,0.));
#6774=DIRECTION('',(0.,0.,1.));
#6775=DIRECTION('',(0.,0.,-1.));
#6776=DIRECTION('',(1.,0.,0.));
#6777=DIRECTION('',(1.,0.,0.));
#6778=DIRECTION('',(1.,6.50521303491303E-17,0.));
#6779=DIRECTION('',(-6.50521303491303E-17,1.,0.));
#6780=DIRECTION('',(6.50521303491303E-17,-1.,0.));
#6781=DIRECTION('',(6.50521303491303E-17,-1.,0.));
#6782=DIRECTION('',(0.,0.,1.));
#6783=DIRECTION('',(1.,0.,0.));
#6784=DIRECTION('',(1.,0.,0.));
#6785=DIRECTION('',(6.50521303491303E-17,-1.,0.));
#6786=DIRECTION('',(1.,0.,0.));
#6787=DIRECTION('',(0.,-1.,0.));
#6788=DIRECTION('',(0.,0.,1.));
#6789=DIRECTION('',(1.,0.,0.));
#6790=DIRECTION('',(0.,1.,0.));
#6791=DIRECTION('',(0.,0.,1.));
#6792=DIRECTION('',(-0.707106781186548,0.707106781186548,0.));
#6793=DIRECTION('',(0.707106781186548,0.707106781186548,0.));
#6794=DIRECTION('',(0.707106781186548,0.707106781186548,0.));
#6795=DIRECTION('',(0.707106781186548,-0.707106781186548,0.));
#6796=DIRECTION('',(1.,0.,0.));
#6797=DIRECTION('',(0.,0.,-1.));
#6798=DIRECTION('',(0.707106781186548,-0.707106781186548,0.));
#6799=DIRECTION('',(0.707106781186548,0.707106781186548,0.));
#6800=DIRECTION('',(-1.,0.,0.));
#6801=DIRECTION('',(0.,0.,1.));
#6802=DIRECTION('',(-0.707106781186548,-0.707106781186548,0.));
#6803=DIRECTION('',(-0.707106781186548,0.707106781186548,0.));
#6804=DIRECTION('',(6.50521303491303E-17,-1.,0.));
#6805=DIRECTION('',(1.,6.50521303491303E-17,0.));
#6806=DIRECTION('',(0.,0.,1.));
#6807=DIRECTION('',(1.,0.,0.));
#6808=DIRECTION('',(0.,0.,-1.));
#6809=DIRECTION('',(-1.,0.,0.));
#6810=DIRECTION('',(0.,0.,-1.));
#6811=DIRECTION('',(0.,0.,1.));
#6812=DIRECTION('',(1.,0.,0.));
#6813=DIRECTION('',(0.,0.,-1.));
#6814=DIRECTION('',(0.,0.,1.));
#6815=DIRECTION('',(1.,0.,0.));
#6816=DIRECTION('',(0.,0.,-1.));
#6817=DIRECTION('',(-1.,0.,0.));
#6818=DIRECTION('',(0.,0.,1.));
#6819=DIRECTION('',(1.,0.,0.));
#6820=DIRECTION('',(0.,0.,1.));
#6821=DIRECTION('',(1.,0.,0.));
#6822=DIRECTION('',(0.,0.,-1.));
#6823=DIRECTION('',(-1.,0.,0.));
#6824=DIRECTION('',(0.,0.,1.));
#6825=DIRECTION('',(1.,0.,0.));
#6826=DIRECTION('',(0.,0.,1.));
#6827=DIRECTION('',(1.,0.,0.));
#6828=DIRECTION('',(0.,0.,1.));
#6829=DIRECTION('',(1.,0.,0.));
#6830=DIRECTION('',(0.,0.,1.));
#6831=DIRECTION('',(1.,0.,0.));
#6832=DIRECTION('',(0.,0.,1.));
#6833=DIRECTION('',(1.,0.,0.));
#6834=DIRECTION('',(0.,0.,1.));
#6835=DIRECTION('',(1.,0.,0.));
#6836=DIRECTION('',(0.,0.,1.));
#6837=DIRECTION('',(1.,0.,0.));
#6838=DIRECTION('',(0.,0.,1.));
#6839=DIRECTION('',(1.,0.,0.));
#6840=DIRECTION('',(0.,0.,1.));
#6841=DIRECTION('',(1.,0.,0.));
#6842=DIRECTION('',(0.,0.,1.));
#6843=DIRECTION('',(1.,0.,0.));
#6844=DIRECTION('',(-1.09476442525376E-47,2.99627286700301E-94,-1.));
#6845=DIRECTION('',(1.,-4.93038065763132E-32,-1.09476442525376E-47));
#6846=DIRECTION('',(0.,1.,0.));
#6847=DIRECTION('',(0.,0.,1.));
#6848=DIRECTION('',(0.,0.,-1.));
#6849=DIRECTION('',(1.,0.,0.));
#6850=DIRECTION('',(0.,0.,-1.));
#6851=DIRECTION('',(1.,0.,0.));
#6852=DIRECTION('',(-1.,-2.01858731750028E-16,0.));
#6853=DIRECTION('',(2.01858731750028E-16,-1.,0.));
#6854=DIRECTION('',(0.,0.,-1.));
#6855=DIRECTION('',(-2.01858731750028E-16,1.,0.));
#6856=DIRECTION('',(-2.01858731750028E-16,1.,0.));
#6857=DIRECTION('',(0.,1.,0.));
#6858=DIRECTION('',(0.,0.,1.));
#6859=DIRECTION('',(0.,0.,-1.));
#6860=DIRECTION('',(-1.,0.,0.));
#6861=DIRECTION('',(1.,0.,0.));
#6862=DIRECTION('',(-1.,-2.01858731750028E-16,0.));
#6863=DIRECTION('',(2.01858731750028E-16,-1.,0.));
#6864=DIRECTION('',(2.01858731750028E-16,-1.,0.));
#6865=DIRECTION('',(-2.01858731750028E-16,1.,0.));
#6866=DIRECTION('',(0.,0.,1.));
#6867=DIRECTION('',(1.,0.,0.));
#6868=DIRECTION('',(1.,0.,0.));
#6869=DIRECTION('',(-2.01858731750028E-16,1.,0.));
#6870=DIRECTION('',(-1.,0.,0.));
#6871=DIRECTION('',(2.01858731750028E-16,-1.,0.));
#6872=DIRECTION('',(0.,0.,1.));
#6873=DIRECTION('',(1.,0.,0.));
#6874=DIRECTION('',(0.707106781186562,1.42735678062164E-16,-0.707106781186533));
#6875=DIRECTION('',(-2.01858731750028E-16,1.,0.));
#6876=DIRECTION('',(0.577350269189611,-0.577350269189632,0.577350269189634));
#6877=DIRECTION('',(-0.577350269189604,-0.577350269189645,-0.577350269189628));
#6878=DIRECTION('',(0.,-0.707106781186537,0.707106781186558));
#6879=DIRECTION('',(-1.,0.,0.));
#6880=DIRECTION('',(-0.577350269189632,0.577350269189631,0.577350269189614));
#6881=DIRECTION('',(0.,-0.707106781186549,-0.707106781186546));
#6882=DIRECTION('',(1.,0.,0.));
#6883=DIRECTION('',(-0.577350269189639,-0.577350269189618,0.577350269189621));
#6884=DIRECTION('',(0.707106781186536,1.42735678062159E-16,0.707106781186559));
#6885=DIRECTION('',(2.01858731750028E-16,-1.,0.));
#6886=DIRECTION('',(0.,0.,1.));
#6887=DIRECTION('',(1.,0.,0.));
#6888=DIRECTION('',(0.,1.,0.));
#6889=DIRECTION('',(0.,0.,1.));
#6890=DIRECTION('',(0.,0.,-1.));
#6891=DIRECTION('',(1.,0.,0.));
#6892=DIRECTION('',(0.,0.,-1.));
#6893=DIRECTION('',(1.,0.,0.));
#6894=DIRECTION('',(1.,-4.33680868994202E-17,0.));
#6895=DIRECTION('',(4.33680868994202E-17,1.,0.));
#6896=DIRECTION('',(0.,0.,-1.));
#6897=DIRECTION('',(-4.33680868994202E-17,-1.,0.));
#6898=DIRECTION('',(-4.33680868994202E-17,-1.,0.));
#6899=DIRECTION('',(0.,1.,0.));
#6900=DIRECTION('',(0.,0.,1.));
#6901=DIRECTION('',(0.,0.,-1.));
#6902=DIRECTION('',(1.,0.,0.));
#6903=DIRECTION('',(1.,0.,0.));
#6904=DIRECTION('',(1.,0.,0.));
#6905=DIRECTION('',(0.,0.,-1.));
#6906=DIRECTION('',(0.,-1.,0.));
#6907=DIRECTION('',(0.,-1.,0.));
#6908=DIRECTION('',(0.,0.,1.));
#6909=DIRECTION('',(1.,0.,0.));
#6910=DIRECTION('',(-4.33680868994202E-17,-1.,0.));
#6911=DIRECTION('',(1.,0.,0.));
#6912=DIRECTION('',(0.,-1.,0.));
#6913=DIRECTION('',(1.,0.,0.));
#6914=DIRECTION('',(0.,0.,1.));
#6915=DIRECTION('',(1.,0.,0.));
#6916=DIRECTION('',(4.33680868994202E-17,1.,0.));
#6917=DIRECTION('',(-1.,4.33680868994202E-17,0.));
#6918=DIRECTION('',(-0.707106781186548,0.707106781186548,0.));
#6919=DIRECTION('',(-0.707106781186548,-0.707106781186548,0.));
#6920=DIRECTION('',(0.707106781186548,0.707106781186548,0.));
#6921=DIRECTION('',(0.707106781186548,-0.707106781186548,0.));
#6922=DIRECTION('',(1.,0.,0.));
#6923=DIRECTION('',(0.,0.,-1.));
#6924=DIRECTION('',(0.707106781186548,-0.707106781186548,0.));
#6925=DIRECTION('',(0.707106781186548,0.707106781186548,0.));
#6926=DIRECTION('',(-1.,0.,0.));
#6927=DIRECTION('',(0.,0.,1.));
#6928=DIRECTION('',(-0.707106781186548,-0.707106781186548,0.));
#6929=DIRECTION('',(-0.707106781186548,0.707106781186548,0.));
#6930=DIRECTION('',(0.,-1.,0.));
#6931=DIRECTION('',(0.,0.,-1.));
#6932=DIRECTION('',(0.,0.,1.));
#6933=DIRECTION('',(1.,0.,0.));
#6934=DIRECTION('',(0.,0.,1.));
#6935=DIRECTION('',(1.,0.,0.));
#6936=DIRECTION('',(-1.,0.,0.));
#6937=DIRECTION('',(-6.30808536718839E-17,-1.,0.));
#6938=DIRECTION('',(-1.,0.,0.));
#6939=DIRECTION('',(0.,1.,0.));
#6940=DIRECTION('',(0.,0.,1.));
#6941=DIRECTION('',(1.,0.,0.));
#6942=DIRECTION('',(0.,1.,0.));
#6943=DIRECTION('',(-1.,0.,0.));
#6944=DIRECTION('',(-6.30808536718839E-17,-1.,0.));
#6945=DIRECTION('',(1.,0.,0.));
#6946=DIRECTION('',(0.,0.,1.));
#6947=DIRECTION('',(1.,0.,0.));
#6948=DIRECTION('',(1.,0.,0.));
#6949=DIRECTION('',(-6.30808536718839E-17,-1.,0.));
#6950=DIRECTION('',(-1.,0.,0.));
#6951=DIRECTION('',(0.,-1.,0.));
#6952=DIRECTION('',(0.,0.,1.));
#6953=DIRECTION('',(1.,0.,0.));
#6954=DIRECTION('',(0.,-1.,0.));
#6955=DIRECTION('',(-1.,0.,0.));
#6956=DIRECTION('',(-6.30808536718839E-17,-1.,0.));
#6957=DIRECTION('',(-1.,0.,0.));
#6958=DIRECTION('',(1.,-6.30808536718839E-17,0.));
#6959=DIRECTION('',(6.30808536718839E-17,1.,0.));
#6960=DIRECTION('',(-6.30808536718839E-17,-1.,0.));
#6961=DIRECTION('',(0.,0.,-1.));
#6962=DIRECTION('',(0.,0.,-1.));
#6963=DIRECTION('',(-6.30808536718839E-17,-1.,0.));
#6964=DIRECTION('',(0.,0.,-1.));
#6965=DIRECTION('',(-6.30808536718839E-17,-1.,0.));
#6966=DIRECTION('',(0.,0.,-1.));
#6967=DIRECTION('',(0.,0.,-1.));
#6968=DIRECTION('',(0.,-1.,0.));
#6969=DIRECTION('',(0.,0.,-1.));
#6970=DIRECTION('',(-1.,0.,0.));
#6971=DIRECTION('',(0.,0.,-1.));
#6972=DIRECTION('',(-1.,0.,0.));
#6973=DIRECTION('',(0.,0.,-1.));
#6974=DIRECTION('',(0.,0.,-1.));
#6975=DIRECTION('',(0.,-1.,0.));
#6976=DIRECTION('',(0.,0.,-1.));
#6977=DIRECTION('',(-1.,0.,0.));
#6978=DIRECTION('',(0.,0.,-1.));
#6979=DIRECTION('',(0.,0.,-1.));
#6980=DIRECTION('',(-1.,0.,0.));
#6981=DIRECTION('',(0.,0.,-1.));
#6982=DIRECTION('',(1.,-6.30808536718839E-17,0.));
#6983=DIRECTION('',(6.30808536718839E-17,1.,0.));
#6984=DIRECTION('',(-6.30808536718839E-17,-1.,0.));
#6985=DIRECTION('',(0.,0.,-1.));
#6986=DIRECTION('',(-6.30808536718839E-17,-1.,0.));
#6987=DIRECTION('',(0.,0.,-1.));
#6988=DIRECTION('',(-6.30808536718839E-17,-1.,0.));
#6989=DIRECTION('',(0.,0.,-1.));
#6990=DIRECTION('',(0.,0.,1.));
#6991=DIRECTION('',(1.,0.,0.));
#6992=DIRECTION('',(1.,0.,0.));
#6993=DIRECTION('',(0.,1.,0.));
#6994=DIRECTION('',(0.,0.,1.));
#6995=DIRECTION('',(1.,0.,0.));
#6996=DIRECTION('',(0.,0.,1.));
#6997=DIRECTION('',(1.,0.,0.));
#6998=DIRECTION('',(0.,-1.,0.));
#6999=DIRECTION('',(0.,0.,-1.));
#7000=DIRECTION('',(0.,0.,-1.));
#7001=DIRECTION('',(-1.,0.,0.));
#7002=DIRECTION('',(-1.,0.,0.));
#7003=DIRECTION('',(0.,0.,1.));
#7004=DIRECTION('',(0.,1.,0.));
#7005=DIRECTION('',(-1.,0.,0.));
#7006=DIRECTION('',(0.,0.,1.));
#7007=DIRECTION('',(0.,0.,-1.));
#7008=DIRECTION('',(0.,1.,0.));
#7009=DIRECTION('',(0.,1.,0.));
#7010=DIRECTION('',(0.,0.,1.));
#7011=DIRECTION('',(1.,0.,0.));
#7012=DIRECTION('',(0.,1.,0.));
#7013=DIRECTION('',(0.,0.,1.));
#7014=DIRECTION('',(0.,0.,-1.));
#7015=DIRECTION('',(1.,0.,0.));
#7016=DIRECTION('',(1.,0.,0.));
#7017=DIRECTION('',(0.,0.,-1.));
#7018=DIRECTION('',(0.,-1.,0.));
#7019=DIRECTION('',(1.,0.,0.));
#7020=DIRECTION('',(0.,0.,-1.));
#7021=DIRECTION('',(0.,0.,-1.));
#7022=DIRECTION('',(0.,-1.,0.));
#7023=DIRECTION('',(0.,-1.,0.));
#7024=DIRECTION('',(0.,0.,-1.));
#7025=DIRECTION('',(-1.,0.,0.));
#7026=DIRECTION('',(0.,0.,-1.));
#7027=DIRECTION('',(1.,0.,0.));
#7028=DIRECTION('',(0.,0.,1.));
#7029=DIRECTION('',(1.,0.,0.));
#7030=DIRECTION('',(0.,1.,0.));
#7031=DIRECTION('',(0.,0.,1.));
#7032=DIRECTION('',(0.,0.,-1.));
#7033=DIRECTION('',(1.,0.,0.));
#7034=DIRECTION('',(0.,0.,-1.));
#7035=DIRECTION('',(1.,0.,0.));
#7036=DIRECTION('',(-1.,-2.01858731750028E-16,0.));
#7037=DIRECTION('',(2.01858731750028E-16,-1.,0.));
#7038=DIRECTION('',(0.,0.,-1.));
#7039=DIRECTION('',(-2.01858731750028E-16,1.,0.));
#7040=DIRECTION('',(-2.01858731750028E-16,1.,0.));
#7041=DIRECTION('',(0.,1.,0.));
#7042=DIRECTION('',(0.,0.,1.));
#7043=DIRECTION('',(0.,0.,-1.));
#7044=DIRECTION('',(-1.,0.,0.));
#7045=DIRECTION('',(1.,0.,0.));
#7046=DIRECTION('',(-1.,-2.01858731750028E-16,0.));
#7047=DIRECTION('',(2.01858731750028E-16,-1.,0.));
#7048=DIRECTION('',(2.01858731750028E-16,-1.,0.));
#7049=DIRECTION('',(-2.01858731750028E-16,1.,0.));
#7050=DIRECTION('',(0.,0.,1.));
#7051=DIRECTION('',(1.,0.,0.));
#7052=DIRECTION('',(1.,0.,0.));
#7053=DIRECTION('',(-2.01858731750028E-16,1.,0.));
#7054=DIRECTION('',(-1.,0.,0.));
#7055=DIRECTION('',(2.01858731750028E-16,-1.,0.));
#7056=DIRECTION('',(0.,0.,1.));
#7057=DIRECTION('',(1.,0.,0.));
#7058=DIRECTION('',(0.707106781186562,1.42735678062164E-16,-0.707106781186533));
#7059=DIRECTION('',(-2.01858731750028E-16,1.,0.));
#7060=DIRECTION('',(0.577350269189611,-0.577350269189632,0.577350269189634));
#7061=DIRECTION('',(-0.577350269189604,-0.577350269189645,-0.577350269189628));
#7062=DIRECTION('',(0.,-0.707106781186537,0.707106781186558));
#7063=DIRECTION('',(-1.,0.,0.));
#7064=DIRECTION('',(-0.577350269189632,0.577350269189631,0.577350269189614));
#7065=DIRECTION('',(0.,-0.707106781186549,-0.707106781186546));
#7066=DIRECTION('',(1.,0.,0.));
#7067=DIRECTION('',(-0.577350269189639,-0.577350269189618,0.577350269189621));
#7068=DIRECTION('',(0.707106781186536,1.42735678062159E-16,0.707106781186559));
#7069=DIRECTION('',(2.01858731750028E-16,-1.,0.));
#7070=DIRECTION('',(0.,0.,1.));
#7071=DIRECTION('',(1.,0.,0.));
#7072=DIRECTION('',(0.,0.,1.));
#7073=DIRECTION('',(1.,0.,0.));
#7074=DIRECTION('',(-0.152867780175347,-0.988246650277279,0.));
#7075=DIRECTION('',(0.,0.,1.));
#7076=DIRECTION('',(1.,0.,0.));
#7077=DIRECTION('',(-0.457204174606192,0.889361761446191,0.));
#7078=DIRECTION('',(0.98711715841962,0.159999111102455,0.));
#7079=DIRECTION('',(0.,0.,1.));
#7080=DIRECTION('',(1.,0.,0.));
#7081=DIRECTION('',(0.704549438714652,0.709654907970677,0.));
#7082=DIRECTION('',(-0.457204174606192,0.889361761446191,0.));
#7083=DIRECTION('',(0.,0.,1.));
#7084=DIRECTION('',(1.,0.,0.));
#7085=DIRECTION('',(0.892639674486508,-0.450770908037134,0.));
#7086=DIRECTION('',(0.704549438714652,0.709654907970677,0.));
#7087=DIRECTION('',(0.,0.,1.));
#7088=DIRECTION('',(1.,0.,0.));
#7089=DIRECTION('',(-0.152867780175347,-0.988246650277279,0.));
#7090=DIRECTION('',(0.892639674486508,-0.450770908037134,0.));
#7091=DIRECTION('',(0.,0.,1.));
#7092=DIRECTION('',(1.,0.,0.));
#7093=DIRECTION('',(0.98711715841962,0.159999111102455,0.));
#7094=DIRECTION('',(0.98711715841962,0.159999111102455,0.));
#7095=DIRECTION('',(-0.457204174606192,0.889361761446191,0.));
#7096=DIRECTION('',(-0.152867780175347,-0.988246650277279,0.));
#7097=DIRECTION('',(0.98711715841962,0.159999111102455,0.));
#7098=DIRECTION('',(0.892639674486508,-0.450770908037134,0.));
#7099=DIRECTION('',(-0.152867780175347,-0.988246650277279,0.));
#7100=DIRECTION('',(0.704549438714652,0.709654907970677,0.));
#7101=DIRECTION('',(0.892639674486508,-0.450770908037134,0.));
#7102=DIRECTION('',(-0.457204174606192,0.889361761446191,0.));
#7103=DIRECTION('',(0.704549438714652,0.709654907970677,0.));
#7104=DIRECTION('',(-0.159999111102455,0.98711715841962,0.));
#7105=DIRECTION('',(-0.98711715841962,-0.159999111102455,0.));
#7106=DIRECTION('',(0.98711715841962,0.159999111102455,0.));
#7107=DIRECTION('',(0.,0.,-1.));
#7108=DIRECTION('',(0.,0.,-1.));
#7109=DIRECTION('',(-0.889361761446191,-0.457204174606192,0.));
#7110=DIRECTION('',(0.457204174606192,-0.889361761446191,0.));
#7111=DIRECTION('',(0.,0.,-1.));
#7112=DIRECTION('',(-0.457204174606192,0.889361761446191,0.));
#7113=DIRECTION('',(0.988246650277279,-0.152867780175347,0.));
#7114=DIRECTION('',(0.152867780175347,0.988246650277279,0.));
#7115=DIRECTION('',(-0.152867780175347,-0.988246650277279,0.));
#7116=DIRECTION('',(0.,0.,-1.));
#7117=DIRECTION('',(0.,0.,-1.));
#7118=DIRECTION('',(-0.159999111102455,0.98711715841962,0.));
#7119=DIRECTION('',(-0.98711715841962,-0.159999111102455,0.));
#7120=DIRECTION('',(0.,0.,-1.));
#7121=DIRECTION('',(0.98711715841962,0.159999111102455,0.));
#7122=DIRECTION('',(0.450770908037134,0.892639674486507,0.));
#7123=DIRECTION('',(-0.892639674486508,0.450770908037134,0.));
#7124=DIRECTION('',(0.892639674486508,-0.450770908037134,0.));
#7125=DIRECTION('',(0.,0.,-1.));
#7126=DIRECTION('',(0.,0.,-1.));
#7127=DIRECTION('',(0.988246650277279,-0.152867780175347,0.));
#7128=DIRECTION('',(0.152867780175347,0.988246650277279,0.));
#7129=DIRECTION('',(0.,0.,-1.));
#7130=DIRECTION('',(-0.152867780175347,-0.988246650277279,0.));
#7131=DIRECTION('',(-0.709654907970677,0.704549438714652,0.));
#7132=DIRECTION('',(-0.704549438714652,-0.709654907970677,0.));
#7133=DIRECTION('',(0.704549438714652,0.709654907970677,0.));
#7134=DIRECTION('',(0.,0.,-1.));
#7135=DIRECTION('',(0.,0.,-1.));
#7136=DIRECTION('',(0.450770908037134,0.892639674486507,0.));
#7137=DIRECTION('',(-0.892639674486508,0.450770908037134,0.));
#7138=DIRECTION('',(0.,0.,-1.));
#7139=DIRECTION('',(0.892639674486508,-0.450770908037134,0.));
#7140=DIRECTION('',(-0.889361761446191,-0.457204174606192,0.));
#7141=DIRECTION('',(0.457204174606192,-0.889361761446191,0.));
#7142=DIRECTION('',(-0.457204174606192,0.889361761446191,0.));
#7143=DIRECTION('',(0.,0.,-1.));
#7144=DIRECTION('',(0.,0.,-1.));
#7145=DIRECTION('',(-0.709654907970677,0.704549438714652,0.));
#7146=DIRECTION('',(-0.704549438714652,-0.709654907970677,0.));
#7147=DIRECTION('',(0.,0.,-1.));
#7148=DIRECTION('',(0.704549438714652,0.709654907970677,0.));
#7149=DIRECTION('',(0.,0.,1.));
#7150=DIRECTION('',(1.,0.,0.));
#7151=DIRECTION('',(0.892639674486508,-0.450770908037134,0.));
#7152=DIRECTION('',(-0.457204174606192,0.889361761446191,0.));
#7153=DIRECTION('',(0.704549438714652,0.709654907970677,0.));
#7154=DIRECTION('',(0.98711715841962,0.159999111102455,0.));
#7155=DIRECTION('',(-0.457204174606192,0.889361761446191,0.));
#7156=DIRECTION('',(-0.152867780175347,-0.988246650277279,0.));
#7157=DIRECTION('',(0.98711715841962,0.159999111102455,0.));
#7158=DIRECTION('',(0.892639674486508,-0.450770908037134,0.));
#7159=DIRECTION('',(-0.152867780175347,-0.988246650277279,0.));
#7160=DIRECTION('',(0.704549438714652,0.709654907970677,0.));
#7161=DIRECTION('',(-0.159999111102455,0.98711715841962,0.));
#7162=DIRECTION('',(-0.98711715841962,-0.159999111102455,0.));
#7163=DIRECTION('',(0.,0.,-1.));
#7164=DIRECTION('',(0.98711715841962,0.159999111102455,0.));
#7165=DIRECTION('',(0.,0.,-1.));
#7166=DIRECTION('',(-0.889361761446191,-0.457204174606192,0.));
#7167=DIRECTION('',(0.457204174606192,-0.889361761446191,0.));
#7168=DIRECTION('',(-0.457204174606192,0.889361761446191,0.));
#7169=DIRECTION('',(0.,0.,-1.));
#7170=DIRECTION('',(0.988246650277279,-0.152867780175347,0.));
#7171=DIRECTION('',(0.152867780175347,0.988246650277279,0.));
#7172=DIRECTION('',(-0.152867780175347,-0.988246650277279,0.));
#7173=DIRECTION('',(0.,0.,-1.));
#7174=DIRECTION('',(-0.159999111102455,0.98711715841962,0.));
#7175=DIRECTION('',(-0.98711715841962,-0.159999111102455,0.));
#7176=DIRECTION('',(0.98711715841962,0.159999111102455,0.));
#7177=DIRECTION('',(0.,0.,-1.));
#7178=DIRECTION('',(0.450770908037134,0.892639674486507,0.));
#7179=DIRECTION('',(-0.892639674486508,0.450770908037134,0.));
#7180=DIRECTION('',(0.892639674486508,-0.450770908037134,0.));
#7181=DIRECTION('',(0.,0.,-1.));
#7182=DIRECTION('',(0.988246650277279,-0.152867780175347,0.));
#7183=DIRECTION('',(0.152867780175347,0.988246650277279,0.));
#7184=DIRECTION('',(-0.152867780175347,-0.988246650277279,0.));
#7185=DIRECTION('',(0.,0.,-1.));
#7186=DIRECTION('',(-0.709654907970677,0.704549438714652,0.));
#7187=DIRECTION('',(-0.704549438714652,-0.709654907970677,0.));
#7188=DIRECTION('',(0.704549438714652,0.709654907970677,0.));
#7189=DIRECTION('',(0.,0.,-1.));
#7190=DIRECTION('',(0.450770908037134,0.892639674486507,0.));
#7191=DIRECTION('',(-0.892639674486508,0.450770908037134,0.));
#7192=DIRECTION('',(0.892639674486508,-0.450770908037134,0.));
#7193=DIRECTION('',(0.,0.,-1.));
#7194=DIRECTION('',(-0.889361761446191,-0.457204174606192,0.));
#7195=DIRECTION('',(0.457204174606192,-0.889361761446191,0.));
#7196=DIRECTION('',(-0.457204174606192,0.889361761446191,0.));
#7197=DIRECTION('',(0.,0.,-1.));
#7198=DIRECTION('',(-0.709654907970677,0.704549438714652,0.));
#7199=DIRECTION('',(-0.704549438714652,-0.709654907970677,0.));
#7200=DIRECTION('',(0.704549438714652,0.709654907970677,0.));
#7201=DIRECTION('',(0.,0.,1.));
#7202=DIRECTION('',(1.,0.,0.));
#7203=DIRECTION('',(0.152867780175347,0.988246650277279,0.));
#7204=DIRECTION('',(-0.988246650277279,0.152867780175347,0.));
#7205=DIRECTION('',(-0.911946589824724,-0.410308929109587,0.));
#7206=DIRECTION('',(0.410308929109587,-0.911946589824724,0.));
#7207=DIRECTION('',(0.704549438714652,0.709654907970677,0.));
#7208=DIRECTION('',(0.709654907970677,-0.704549438714652,0.));
#7209=DIRECTION('',(0.98711715841962,0.159999111102455,0.));
#7210=DIRECTION('',(-0.159999111102455,0.98711715841962,0.));
#7211=DIRECTION('',(-0.403713818449184,-0.914885322208844,0.));
#7212=DIRECTION('',(-0.914885322208844,0.403713818449184,0.));
#7213=DIRECTION('',(0.457204174606192,-0.889361761446191,0.));
#7214=DIRECTION('',(0.889361761446191,0.457204174606192,0.));
#7215=DIRECTION('',(-0.994862078114312,0.101239545287764,0.));
#7216=DIRECTION('',(-0.101239545287764,-0.994862078114312,0.));
#7217=DIRECTION('',(0.892639674486508,-0.450770908037134,0.));
#7218=DIRECTION('',(-0.450770908037134,-0.892639674486508,0.));
#7219=DIRECTION('',(-0.892639674486508,0.450770908037134,0.));
#7220=DIRECTION('',(-0.450770908037134,-0.892639674486507,0.));
#7221=DIRECTION('',(0.108419986505641,-0.994105178804596,0.));
#7222=DIRECTION('',(-0.994105178804595,-0.108419986505641,0.));
#7223=DIRECTION('',(-0.457204174606192,0.889361761446191,0.));
#7224=DIRECTION('',(0.889361761446191,0.457204174606192,0.));
#7225=DIRECTION('',(0.98711715841962,0.159999111102455,0.));
#7226=DIRECTION('',(-0.159999111102455,0.98711715841962,0.));
#7227=DIRECTION('',(-0.672033974941879,0.740520314727299,0.));
#7228=DIRECTION('',(-0.740520314727299,-0.672033974941879,0.));
#7229=DIRECTION('',(0.152867780175347,0.988246650277279,0.));
#7230=DIRECTION('',(-0.988246650277279,0.152867780175347,0.));
#7231=DIRECTION('',(0.745353216584711,-0.666669770221228,0.));
#7232=DIRECTION('',(-0.666669770221228,-0.745353216584711,0.));
#7233=DIRECTION('',(-0.704549438714652,-0.709654907970677,0.));
#7234=DIRECTION('',(0.709654907970677,-0.704549438714652,0.));
#7235=DIRECTION('',(-0.211144759943813,0.977454802202265,0.));
#7236=DIRECTION('',(-0.977454802202265,-0.211144759943813,0.));
#7237=DIRECTION('',(-0.152867780175347,-0.988246650277279,0.));
#7238=DIRECTION('',(-0.988246650277279,0.152867780175347,0.));
#7239=DIRECTION('',(-0.704549438714652,-0.709654907970677,0.));
#7240=DIRECTION('',(0.709654907970677,-0.704549438714652,0.));
#7241=DIRECTION('',(0.978953826545015,-0.204081859783943,0.));
#7242=DIRECTION('',(-0.204081859783943,-0.978953826545015,0.));
#7243=DIRECTION('',(-0.98711715841962,-0.159999111102455,0.));
#7244=DIRECTION('',(-0.159999111102455,0.987117158419619,0.));
#7245=DIRECTION('',(0.457204174606192,-0.889361761446191,0.));
#7246=DIRECTION('',(0.889361761446191,0.457204174606192,0.));
#7247=DIRECTION('',(0.496606751715948,0.867975652970828,0.));
#7248=DIRECTION('',(-0.867975652970828,0.496606751715948,0.));
#7249=DIRECTION('',(-0.892639674486508,0.450770908037134,0.));
#7250=DIRECTION('',(-0.450770908037134,-0.892639674486507,0.));
#7251=DIRECTION('',(0.864367439922598,0.502860744940043,0.));
#7252=DIRECTION('',(-0.502860744940043,0.864367439922598,0.));
#7253=DIRECTION('',(0.,0.,-1.));
#7254=DIRECTION('',(-1.,0.,0.));
#7255=DIRECTION('',(0.,0.,-1.));
#7256=DIRECTION('',(-1.,0.,0.));
#7257=DIRECTION('',(0.,0.,-1.));
#7258=DIRECTION('',(-1.,0.,0.));
#7259=DIRECTION('',(0.,0.,1.));
#7260=DIRECTION('',(1.,0.,0.));
#7261=DIRECTION('',(0.,0.,-1.));
#7262=DIRECTION('',(-1.,0.,0.));
#7263=DIRECTION('',(0.,0.,-1.));
#7264=DIRECTION('',(-1.,0.,0.));
#7265=DIRECTION('',(0.,0.,-1.));
#7266=DIRECTION('',(-1.,0.,0.));
#7267=DIRECTION('',(0.,0.,-1.));
#7268=DIRECTION('',(-1.,0.,0.));
#7269=DIRECTION('',(0.,0.,-1.));
#7270=DIRECTION('',(-1.,0.,0.));
#7271=DIRECTION('',(0.,0.,1.));
#7272=DIRECTION('',(1.,0.,0.));
#7273=DIRECTION('',(1.02798428206033E-16,-1.,-1.12540062171968E-63));
#7274=DIRECTION('',(1.,1.02798428206033E-16,0.));
#7275=DIRECTION('',(0.,0.,-1.));
#7276=DIRECTION('',(-1.,0.,0.));
#7277=DIRECTION('',(0.,0.,-1.));
#7278=DIRECTION('',(0.,0.,1.));
#7279=DIRECTION('',(1.,0.,0.));
#7280=DIRECTION('',(0.,0.,-1.));
#7281=DIRECTION('',(0.,0.,1.));
#7282=DIRECTION('',(1.,0.,0.));
#7283=DIRECTION('',(0.,0.,-1.));
#7284=DIRECTION('',(-1.,0.,0.));
#7285=DIRECTION('',(0.,0.,1.));
#7286=DIRECTION('',(1.,0.,0.));
#7287=DIRECTION('',(0.,0.,1.));
#7288=DIRECTION('',(1.,0.,0.));
#7289=DIRECTION('',(0.,0.,-1.));
#7290=DIRECTION('',(-1.,0.,0.));
#7291=DIRECTION('',(0.,0.,1.));
#7292=DIRECTION('',(1.,0.,0.));
#7293=DIRECTION('',(0.,0.,1.));
#7294=DIRECTION('',(1.,0.,0.));
#7295=DIRECTION('',(0.,0.,1.));
#7296=DIRECTION('',(1.,0.,0.));
#7297=DIRECTION('',(0.,0.,1.));
#7298=DIRECTION('',(1.,0.,0.));
#7299=DIRECTION('',(0.,0.,1.));
#7300=DIRECTION('',(1.,0.,0.));
#7301=DIRECTION('',(0.,0.,1.));
#7302=DIRECTION('',(1.,0.,0.));
#7303=DIRECTION('',(0.,0.,1.));
#7304=DIRECTION('',(1.,0.,0.));
#7305=DIRECTION('',(0.,0.,1.));
#7306=DIRECTION('',(1.,0.,0.));
#7307=DIRECTION('',(0.,0.,1.));
#7308=DIRECTION('',(1.,0.,0.));
#7309=DIRECTION('',(0.,0.,1.));
#7310=DIRECTION('',(1.,0.,0.));
#7311=DIRECTION('',(0.,0.,1.));
#7312=DIRECTION('',(1.,0.,0.));
#7313=DIRECTION('',(0.,1.,0.));
#7314=DIRECTION('',(0.,0.,1.));
#7315=DIRECTION('',(0.,0.,-1.));
#7316=DIRECTION('',(1.,0.,0.));
#7317=DIRECTION('',(0.,0.,-1.));
#7318=DIRECTION('',(1.,0.,0.));
#7319=DIRECTION('',(-1.,-2.01858731750028E-16,0.));
#7320=DIRECTION('',(2.01858731750028E-16,-1.,0.));
#7321=DIRECTION('',(0.,0.,-1.));
#7322=DIRECTION('',(-2.01858731750028E-16,1.,0.));
#7323=DIRECTION('',(-2.01858731750028E-16,1.,0.));
#7324=DIRECTION('',(0.,1.,0.));
#7325=DIRECTION('',(0.,0.,1.));
#7326=DIRECTION('',(0.,0.,-1.));
#7327=DIRECTION('',(-1.,0.,0.));
#7328=DIRECTION('',(1.,0.,0.));
#7329=DIRECTION('',(-1.,-2.01858731750028E-16,0.));
#7330=DIRECTION('',(2.01858731750028E-16,-1.,0.));
#7331=DIRECTION('',(2.01858731750028E-16,-1.,0.));
#7332=DIRECTION('',(-2.01858731750028E-16,1.,0.));
#7333=DIRECTION('',(0.,0.,1.));
#7334=DIRECTION('',(1.,0.,0.));
#7335=DIRECTION('',(1.,0.,0.));
#7336=DIRECTION('',(-2.01858731750028E-16,1.,0.));
#7337=DIRECTION('',(-1.,0.,0.));
#7338=DIRECTION('',(2.01858731750028E-16,-1.,0.));
#7339=DIRECTION('',(0.,0.,1.));
#7340=DIRECTION('',(1.,0.,0.));
#7341=DIRECTION('',(0.707106781186537,1.42735678062159E-16,-0.707106781186558));
#7342=DIRECTION('',(-2.01858731750028E-16,1.,0.));
#7343=DIRECTION('',(0.577350269189631,-0.577350269189632,0.577350269189614));
#7344=DIRECTION('',(-0.577350269189631,-0.577350269189632,-0.577350269189614));
#7345=DIRECTION('',(0.,-0.707106781186537,0.707106781186558));
#7346=DIRECTION('',(-1.,0.,0.));
#7347=DIRECTION('',(-0.577350269189632,0.577350269189631,0.577350269189614));
#7348=DIRECTION('',(0.,-0.707106781186537,-0.707106781186558));
#7349=DIRECTION('',(1.,0.,0.));
#7350=DIRECTION('',(-0.577350269189632,-0.577350269189632,0.577350269189614));
#7351=DIRECTION('',(0.707106781186536,1.42735678062159E-16,0.707106781186559));
#7352=DIRECTION('',(2.01858731750028E-16,-1.,0.));
#7353=DIRECTION('',(0.,0.,1.));
#7354=DIRECTION('',(1.,0.,0.));
#7355=DIRECTION('',(0.,1.,0.));
#7356=DIRECTION('',(0.,0.,1.));
#7357=DIRECTION('',(0.,0.,-1.));
#7358=DIRECTION('',(1.,0.,0.));
#7359=DIRECTION('',(0.,0.,-1.));
#7360=DIRECTION('',(1.,0.,0.));
#7361=DIRECTION('',(-1.,-2.01858731750028E-16,0.));
#7362=DIRECTION('',(2.01858731750028E-16,-1.,0.));
#7363=DIRECTION('',(0.,0.,-1.));
#7364=DIRECTION('',(-2.01858731750028E-16,1.,0.));
#7365=DIRECTION('',(-2.01858731750028E-16,1.,0.));
#7366=DIRECTION('',(0.,1.,0.));
#7367=DIRECTION('',(0.,0.,1.));
#7368=DIRECTION('',(0.,0.,-1.));
#7369=DIRECTION('',(-1.,0.,0.));
#7370=DIRECTION('',(1.,0.,0.));
#7371=DIRECTION('',(-1.,-2.01858731750028E-16,0.));
#7372=DIRECTION('',(2.01858731750028E-16,-1.,0.));
#7373=DIRECTION('',(2.01858731750028E-16,-1.,0.));
#7374=DIRECTION('',(-2.01858731750028E-16,1.,0.));
#7375=DIRECTION('',(0.,0.,1.));
#7376=DIRECTION('',(1.,0.,0.));
#7377=DIRECTION('',(1.,0.,0.));
#7378=DIRECTION('',(-2.01858731750028E-16,1.,0.));
#7379=DIRECTION('',(-1.,0.,0.));
#7380=DIRECTION('',(2.01858731750028E-16,-1.,0.));
#7381=DIRECTION('',(0.,0.,1.));
#7382=DIRECTION('',(1.,0.,0.));
#7383=DIRECTION('',(0.707106781186562,1.42735678062164E-16,-0.707106781186533));
#7384=DIRECTION('',(-2.01858731750028E-16,1.,0.));
#7385=DIRECTION('',(0.577350269189611,-0.577350269189632,0.577350269189634));
#7386=DIRECTION('',(-0.577350269189604,-0.577350269189645,-0.577350269189628));
#7387=DIRECTION('',(0.,-0.707106781186537,0.707106781186558));
#7388=DIRECTION('',(-1.,0.,0.));
#7389=DIRECTION('',(-0.577350269189632,0.577350269189631,0.577350269189614));
#7390=DIRECTION('',(0.,-0.707106781186549,-0.707106781186546));
#7391=DIRECTION('',(1.,0.,0.));
#7392=DIRECTION('',(-0.577350269189639,-0.577350269189618,0.577350269189621));
#7393=DIRECTION('',(0.707106781186536,1.42735678062159E-16,0.707106781186559));
#7394=DIRECTION('',(2.01858731750028E-16,-1.,0.));
#7395=DIRECTION('',(0.,0.,1.));
#7396=DIRECTION('',(1.,0.,0.));
#7397=DIRECTION('',(0.,0.,1.));
#7398=DIRECTION('',(1.,0.,0.));
#7399=DIRECTION('',(1.,0.,0.));
#7400=DIRECTION('',(0.,1.,0.));
#7401=DIRECTION('',(1.,0.,0.));
#7402=DIRECTION('',(0.,1.,0.));
#7403=DIRECTION('',(0.,1.,0.));
#7404=DIRECTION('',(1.,0.,0.));
#7405=DIRECTION('',(0.,1.,0.));
#7406=DIRECTION('',(1.,0.,0.));
#7407=DIRECTION('',(1.,0.,0.));
#7408=DIRECTION('',(0.,0.,-1.));
#7409=DIRECTION('',(0.,0.,-1.));
#7410=DIRECTION('',(0.,1.,0.));
#7411=DIRECTION('',(0.,0.,-1.));
#7412=DIRECTION('',(0.,0.,1.));
#7413=DIRECTION('',(1.,0.,0.));
#7414=DIRECTION('',(1.,0.,0.));
#7415=DIRECTION('',(0.,1.,0.));
#7416=DIRECTION('',(1.,0.,0.));
#7417=DIRECTION('',(1.,0.,0.));
#7418=DIRECTION('',(0.,0.,-1.));
#7419=DIRECTION('',(0.,0.,-1.));
#7420=DIRECTION('',(0.,0.,-1.));
#7421=DIRECTION('',(0.,-1.,0.));
#7422=DIRECTION('',(1.,0.,0.));
#7423=DIRECTION('',(0.,-1.,0.));
#7424=DIRECTION('',(0.,0.,-1.));
#7425=DIRECTION('',(0.,-1.,0.));
#7426=DIRECTION('',(1.,0.,0.));
#7427=DIRECTION('',(0.,1.,0.));
#7428=DIRECTION('',(0.,0.,1.));
#7429=DIRECTION('',(0.,-1.,0.));
#7430=DIRECTION('',(0.,0.,-1.));
#7431=DIRECTION('',(0.,-1.,0.));
#7432=DIRECTION('',(1.,0.,0.));
#7433=DIRECTION('',(1.,0.,0.));
#7434=DIRECTION('',(0.,0.,-1.));
#7435=DIRECTION('',(0.,0.,-1.));
#7436=DIRECTION('',(0.,0.,-1.));
#7437=DIRECTION('',(0.,1.,0.));
#7438=DIRECTION('',(0.,0.,1.));
#7439=DIRECTION('',(1.,0.,0.));
#7440=DIRECTION('',(1.,0.,0.));
#7441=DIRECTION('',(1.,0.,0.));
#7442=DIRECTION('',(0.,1.,0.));
#7443=DIRECTION('',(1.,0.,0.));
#7444=DIRECTION('',(0.,0.,-1.));
#7445=DIRECTION('',(0.,0.,-1.));
#7446=DIRECTION('',(0.,0.,-1.));
#7447=DIRECTION('',(0.,-1.,0.));
#7448=DIRECTION('',(1.,0.,0.));
#7449=DIRECTION('',(0.,-1.,0.));
#7450=DIRECTION('',(1.,0.,0.));
#7451=DIRECTION('',(0.,0.,1.));
#7452=DIRECTION('',(1.,0.,0.));
#7453=DIRECTION('',(-9.86076131526265E-32,6.65601388780229E-31,-1.));
#7454=DIRECTION('',(-1.,-1.50085705180808E-16,9.86076131526264E-32));
#7455=DIRECTION('',(0.,1.,0.));
#7456=DIRECTION('',(0.,0.,1.));
#7457=DIRECTION('',(0.,0.,-1.));
#7458=DIRECTION('',(1.,0.,0.));
#7459=DIRECTION('',(0.,0.,-1.));
#7460=DIRECTION('',(1.,0.,0.));
#7461=DIRECTION('',(-1.,-2.01858731750028E-16,0.));
#7462=DIRECTION('',(2.01858731750028E-16,-1.,0.));
#7463=DIRECTION('',(0.,0.,-1.));
#7464=DIRECTION('',(-2.01858731750028E-16,1.,0.));
#7465=DIRECTION('',(-2.01858731750028E-16,1.,0.));
#7466=DIRECTION('',(0.,1.,0.));
#7467=DIRECTION('',(0.,0.,1.));
#7468=DIRECTION('',(0.,0.,-1.));
#7469=DIRECTION('',(-1.,0.,0.));
#7470=DIRECTION('',(1.,0.,0.));
#7471=DIRECTION('',(-1.,-2.01858731750028E-16,0.));
#7472=DIRECTION('',(2.01858731750028E-16,-1.,0.));
#7473=DIRECTION('',(2.01858731750028E-16,-1.,0.));
#7474=DIRECTION('',(-2.01858731750028E-16,1.,0.));
#7475=DIRECTION('',(0.,0.,1.));
#7476=DIRECTION('',(1.,0.,0.));
#7477=DIRECTION('',(1.,0.,0.));
#7478=DIRECTION('',(-2.01858731750028E-16,1.,0.));
#7479=DIRECTION('',(-1.,0.,0.));
#7480=DIRECTION('',(2.01858731750028E-16,-1.,0.));
#7481=DIRECTION('',(0.,0.,1.));
#7482=DIRECTION('',(1.,0.,0.));
#7483=DIRECTION('',(0.707106781186562,1.42735678062164E-16,-0.707106781186533));
#7484=DIRECTION('',(-2.01858731750028E-16,1.,0.));
#7485=DIRECTION('',(0.577350269189611,-0.577350269189632,0.577350269189634));
#7486=DIRECTION('',(-0.577350269189604,-0.577350269189645,-0.577350269189628));
#7487=DIRECTION('',(0.,-0.707106781186537,0.707106781186558));
#7488=DIRECTION('',(-1.,0.,0.));
#7489=DIRECTION('',(-0.577350269189632,0.577350269189631,0.577350269189614));
#7490=DIRECTION('',(0.,-0.707106781186549,-0.707106781186546));
#7491=DIRECTION('',(1.,0.,0.));
#7492=DIRECTION('',(-0.577350269189639,-0.577350269189618,0.577350269189621));
#7493=DIRECTION('',(0.707106781186536,1.42735678062159E-16,0.707106781186559));
#7494=DIRECTION('',(2.01858731750028E-16,-1.,0.));
#7495=DIRECTION('',(0.,0.,1.));
#7496=DIRECTION('',(1.,0.,0.));
#7497=DIRECTION('',(0.,-1.,0.));
#7498=DIRECTION('',(0.,0.,-1.));
#7499=DIRECTION('',(-1.,0.,0.));
#7500=DIRECTION('',(0.,0.,-1.));
#7501=DIRECTION('',(-1.,0.,0.));
#7502=DIRECTION('',(0.,0.,-1.));
#7503=DIRECTION('',(1.,3.1540426835942E-16,0.));
#7504=DIRECTION('',(-3.1540426835942E-16,1.,0.));
#7505=DIRECTION('',(3.1540426835942E-16,-1.,0.));
#7506=DIRECTION('',(0.,0.,-1.));
#7507=DIRECTION('',(3.1540426835942E-16,-1.,0.));
#7508=DIRECTION('',(0.,-1.,0.));
#7509=DIRECTION('',(0.,0.,-1.));
#7510=DIRECTION('',(-1.,0.,0.));
#7511=DIRECTION('',(0.,0.,-1.));
#7512=DIRECTION('',(-1.,0.,0.));
#7513=DIRECTION('',(1.,0.,0.));
#7514=DIRECTION('',(0.,0.,-1.));
#7515=DIRECTION('',(0.,-1.,0.));
#7516=DIRECTION('',(0.,-1.,0.));
#7517=DIRECTION('',(0.,0.,1.));
#7518=DIRECTION('',(1.,0.,0.));
#7519=DIRECTION('',(0.,0.,1.));
#7520=DIRECTION('',(1.,0.,0.));
#7521=DIRECTION('',(-1.,0.,-1.38777878078145E-16));
#7522=DIRECTION('',(-1.38777878078145E-16,0.,1.));
#7523=DIRECTION('',(0.,1.,0.));
#7524=DIRECTION('',(0.,0.,1.));
#7525=DIRECTION('',(1.,0.,0.));
#7526=DIRECTION('',(0.,0.,-1.));
#7527=DIRECTION('',(1.,0.,0.));
#7528=DIRECTION('',(0.,0.,-1.));
#7529=DIRECTION('',(-1.,-2.01858731750028E-16,0.));
#7530=DIRECTION('',(2.01858731750028E-16,-1.,0.));
#7531=DIRECTION('',(-2.01858731750028E-16,1.,0.));
#7532=DIRECTION('',(0.,0.,-1.));
#7533=DIRECTION('',(-2.01858731750028E-16,1.,0.));
#7534=DIRECTION('',(0.,1.,0.));
#7535=DIRECTION('',(0.,0.,1.));
#7536=DIRECTION('',(1.,0.,0.));
#7537=DIRECTION('',(0.,0.,-1.));
#7538=DIRECTION('',(1.,0.,0.));
#7539=DIRECTION('',(-1.,-2.01858731750028E-16,0.));
#7540=DIRECTION('',(2.01858731750028E-16,-1.,0.));
#7541=DIRECTION('',(-2.01858731750028E-16,1.,0.));
#7542=DIRECTION('',(-2.01858731750028E-16,1.,0.));
#7543=DIRECTION('',(0.,0.,1.));
#7544=DIRECTION('',(1.,0.,0.));
#7545=DIRECTION('',(0.,0.,1.));
#7546=DIRECTION('',(1.,0.,0.));
#7547=DIRECTION('',(0.,0.,1.));
#7548=DIRECTION('',(1.,0.,0.));
#7549=DIRECTION('',(-0.470774600266724,0.882253521241885,0.));
#7550=DIRECTION('',(0.882253521241886,0.470774600266724,0.));
#7551=DIRECTION('',(0.884695433823034,0.466169485673047,0.));
#7552=DIRECTION('',(0.466169485673047,-0.884695433823034,0.));
#7553=DIRECTION('',(0.724645115648201,0.689122236157857,0.));
#7554=DIRECTION('',(0.689122236157857,-0.724645115648201,0.));
#7555=DIRECTION('',(0.72105667796998,-0.692876083549502,0.));
#7556=DIRECTION('',(-0.692876083549502,-0.72105667796998,0.));
#7557=DIRECTION('',(-0.987287233095933,-0.158946278238207,0.));
#7558=DIRECTION('',(-0.158946278238207,0.987287233095933,0.));
#7559=DIRECTION('',(-0.161029595454402,0.98694957793587,0.));
#7560=DIRECTION('',(0.98694957793587,0.161029595454402,0.));
#7561=DIRECTION('',(-0.157690535753102,-0.98748857964733,0.));
#7562=DIRECTION('',(0.987488579647329,-0.157690535753101,0.));
#7563=DIRECTION('',(-0.989858574640578,0.142056334637084,0.));
#7564=DIRECTION('',(-0.142056334637084,-0.989858574640578,0.));
#7565=DIRECTION('',(0.892053173432768,-0.451930454570753,0.));
#7566=DIRECTION('',(0.451930454570753,0.892053173432768,0.));
#7567=DIRECTION('',(-0.471439598413308,-0.881898353013486,0.));
#7568=DIRECTION('',(0.881898353013486,-0.471439598413308,0.));
#7569=DIRECTION('',(0.,0.,1.));
#7570=DIRECTION('',(1.,0.,0.));
#7571=DIRECTION('',(0.,0.,1.));
#7572=DIRECTION('',(1.,0.,0.));
#7573=DIRECTION('',(1.,0.,0.));
#7574=DIRECTION('',(0.315854425964409,-0.948807663121822,0.));
#7575=DIRECTION('',(0.,0.,1.));
#7576=DIRECTION('',(1.,0.,0.));
#7577=DIRECTION('',(0.296370337075554,0.955073098407511,0.));
#7578=DIRECTION('',(1.,0.,0.));
#7579=DIRECTION('',(0.,0.,1.));
#7580=DIRECTION('',(1.,0.,0.));
#7581=DIRECTION('',(-0.790629036374695,0.612295457145668,0.));
#7582=DIRECTION('',(0.296370337075554,0.955073098407511,0.));
#7583=DIRECTION('',(0.,0.,1.));
#7584=DIRECTION('',(1.,0.,0.));
#7585=DIRECTION('',(-0.793798074341406,-0.608181401534013,0.));
#7586=DIRECTION('',(-0.790629036374695,0.612295457145667,0.));
#7587=DIRECTION('',(0.,0.,1.));
#7588=DIRECTION('',(1.,0.,0.));
#7589=DIRECTION('',(0.315854425964409,-0.948807663121822,0.));
#7590=DIRECTION('',(-0.793798074341406,-0.608181401534013,0.));
#7591=DIRECTION('',(0.948807663121822,0.315854425964409,0.));
#7592=DIRECTION('',(-0.315854425964409,0.948807663121822,0.));
#7593=DIRECTION('',(0.315854425964409,-0.948807663121822,0.));
#7594=DIRECTION('',(0.,0.,-1.));
#7595=DIRECTION('',(0.315854425964409,-0.948807663121822,0.));
#7596=DIRECTION('',(0.,0.,-1.));
#7597=DIRECTION('',(-0.955073098407511,0.296370337075554,0.));
#7598=DIRECTION('',(-0.296370337075554,-0.955073098407511,0.));
#7599=DIRECTION('',(0.296370337075554,0.955073098407511,0.));
#7600=DIRECTION('',(0.,0.,-1.));
#7601=DIRECTION('',(0.296370337075554,0.955073098407511,0.));
#7602=DIRECTION('',(0.,0.,-1.));
#7603=DIRECTION('',(0.,1.,0.));
#7604=DIRECTION('',(0.,0.,1.));
#7605=DIRECTION('',(1.,0.,0.));
#7606=DIRECTION('',(0.,0.,-1.));
#7607=DIRECTION('',(1.,0.,0.));
#7608=DIRECTION('',(0.,0.,-1.));
#7609=DIRECTION('',(-0.612295457145668,-0.790629036374695,0.));
#7610=DIRECTION('',(0.790629036374695,-0.612295457145668,0.));
#7611=DIRECTION('',(-0.790629036374695,0.612295457145668,0.));
#7612=DIRECTION('',(0.,0.,-1.));
#7613=DIRECTION('',(-0.790629036374695,0.612295457145668,0.));
#7614=DIRECTION('',(0.,0.,-1.));
#7615=DIRECTION('',(-0.955073098407511,0.296370337075554,0.));
#7616=DIRECTION('',(-0.296370337075554,-0.955073098407511,0.));
#7617=DIRECTION('',(0.296370337075554,0.955073098407511,0.));
#7618=DIRECTION('',(0.,0.,-1.));
#7619=DIRECTION('',(0.296370337075554,0.955073098407511,0.));
#7620=DIRECTION('',(0.,0.,-1.));
#7621=DIRECTION('',(0.608181401534013,-0.793798074341406,0.));
#7622=DIRECTION('',(0.793798074341406,0.608181401534013,0.));
#7623=DIRECTION('',(-0.793798074341406,-0.608181401534013,0.));
#7624=DIRECTION('',(0.,0.,-1.));
#7625=DIRECTION('',(-0.793798074341406,-0.608181401534013,0.));
#7626=DIRECTION('',(0.,0.,-1.));
#7627=DIRECTION('',(-0.612295457145667,-0.790629036374695,0.));
#7628=DIRECTION('',(0.790629036374695,-0.612295457145667,0.));
#7629=DIRECTION('',(-0.790629036374695,0.612295457145667,0.));
#7630=DIRECTION('',(0.,0.,-1.));
#7631=DIRECTION('',(-0.790629036374695,0.612295457145667,0.));
#7632=DIRECTION('',(0.,0.,-1.));
#7633=DIRECTION('',(0.948807663121822,0.315854425964409,0.));
#7634=DIRECTION('',(-0.315854425964409,0.948807663121822,0.));
#7635=DIRECTION('',(0.315854425964409,-0.948807663121822,0.));
#7636=DIRECTION('',(0.,0.,-1.));
#7637=DIRECTION('',(0.315854425964409,-0.948807663121822,0.));
#7638=DIRECTION('',(0.,0.,-1.));
#7639=DIRECTION('',(0.608181401534013,-0.793798074341406,0.));
#7640=DIRECTION('',(0.793798074341406,0.608181401534013,0.));
#7641=DIRECTION('',(-0.793798074341406,-0.608181401534013,0.));
#7642=DIRECTION('',(0.,0.,-1.));
#7643=DIRECTION('',(-0.793798074341406,-0.608181401534013,0.));
#7644=DIRECTION('',(0.,0.,-1.));
#7645=DIRECTION('',(0.,1.,0.));
#7646=DIRECTION('',(0.,0.,1.));
#7647=DIRECTION('',(1.,0.,0.));
#7648=DIRECTION('',(0.,0.,-1.));
#7649=DIRECTION('',(1.,0.,0.));
#7650=DIRECTION('',(0.,0.,-1.));
#7651=DIRECTION('',(0.,0.,1.));
#7652=DIRECTION('',(1.,0.,0.));
#7653=DIRECTION('',(0.,0.,1.));
#7654=DIRECTION('',(1.,0.,0.));
#7655=DIRECTION('',(0.,0.,1.));
#7656=DIRECTION('',(1.,0.,0.));
#7657=DIRECTION('',(0.,0.,1.));
#7658=DIRECTION('',(1.,0.,0.));
#7659=DIRECTION('',(0.,0.,1.));
#7660=DIRECTION('',(1.,0.,0.));
#7661=DIRECTION('',(0.,0.,1.));
#7662=DIRECTION('',(1.,0.,0.));
#7663=DIRECTION('',(0.,0.,1.));
#7664=DIRECTION('',(1.,0.,0.));
#7665=DIRECTION('',(0.,0.,1.));
#7666=DIRECTION('',(1.,0.,0.));
#7667=DIRECTION('',(0.,0.,1.));
#7668=DIRECTION('',(1.,0.,0.));
#7669=DIRECTION('',(0.,0.,1.));
#7670=DIRECTION('',(1.,0.,0.));
#7671=DIRECTION('',(0.,0.,1.));
#7672=DIRECTION('',(1.,0.,0.));
#7673=DIRECTION('',(0.315854425964409,-0.948807663121822,0.));
#7674=DIRECTION('',(0.948807663121822,0.315854425964409,0.));
#7675=DIRECTION('',(0.31585442596441,-0.948807663121822,0.));
#7676=DIRECTION('',(0.948807663121822,0.31585442596441,0.));
#7677=DIRECTION('',(1.,0.,0.));
#7678=DIRECTION('',(0.,0.,-1.));
#7679=DIRECTION('',(-1.,0.,0.));
#7680=DIRECTION('',(0.,0.,1.));
#7681=DIRECTION('',(0.296370337075554,0.955073098407511,0.));
#7682=DIRECTION('',(-0.955073098407511,0.296370337075554,0.));
#7683=DIRECTION('',(-0.296370337075558,-0.95507309840751,0.));
#7684=DIRECTION('',(0.95507309840751,-0.296370337075558,0.));
#7685=DIRECTION('',(-0.793798074341406,-0.608181401534013,0.));
#7686=DIRECTION('',(0.608181401534013,-0.793798074341406,0.));
#7687=DIRECTION('',(-0.793798074341404,-0.608181401534016,2.06059874002643E-15));
#7688=DIRECTION('',(0.608181401534016,-0.793798074341404,0.));
#7689=DIRECTION('',(1.,0.,0.));
#7690=DIRECTION('',(0.,0.,-1.));
#7691=DIRECTION('',(1.,0.,0.));
#7692=DIRECTION('',(0.,0.,-1.));
#7693=DIRECTION('',(0.315854425964409,-0.948807663121822,0.));
#7694=DIRECTION('',(0.948807663121822,0.315854425964409,0.));
#7695=DIRECTION('',(-0.31585442596441,0.948807663121822,0.));
#7696=DIRECTION('',(-0.948807663121822,-0.31585442596441,0.));
#7697=DIRECTION('',(-0.790629036374695,0.612295457145668,0.));
#7698=DIRECTION('',(-0.612295457145668,-0.790629036374695,0.));
#7699=DIRECTION('',(0.790629036374696,-0.612295457145665,0.));
#7700=DIRECTION('',(0.612295457145665,0.790629036374696,0.));
#7701=DIRECTION('',(-0.790629036374695,0.612295457145667,0.));
#7702=DIRECTION('',(-0.612295457145667,-0.790629036374695,0.));
#7703=DIRECTION('',(-0.790629036374693,0.612295457145669,0.));
#7704=DIRECTION('',(-0.612295457145669,-0.790629036374693,0.));
#7705=DIRECTION('',(0.296370337075554,0.955073098407511,0.));
#7706=DIRECTION('',(-0.955073098407511,0.296370337075554,0.));
#7707=DIRECTION('',(0.296370337075557,0.95507309840751,0.));
#7708=DIRECTION('',(-0.95507309840751,0.296370337075557,0.));
#7709=DIRECTION('',(-0.793798074341406,-0.608181401534013,0.));
#7710=DIRECTION('',(0.608181401534013,-0.793798074341406,0.));
#7711=DIRECTION('',(0.793798074341406,0.608181401534012,0.));
#7712=DIRECTION('',(-0.608181401534012,0.793798074341406,0.));
#7713=DIRECTION('',(0.,0.,-1.));
#7714=DIRECTION('',(-1.,0.,0.));
#7715=DIRECTION('',(0.,0.,1.));
#7716=DIRECTION('',(1.,0.,0.));
#7717=DIRECTION('',(0.,0.,1.));
#7718=DIRECTION('',(1.,0.,0.));
#7719=DIRECTION('',(0.,0.,-1.));
#7720=DIRECTION('',(-1.,0.,0.));
#7721=DIRECTION('',(0.,0.,1.));
#7722=DIRECTION('',(1.,0.,0.));
#7723=DIRECTION('',(0.,0.,1.));
#7724=DIRECTION('',(1.,0.,0.));
#7725=DIRECTION('',(0.,0.,-1.));
#7726=DIRECTION('',(-1.,0.,0.));
#7727=DIRECTION('',(0.,0.,1.));
#7728=DIRECTION('',(1.,0.,0.));
#7729=DIRECTION('',(0.,0.,1.));
#7730=DIRECTION('',(1.,0.,0.));
#7731=DIRECTION('',(0.,0.,-1.));
#7732=DIRECTION('',(-1.,0.,0.));
#7733=DIRECTION('',(0.,0.,1.));
#7734=DIRECTION('',(1.,0.,0.));
#7735=DIRECTION('',(0.,0.,1.));
#7736=DIRECTION('',(1.,0.,0.));
#7737=DIRECTION('',(0.,0.,-1.));
#7738=DIRECTION('',(-1.,0.,0.));
#7739=DIRECTION('',(0.,0.,1.));
#7740=DIRECTION('',(1.,0.,0.));
#7741=DIRECTION('',(0.,0.,1.));
#7742=DIRECTION('',(1.,0.,0.));
#7743=DIRECTION('',(0.,0.,1.));
#7744=DIRECTION('',(1.,0.,0.));
#7745=DIRECTION('',(0.,0.,1.));
#7746=DIRECTION('',(1.,0.,0.));
#7747=DIRECTION('',(0.,0.,1.));
#7748=DIRECTION('',(1.,0.,0.));
#7749=DIRECTION('',(0.,0.,1.));
#7750=DIRECTION('',(1.,0.,0.));
#7751=DIRECTION('',(0.,0.,1.));
#7752=DIRECTION('',(1.,0.,0.));
#7753=DIRECTION('',(0.,0.,1.));
#7754=DIRECTION('',(1.,0.,0.));
#7755=DIRECTION('',(0.,0.,1.));
#7756=DIRECTION('',(1.,0.,0.));
#7757=DIRECTION('',(1.,-1.38777878078145E-16,0.));
#7758=DIRECTION('',(0.,-1.,0.));
#7759=DIRECTION('',(1.,0.,0.));
#7760=DIRECTION('',(0.,-1.,0.));
#7761=DIRECTION('',(0.,-1.,0.));
#7762=DIRECTION('',(1.,-1.38884752041815E-16,0.));
#7763=DIRECTION('',(0.,0.,1.));
#7764=DIRECTION('',(1.,0.,0.));
#7765=DIRECTION('',(1.,0.,0.));
#7766=DIRECTION('',(0.,-1.,0.));
#7767=DIRECTION('',(1.,0.,0.));
#7768=DIRECTION('',(0.,-1.,0.));
#7769=DIRECTION('',(0.,-1.,0.));
#7770=DIRECTION('',(0.,0.,1.));
#7771=DIRECTION('',(1.,0.,0.));
#7772=DIRECTION('',(1.,-1.38884752041815E-16,0.));
#7773=DIRECTION('',(1.,-1.38777878078145E-16,0.));
#7774=DIRECTION('',(0.,-1.,0.));
#7775=DIRECTION('',(1.,0.,0.));
#7776=DIRECTION('',(0.,-1.,0.));
#7777=DIRECTION('',(0.,0.,1.));
#7778=DIRECTION('',(1.,0.,0.));
#7779=DIRECTION('',(1.,-1.38884752041815E-16,0.));
#7780=DIRECTION('',(0.,-1.,0.));
#7781=DIRECTION('',(0.,0.,1.));
#7782=DIRECTION('',(1.,0.,0.));
#7783=DIRECTION('',(0.,0.,1.));
#7784=DIRECTION('',(1.,0.,0.));
#7785=DIRECTION('',(0.,-1.,0.));
#7786=DIRECTION('',(1.,0.,0.));
#7787=DIRECTION('',(0.,-1.,0.));
#7788=DIRECTION('',(0.,0.,1.));
#7789=DIRECTION('',(1.,0.,0.));
#7790=DIRECTION('',(0.,-1.,0.));
#7791=DIRECTION('',(1.,-1.38884752041815E-16,0.));
#7792=DIRECTION('',(0.,-1.,0.));
#7793=DIRECTION('',(1.,-1.38777878078145E-16,0.));
#7794=DIRECTION('',(0.,-1.,0.));
#7795=DIRECTION('',(1.,0.,0.));
#7796=DIRECTION('',(0.,-1.,0.));
#7797=DIRECTION('',(1.,-1.38777878078145E-16,0.));
#7798=DIRECTION('',(0.,-1.,0.));
#7799=DIRECTION('',(1.,0.,0.));
#7800=DIRECTION('',(0.,1.,0.));
#7801=DIRECTION('',(0.,0.,1.));
#7802=DIRECTION('',(0.,0.,-1.));
#7803=DIRECTION('',(1.,0.,0.));
#7804=DIRECTION('',(0.,0.,-1.));
#7805=DIRECTION('',(1.,0.,0.));
#7806=DIRECTION('',(0.,0.,-1.));
#7807=DIRECTION('',(0.,0.,-1.));
#7808=DIRECTION('',(0.,-1.,0.));
#7809=DIRECTION('',(0.,1.,0.));
#7810=DIRECTION('',(0.,0.,1.));
#7811=DIRECTION('',(0.,0.,-1.));
#7812=DIRECTION('',(1.,0.,0.));
#7813=DIRECTION('',(1.,0.,0.));
#7814=DIRECTION('',(0.,0.,-1.));
#7815=DIRECTION('',(0.,-1.,0.));
#7816=DIRECTION('',(0.,0.,1.));
#7817=DIRECTION('',(1.,0.,0.));
#7818=DIRECTION('',(0.,0.,1.));
#7819=DIRECTION('',(1.,0.,0.));
#7820=DIRECTION('',(0.,-1.,0.));
#7821=DIRECTION('',(1.,0.,0.));
#7822=DIRECTION('',(0.,-1.,0.));
#7823=DIRECTION('',(0.,0.,-1.));
#7824=DIRECTION('',(-1.,0.,0.));
#7825=DIRECTION('',(0.,0.,-1.));
#7826=DIRECTION('',(0.,0.,-1.));
#7827=DIRECTION('',(1.,0.,0.));
#7828=DIRECTION('',(0.,0.,-1.));
#7829=DIRECTION('',(0.,0.,-1.));
#7830=DIRECTION('',(0.,1.,0.));
#7831=DIRECTION('',(0.,0.,1.));
#7832=DIRECTION('',(0.,0.,-1.));
#7833=DIRECTION('',(1.,0.,0.));
#7834=DIRECTION('',(0.,0.,-1.));
#7835=DIRECTION('',(-1.,0.,0.));
#7836=DIRECTION('',(0.,0.,1.));
#7837=DIRECTION('',(0.,0.,1.));
#7838=DIRECTION('',(0.,0.,1.));
#7839=DIRECTION('',(0.,0.,1.));
#7840=DIRECTION('',(1.,0.,0.));
#7841=DIRECTION('',(0.,0.,1.));
#7842=DIRECTION('',(-1.38884752041815E-16,-1.,0.));
#7843=DIRECTION('',(1.,-1.38884752041815E-16,0.));
#7844=DIRECTION('',(-1.38884752041815E-16,-1.,0.));
#7845=DIRECTION('',(1.,-1.38884752041815E-16,0.));
#7846=DIRECTION('',(0.,0.,1.));
#7847=DIRECTION('',(0.,0.,1.));
#7848=DIRECTION('',(0.,0.,1.));
#7849=DIRECTION('',(1.,0.,0.));
#7850=DIRECTION('',(0.,0.,1.));
#7851=DIRECTION('',(-1.,0.,0.));
#7852=DIRECTION('',(0.,0.,1.));
#7853=DIRECTION('',(-1.38777878078145E-16,-1.,0.));
#7854=DIRECTION('',(1.,-1.38777878078145E-16,0.));
#7855=DIRECTION('',(0.,0.,1.));
#7856=DIRECTION('',(0.,0.,1.));
#7857=DIRECTION('',(-1.,0.,0.));
#7858=DIRECTION('',(0.,0.,1.));
#7859=DIRECTION('',(0.,0.,1.));
#7860=DIRECTION('',(0.,-1.,0.));
#7861=DIRECTION('',(0.,0.,-1.));
#7862=DIRECTION('',(0.,0.,1.));
#7863=DIRECTION('',(-1.,0.,0.));
#7864=DIRECTION('',(0.,0.,1.));
#7865=DIRECTION('',(-1.38777878078145E-16,-1.,0.));
#7866=DIRECTION('',(1.,-1.38777878078145E-16,0.));
#7867=DIRECTION('',(0.,0.,1.));
#7868=DIRECTION('',(0.,0.,1.));
#7869=DIRECTION('',(-1.,0.,0.));
#7870=DIRECTION('',(0.,0.,1.));
#7871=DIRECTION('',(0.,0.,1.));
#7872=DIRECTION('',(0.,-1.,0.));
#7873=DIRECTION('',(0.,0.,-1.));
#7874=DIRECTION('',(0.,0.,1.));
#7875=DIRECTION('',(-1.,0.,0.));
#7876=DIRECTION('',(0.,0.,1.));
#7877=DIRECTION('',(-1.,-2.01858731750028E-16,0.));
#7878=DIRECTION('',(2.01858731750028E-16,-1.,0.));
#7879=DIRECTION('',(0.,1.,0.));
#7880=DIRECTION('',(0.,0.,1.));
#7881=DIRECTION('',(0.,0.,-1.));
#7882=DIRECTION('',(1.,0.,0.));
#7883=DIRECTION('',(0.,0.,-1.));
#7884=DIRECTION('',(1.,0.,0.));
#7885=DIRECTION('',(-1.,-2.01858731750028E-16,0.));
#7886=DIRECTION('',(2.01858731750028E-16,-1.,0.));
#7887=DIRECTION('',(0.,0.,-1.));
#7888=DIRECTION('',(-2.01858731750028E-16,1.,0.));
#7889=DIRECTION('',(-2.01858731750028E-16,1.,0.));
#7890=DIRECTION('',(0.,1.,0.));
#7891=DIRECTION('',(0.,0.,1.));
#7892=DIRECTION('',(0.,0.,-1.));
#7893=DIRECTION('',(-1.,0.,0.));
#7894=DIRECTION('',(1.,0.,0.));
#7895=DIRECTION('',(-1.,-2.01858731750028E-16,0.));
#7896=DIRECTION('',(2.01858731750028E-16,-1.,0.));
#7897=DIRECTION('',(2.01858731750028E-16,-1.,0.));
#7898=DIRECTION('',(-2.01858731750028E-16,1.,0.));
#7899=DIRECTION('',(0.,0.,1.));
#7900=DIRECTION('',(1.,0.,0.));
#7901=DIRECTION('',(1.,0.,0.));
#7902=DIRECTION('',(-2.01858731750028E-16,1.,0.));
#7903=DIRECTION('',(-1.,0.,0.));
#7904=DIRECTION('',(2.01858731750028E-16,-1.,0.));
#7905=DIRECTION('',(0.,0.,1.));
#7906=DIRECTION('',(1.,0.,0.));
#7907=DIRECTION('',(0.707106781186562,1.42735678062164E-16,-0.707106781186533));
#7908=DIRECTION('',(-2.01858731750028E-16,1.,0.));
#7909=DIRECTION('',(0.577350269189611,-0.577350269189632,0.577350269189634));
#7910=DIRECTION('',(-0.577350269189604,-0.577350269189645,-0.577350269189628));
#7911=DIRECTION('',(0.,-0.707106781186537,0.707106781186558));
#7912=DIRECTION('',(-1.,0.,0.));
#7913=DIRECTION('',(-0.577350269189632,0.577350269189631,0.577350269189614));
#7914=DIRECTION('',(0.,-0.707106781186549,-0.707106781186546));
#7915=DIRECTION('',(1.,0.,0.));
#7916=DIRECTION('',(-0.577350269189639,-0.577350269189618,0.577350269189621));
#7917=DIRECTION('',(0.707106781186536,1.42735678062159E-16,0.707106781186559));
#7918=DIRECTION('',(2.01858731750028E-16,-1.,0.));
#7919=DIRECTION('',(0.,0.,1.));
#7920=DIRECTION('',(1.,0.,0.));
#7921=DIRECTION('',(1.,3.1540426835942E-16,0.));
#7922=DIRECTION('',(-3.1540426835942E-16,1.,0.));
#7923=DIRECTION('',(3.1540426835942E-16,-1.,0.));
#7924=DIRECTION('',(0.,0.,-1.));
#7925=DIRECTION('',(3.1540426835942E-16,-1.,0.));
#7926=DIRECTION('',(0.,0.,-1.));
#7927=DIRECTION('',(0.,-1.,0.));
#7928=DIRECTION('',(0.,0.,-1.));
#7929=DIRECTION('',(-1.,0.,0.));
#7930=DIRECTION('',(0.,0.,-1.));
#7931=DIRECTION('',(-1.,0.,0.));
#7932=DIRECTION('',(1.,0.,0.));
#7933=DIRECTION('',(0.,0.,-1.));
#7934=DIRECTION('',(0.,-1.,0.));
#7935=DIRECTION('',(0.,0.,-1.));
#7936=DIRECTION('',(0.,-1.,0.));
#7937=DIRECTION('',(1.,4.62592926927149E-16,0.));
#7938=DIRECTION('',(-4.62592926927149E-16,1.,0.));
#7939=DIRECTION('',(4.62592926927149E-16,-1.,0.));
#7940=DIRECTION('',(0.,0.,-1.));
#7941=DIRECTION('',(4.62592926927149E-16,-1.,0.));
#7942=DIRECTION('',(0.,0.,-1.));
#7943=DIRECTION('',(1.15648231731787E-16,-1.,0.));
#7944=DIRECTION('',(1.,1.15648231731787E-16,0.));
#7945=DIRECTION('',(-1.,-1.15648231731787E-16,0.));
#7946=DIRECTION('',(0.,0.,-1.));
#7947=DIRECTION('',(-1.,-1.15648231731787E-16,0.));
#7948=DIRECTION('',(1.,0.,0.));
#7949=DIRECTION('',(0.,0.,-1.));
#7950=DIRECTION('',(0.,-1.,0.));
#7951=DIRECTION('',(0.,0.,-1.));
#7952=DIRECTION('',(0.,-1.,0.));
#7953=DIRECTION('',(0.,-1.,0.));
#7954=DIRECTION('',(0.,0.,-1.));
#7955=DIRECTION('',(-1.,0.,0.));
#7956=DIRECTION('',(-1.,0.,0.));
#7957=DIRECTION('',(0.,-1.,0.));
#7958=DIRECTION('',(0.,0.,-1.));
#7959=DIRECTION('',(-1.,0.,0.));
#7960=DIRECTION('',(-1.,0.,0.));
#7961=DIRECTION('',(0.,0.,1.));
#7962=DIRECTION('',(1.,0.,0.));
#7963=DIRECTION('',(0.,0.,1.));
#7964=DIRECTION('',(1.,0.,0.));
#7965=DIRECTION('',(-1.,0.,-1.38777878078145E-16));
#7966=DIRECTION('',(-1.38777878078145E-16,0.,1.));
#7967=DIRECTION('',(0.,1.,0.));
#7968=DIRECTION('',(0.,0.,1.));
#7969=DIRECTION('',(1.,0.,0.));
#7970=DIRECTION('',(0.,0.,-1.));
#7971=DIRECTION('',(1.,0.,0.));
#7972=DIRECTION('',(0.,0.,-1.));
#7973=DIRECTION('',(1.,0.,0.));
#7974=DIRECTION('',(0.,0.,-1.));
#7975=DIRECTION('',(1.,0.,0.));
#7976=DIRECTION('',(0.,0.,-1.));
#7977=DIRECTION('',(0.,0.,-1.));
#7978=DIRECTION('',(-1.,0.,0.));
#7979=DIRECTION('',(0.,0.,-1.));
#7980=DIRECTION('',(-1.,0.,0.));
#7981=DIRECTION('',(0.,0.,1.));
#7982=DIRECTION('',(1.,0.,0.));
#7983=DIRECTION('',(1.,0.,0.));
#7984=DIRECTION('',(-1.7347234759768E-16,-1.,0.));
#7985=DIRECTION('',(1.,0.,0.));
#7986=DIRECTION('',(0.,-1.,0.));
#7987=DIRECTION('',(0.,0.,1.));
#7988=DIRECTION('',(1.,0.,0.));
#7989=DIRECTION('',(0.,-1.,0.));
#7990=DIRECTION('',(1.,0.,0.));
#7991=DIRECTION('',(-1.7347234759768E-16,-1.,0.));
#7992=DIRECTION('',(-1.,0.,0.));
#7993=DIRECTION('',(0.,0.,1.));
#7994=DIRECTION('',(1.,0.,0.));
#7995=DIRECTION('',(-1.,0.,0.));
#7996=DIRECTION('',(-1.7347234759768E-16,-1.,0.));
#7997=DIRECTION('',(2.89120579329468E-16,1.,0.));
#7998=DIRECTION('',(0.,1.,0.));
#7999=DIRECTION('',(0.,0.,1.));
#8000=DIRECTION('',(1.,0.,0.));
#8001=DIRECTION('',(0.,0.,-1.));
#8002=DIRECTION('',(0.,0.,-1.));
#8003=DIRECTION('',(1.,0.,0.));
#8004=DIRECTION('',(0.,0.,-1.));
#8005=DIRECTION('',(0.,0.,-1.));
#8006=DIRECTION('',(1.,-1.7347234759768E-16,0.));
#8007=DIRECTION('',(1.7347234759768E-16,1.,0.));
#8008=DIRECTION('',(-1.7347234759768E-16,-1.,0.));
#8009=DIRECTION('',(0.,0.,-1.));
#8010=DIRECTION('',(-1.7347234759768E-16,-1.,0.));
#8011=DIRECTION('',(0.,0.,-1.));
#8012=DIRECTION('',(1.,-1.7347234759768E-16,0.));
#8013=DIRECTION('',(1.7347234759768E-16,1.,0.));
#8014=DIRECTION('',(-1.7347234759768E-16,-1.,0.));
#8015=DIRECTION('',(0.,0.,-1.));
#8016=DIRECTION('',(-1.7347234759768E-16,-1.,0.));
#8017=DIRECTION('',(-1.7347234759768E-16,-1.,0.));
#8018=DIRECTION('',(0.,0.,-1.));
#8019=DIRECTION('',(0.,0.,1.));
#8020=DIRECTION('',(1.,0.,0.));
#8021=DIRECTION('',(0.,0.,1.));
#8022=DIRECTION('',(1.,0.,0.));
#8023=DIRECTION('',(1.,0.,0.));
#8024=DIRECTION('',(0.,1.,0.));
#8025=DIRECTION('',(0.,1.,0.));
#8026=DIRECTION('',(0.,0.,1.));
#8027=DIRECTION('',(1.,0.,0.));
#8028=DIRECTION('',(0.,0.,-1.));
#8029=DIRECTION('',(0.,1.,0.));
#8030=DIRECTION('',(0.,0.,1.));
#8031=DIRECTION('',(0.,0.,-1.));
#8032=DIRECTION('',(1.,0.,0.));
#8033=DIRECTION('',(1.,0.,0.));
#8034=DIRECTION('',(0.,0.,-1.));
#8035=DIRECTION('',(0.,-1.,0.));
#8036=DIRECTION('',(1.,0.,0.));
#8037=DIRECTION('',(0.,0.,-1.));
#8038=DIRECTION('',(0.,0.,-1.));
#8039=DIRECTION('',(0.,-1.,0.));
#8040=DIRECTION('',(0.,-1.,0.));
#8041=DIRECTION('',(0.,0.,-1.));
#8042=DIRECTION('',(-1.,0.,0.));
#8043=DIRECTION('',(0.,-1.,0.));
#8044=DIRECTION('',(0.,0.,-1.));
#8045=DIRECTION('',(0.,0.,-1.));
#8046=DIRECTION('',(-1.,0.,0.));
#8047=DIRECTION('',(-1.,2.89120579329468E-16,0.));
#8048=DIRECTION('',(-2.89120579329468E-16,-1.,0.));
#8049=DIRECTION('',(2.89120579329468E-16,1.,0.));
#8050=DIRECTION('',(-1.,0.,0.));
#8051=DIRECTION('',(0.,0.,1.));
#8052=DIRECTION('',(0.,1.,0.));
#8053=DIRECTION('',(0.,0.,-1.));
#8054=DIRECTION('',(1.,0.,0.));
#8055=DIRECTION('',(-1.,0.,0.));
#8056=DIRECTION('',(0.,0.,1.));
#8057=DIRECTION('',(0.,-1.,0.));
#8058=DIRECTION('',(0.,0.,-1.));
#8059=DIRECTION('',(0.,-1.,0.));
#8060=DIRECTION('',(0.,0.,1.));
#8061=DIRECTION('',(1.,0.,0.));
#8062=DIRECTION('',(0.,-1.,0.));
#8063=DIRECTION('',(-1.,0.,0.));
#8064=DIRECTION('',(-1.,0.,0.));
#8065=DIRECTION('',(0.,0.,1.));
#8066=DIRECTION('',(0.,-1.,0.));
#8067=DIRECTION('',(0.,0.,-1.));
#8068=DIRECTION('',(0.,0.,1.));
#8069=DIRECTION('',(1.,0.,0.));
#8070=DIRECTION('',(-1.,0.,0.));
#8071=DIRECTION('',(0.,-1.,0.));
#8072=DIRECTION('',(1.,0.,0.));
#8073=DIRECTION('',(0.,0.,1.));
#8074=DIRECTION('',(1.,0.,0.));
#8075=DIRECTION('',(0.,1.,0.));
#8076=DIRECTION('',(0.,0.,1.));
#8077=DIRECTION('',(0.,0.,-1.));
#8078=DIRECTION('',(1.,0.,0.));
#8079=DIRECTION('',(0.,0.,-1.));
#8080=DIRECTION('',(1.,0.,0.));
#8081=DIRECTION('',(1.,-6.30808536718839E-17,0.));
#8082=DIRECTION('',(6.30808536718839E-17,1.,0.));
#8083=DIRECTION('',(0.,0.,-1.));
#8084=DIRECTION('',(-6.30808536718839E-17,-1.,0.));
#8085=DIRECTION('',(-6.30808536718839E-17,-1.,0.));
#8086=DIRECTION('',(0.,-1.,0.));
#8087=DIRECTION('',(0.,0.,-1.));
#8088=DIRECTION('',(0.,0.,-1.));
#8089=DIRECTION('',(-1.,0.,0.));
#8090=DIRECTION('',(-1.,0.,0.));
#8091=DIRECTION('',(1.,-6.30808536718839E-17,0.));
#8092=DIRECTION('',(6.30808536718839E-17,1.,0.));
#8093=DIRECTION('',(-6.30808536718839E-17,-1.,0.));
#8094=DIRECTION('',(-6.30808536718839E-17,-1.,0.));
#8095=DIRECTION('',(0.,0.,1.));
#8096=DIRECTION('',(1.,0.,0.));
#8097=DIRECTION('',(-6.30808536718839E-17,-1.,0.));
#8098=DIRECTION('',(-1.,0.,0.));
#8099=DIRECTION('',(-6.30808536718839E-17,-1.,0.));
#8100=DIRECTION('',(1.,0.,0.));
#8101=DIRECTION('',(0.,0.,1.));
#8102=DIRECTION('',(1.,0.,0.));
#8103=DIRECTION('',(6.30808536718839E-17,1.,0.));
#8104=DIRECTION('',(-1.,6.30808536718839E-17,0.));
#8105=DIRECTION('',(-0.707106781186548,0.707106781186548,0.));
#8106=DIRECTION('',(-0.707106781186548,-0.707106781186548,0.));
#8107=DIRECTION('',(0.707106781186548,0.707106781186548,0.));
#8108=DIRECTION('',(0.707106781186548,-0.707106781186548,0.));
#8109=DIRECTION('',(1.,0.,0.));
#8110=DIRECTION('',(0.,0.,-1.));
#8111=DIRECTION('',(0.707106781186548,-0.707106781186548,0.));
#8112=DIRECTION('',(0.707106781186548,0.707106781186548,0.));
#8113=DIRECTION('',(-1.,0.,0.));
#8114=DIRECTION('',(0.,0.,1.));
#8115=DIRECTION('',(-0.707106781186548,-0.707106781186548,0.));
#8116=DIRECTION('',(-0.707106781186548,0.707106781186548,0.));
#8117=DIRECTION('',(-6.30808536718839E-17,-1.,0.));
#8118=DIRECTION('',(1.,-6.30808536718839E-17,0.));
#8119=DIRECTION('',(0.,0.,1.));
#8120=DIRECTION('',(1.,0.,0.));
#8121=DIRECTION('',(0.,1.,0.));
#8122=DIRECTION('',(0.,0.,1.));
#8123=DIRECTION('',(1.,0.,0.));
#8124=DIRECTION('',(0.,0.,-1.));
#8125=DIRECTION('',(1.,0.,0.));
#8126=DIRECTION('',(0.,0.,-1.));
#8127=DIRECTION('',(1.,0.,0.));
#8128=DIRECTION('',(0.,0.,-1.));
#8129=DIRECTION('',(0.,-1.,0.));
#8130=DIRECTION('',(0.,0.,-1.));
#8131=DIRECTION('',(0.,-1.,0.));
#8132=DIRECTION('',(0.,1.,0.));
#8133=DIRECTION('',(0.,0.,1.));
#8134=DIRECTION('',(1.,0.,0.));
#8135=DIRECTION('',(0.,0.,-1.));
#8136=DIRECTION('',(1.,0.,0.));
#8137=DIRECTION('',(1.,0.,0.));
#8138=DIRECTION('',(0.,0.,-1.));
#8139=DIRECTION('',(0.,-1.,0.));
#8140=DIRECTION('',(0.,-1.,0.));
#8141=DIRECTION('',(0.,0.,1.));
#8142=DIRECTION('',(1.,0.,0.));
#8143=DIRECTION('',(0.,0.,1.));
#8144=DIRECTION('',(1.,0.,0.));
#8145=DIRECTION('',(1.,1.00929365875014E-16,0.));
#8146=DIRECTION('',(0.,0.,-1.));
#8147=DIRECTION('',(0.689937551607361,0.723868893434468,0.));
#8148=DIRECTION('',(-0.723868893434468,0.689937551607361,0.));
#8149=DIRECTION('',(0.689937551607361,0.723868893434468,0.));
#8150=DIRECTION('',(-0.723868893434468,0.689937551607361,0.));
#8151=DIRECTION('',(0.689937551607361,0.723868893434468,0.));
#8152=DIRECTION('',(-0.723868893434468,0.689937551607361,0.));
#8153=DIRECTION('',(-0.689937551607361,-0.723868893434468,0.));
#8154=DIRECTION('',(0.723868893434468,-0.689937551607361,0.));
#8155=DIRECTION('',(0.689937551607361,0.723868893434468,0.));
#8156=DIRECTION('',(-0.723868893434468,0.689937551607361,0.));
#8157=DIRECTION('',(-0.689937551607361,-0.723868893434468,0.));
#8158=DIRECTION('',(0.723868893434468,-0.689937551607361,0.));
#8159=DIRECTION('',(0.689937551607361,0.723868893434468,0.));
#8160=DIRECTION('',(-0.723868893434468,0.689937551607361,0.));
#8161=DIRECTION('',(0.689937551607361,0.723868893434468,0.));
#8162=DIRECTION('',(-0.723868893434468,0.689937551607361,0.));
#8163=DIRECTION('',(1.50085705180808E-16,-1.,7.02579243712464E-31));
#8164=DIRECTION('',(0.723868893434468,1.08642373329564E-16,0.68993755160736));
#8165=DIRECTION('',(0.,1.,0.));
#8166=DIRECTION('',(0.,0.,1.));
#8167=DIRECTION('',(0.,0.,-1.));
#8168=DIRECTION('',(1.,0.,0.));
#8169=DIRECTION('',(0.,0.,-1.));
#8170=DIRECTION('',(1.,0.,0.));
#8171=DIRECTION('',(-1.,-2.01858731750028E-16,0.));
#8172=DIRECTION('',(2.01858731750028E-16,-1.,0.));
#8173=DIRECTION('',(0.,0.,-1.));
#8174=DIRECTION('',(-2.01858731750028E-16,1.,0.));
#8175=DIRECTION('',(-2.01858731750028E-16,1.,0.));
#8176=DIRECTION('',(0.,1.,0.));
#8177=DIRECTION('',(0.,0.,1.));
#8178=DIRECTION('',(0.,0.,-1.));
#8179=DIRECTION('',(-1.,0.,0.));
#8180=DIRECTION('',(1.,0.,0.));
#8181=DIRECTION('',(-1.,-2.01858731750028E-16,0.));
#8182=DIRECTION('',(2.01858731750028E-16,-1.,0.));
#8183=DIRECTION('',(2.01858731750028E-16,-1.,0.));
#8184=DIRECTION('',(-2.01858731750028E-16,1.,0.));
#8185=DIRECTION('',(0.,0.,1.));
#8186=DIRECTION('',(1.,0.,0.));
#8187=DIRECTION('',(1.,0.,0.));
#8188=DIRECTION('',(-2.01858731750028E-16,1.,0.));
#8189=DIRECTION('',(-1.,0.,0.));
#8190=DIRECTION('',(2.01858731750028E-16,-1.,0.));
#8191=DIRECTION('',(0.,0.,1.));
#8192=DIRECTION('',(1.,0.,0.));
#8193=DIRECTION('',(0.707106781186562,1.42735678062164E-16,-0.707106781186533));
#8194=DIRECTION('',(-2.01858731750028E-16,1.,0.));
#8195=DIRECTION('',(0.577350269189611,-0.577350269189632,0.577350269189634));
#8196=DIRECTION('',(-0.577350269189604,-0.577350269189645,-0.577350269189628));
#8197=DIRECTION('',(0.,-0.707106781186537,0.707106781186558));
#8198=DIRECTION('',(-1.,0.,0.));
#8199=DIRECTION('',(-0.577350269189632,0.577350269189631,0.577350269189614));
#8200=DIRECTION('',(0.,-0.707106781186549,-0.707106781186546));
#8201=DIRECTION('',(1.,0.,0.));
#8202=DIRECTION('',(-0.577350269189639,-0.577350269189618,0.577350269189621));
#8203=DIRECTION('',(0.707106781186536,1.42735678062159E-16,0.707106781186559));
#8204=DIRECTION('',(2.01858731750028E-16,-1.,0.));
#8205=DIRECTION('',(0.,0.,1.));
#8206=DIRECTION('',(1.,0.,0.));
#8207=DIRECTION('',(0.,1.,0.));
#8208=DIRECTION('',(0.,0.,1.));
#8209=DIRECTION('',(0.,0.,-1.));
#8210=DIRECTION('',(1.,0.,0.));
#8211=DIRECTION('',(0.,0.,-1.));
#8212=DIRECTION('',(1.,0.,0.));
#8213=DIRECTION('',(-1.,-2.01858731750028E-16,0.));
#8214=DIRECTION('',(2.01858731750028E-16,-1.,0.));
#8215=DIRECTION('',(0.,0.,-1.));
#8216=DIRECTION('',(-2.01858731750028E-16,1.,0.));
#8217=DIRECTION('',(-2.01858731750028E-16,1.,0.));
#8218=DIRECTION('',(0.,1.,0.));
#8219=DIRECTION('',(0.,0.,1.));
#8220=DIRECTION('',(0.,0.,-1.));
#8221=DIRECTION('',(-1.,0.,0.));
#8222=DIRECTION('',(1.,0.,0.));
#8223=DIRECTION('',(-1.,-2.01858731750028E-16,0.));
#8224=DIRECTION('',(2.01858731750028E-16,-1.,0.));
#8225=DIRECTION('',(2.01858731750028E-16,-1.,0.));
#8226=DIRECTION('',(-2.01858731750028E-16,1.,0.));
#8227=DIRECTION('',(0.,0.,1.));
#8228=DIRECTION('',(1.,0.,0.));
#8229=DIRECTION('',(1.,0.,0.));
#8230=DIRECTION('',(-2.01858731750028E-16,1.,0.));
#8231=DIRECTION('',(-1.,0.,0.));
#8232=DIRECTION('',(2.01858731750028E-16,-1.,0.));
#8233=DIRECTION('',(0.,0.,1.));
#8234=DIRECTION('',(1.,0.,0.));
#8235=DIRECTION('',(0.707106781186537,1.42735678062159E-16,-0.707106781186558));
#8236=DIRECTION('',(-2.01858731750028E-16,1.,0.));
#8237=DIRECTION('',(0.577350269189631,-0.577350269189632,0.577350269189614));
#8238=DIRECTION('',(-0.577350269189631,-0.577350269189632,-0.577350269189614));
#8239=DIRECTION('',(0.,-0.707106781186537,0.707106781186558));
#8240=DIRECTION('',(-1.,0.,0.));
#8241=DIRECTION('',(-0.577350269189632,0.577350269189631,0.577350269189614));
#8242=DIRECTION('',(0.,-0.707106781186537,-0.707106781186558));
#8243=DIRECTION('',(1.,0.,0.));
#8244=DIRECTION('',(-0.577350269189632,-0.577350269189632,0.577350269189614));
#8245=DIRECTION('',(0.707106781186536,1.42735678062159E-16,0.707106781186559));
#8246=DIRECTION('',(2.01858731750028E-16,-1.,0.));
#8247=DIRECTION('',(0.,0.,1.));
#8248=DIRECTION('',(1.,0.,0.));
#8249=DIRECTION('',(0.,1.,0.));
#8250=DIRECTION('',(0.,0.,1.));
#8251=DIRECTION('',(0.,0.,-1.));
#8252=DIRECTION('',(1.,0.,0.));
#8253=DIRECTION('',(0.,0.,-1.));
#8254=DIRECTION('',(1.,0.,0.));
#8255=DIRECTION('',(-1.,-2.01858731750028E-16,0.));
#8256=DIRECTION('',(2.01858731750028E-16,-1.,0.));
#8257=DIRECTION('',(0.,0.,-1.));
#8258=DIRECTION('',(-2.01858731750028E-16,1.,0.));
#8259=DIRECTION('',(-2.01858731750028E-16,1.,0.));
#8260=DIRECTION('',(0.,1.,0.));
#8261=DIRECTION('',(0.,0.,1.));
#8262=DIRECTION('',(0.,0.,-1.));
#8263=DIRECTION('',(-1.,0.,0.));
#8264=DIRECTION('',(1.,0.,0.));
#8265=DIRECTION('',(-1.,-2.01858731750028E-16,0.));
#8266=DIRECTION('',(2.01858731750028E-16,-1.,0.));
#8267=DIRECTION('',(2.01858731750028E-16,-1.,0.));
#8268=DIRECTION('',(-2.01858731750028E-16,1.,0.));
#8269=DIRECTION('',(0.,0.,1.));
#8270=DIRECTION('',(1.,0.,0.));
#8271=DIRECTION('',(1.,0.,0.));
#8272=DIRECTION('',(-2.01858731750028E-16,1.,0.));
#8273=DIRECTION('',(-1.,0.,0.));
#8274=DIRECTION('',(2.01858731750028E-16,-1.,0.));
#8275=DIRECTION('',(0.,0.,1.));
#8276=DIRECTION('',(1.,0.,0.));
#8277=DIRECTION('',(0.707106781186562,1.42735678062164E-16,-0.707106781186533));
#8278=DIRECTION('',(-2.01858731750028E-16,1.,0.));
#8279=DIRECTION('',(0.577350269189611,-0.577350269189632,0.577350269189634));
#8280=DIRECTION('',(-0.577350269189604,-0.577350269189645,-0.577350269189628));
#8281=DIRECTION('',(0.,-0.707106781186537,0.707106781186558));
#8282=DIRECTION('',(-1.,0.,0.));
#8283=DIRECTION('',(-0.577350269189632,0.577350269189631,0.577350269189614));
#8284=DIRECTION('',(0.,-0.707106781186549,-0.707106781186546));
#8285=DIRECTION('',(1.,0.,0.));
#8286=DIRECTION('',(-0.577350269189639,-0.577350269189618,0.577350269189621));
#8287=DIRECTION('',(0.707106781186536,1.42735678062159E-16,0.707106781186559));
#8288=DIRECTION('',(2.01858731750028E-16,-1.,0.));
#8289=DIRECTION('',(0.,0.,1.));
#8290=DIRECTION('',(1.,0.,0.));
#8291=DIRECTION('',(0.,1.,0.));
#8292=DIRECTION('',(0.,0.,1.));
#8293=DIRECTION('',(1.,0.,0.));
#8294=DIRECTION('',(0.,0.,-1.));
#8295=DIRECTION('',(1.,0.,0.));
#8296=DIRECTION('',(0.,0.,-1.));
#8297=DIRECTION('',(1.,0.,0.));
#8298=DIRECTION('',(0.,0.,-1.));
#8299=DIRECTION('',(0.,-1.,0.));
#8300=DIRECTION('',(0.,0.,-1.));
#8301=DIRECTION('',(0.,-1.,0.));
#8302=DIRECTION('',(0.,1.,0.));
#8303=DIRECTION('',(0.,0.,1.));
#8304=DIRECTION('',(1.,0.,0.));
#8305=DIRECTION('',(0.,0.,-1.));
#8306=DIRECTION('',(1.,0.,0.));
#8307=DIRECTION('',(1.,0.,0.));
#8308=DIRECTION('',(0.,0.,-1.));
#8309=DIRECTION('',(0.,-1.,0.));
#8310=DIRECTION('',(0.,-1.,0.));
#8311=DIRECTION('',(0.,0.,1.));
#8312=DIRECTION('',(1.,0.,0.));
#8313=DIRECTION('',(0.,0.,1.));
#8314=DIRECTION('',(1.,0.,0.));
#8315=DIRECTION('',(1.02798428206033E-16,-1.,-1.12540062171968E-63));
#8316=DIRECTION('',(1.,1.02798428206033E-16,0.));
#8317=CARTESIAN_POINT('',(0.,0.,0.));
#8318=CARTESIAN_POINT('',(0.00747387530312618,0.0609048678922547,0.0025));
#8319=CARTESIAN_POINT('',(-0.0625261246968738,0.0609048678922547,0.0025));
#8320=CARTESIAN_POINT('',(-0.0625261246968738,0.0609048678922547,0.001));
#8321=CARTESIAN_POINT('',(-0.0625261246968738,0.0609048678922547,0.));
#8322=CARTESIAN_POINT('',(0.00747387530312618,0.0609048678922547,0.001));
#8323=CARTESIAN_POINT('',(0.0774738753031262,0.0609048678922547,0.001));
#8324=CARTESIAN_POINT('',(0.0774738753031262,0.0609048678922547,0.0025));
#8325=CARTESIAN_POINT('',(0.0774738753031262,0.0609048678922547,0.));
#8326=CARTESIAN_POINT('',(0.00747387530312618,0.0609048678922547,0.));
#8327=CARTESIAN_POINT('',(-0.0625261246968738,-0.00909513210774532,0.0025));
#8328=CARTESIAN_POINT('',(-0.0625261246968738,-0.00909513210774532,0.001));
#8329=CARTESIAN_POINT('',(-0.0625261246968738,-0.0790951321077453,0.001));
#8330=CARTESIAN_POINT('',(-0.0625261246968738,-0.00909513210774532,0.));
#8331=CARTESIAN_POINT('',(-0.0625261246968738,-0.0790951321077453,0.));
#8332=CARTESIAN_POINT('',(-0.0625261246968738,-0.0790951321077453,0.0025));
#8333=CARTESIAN_POINT('',(0.0774738753031262,-0.00909513210774531,0.0025));
#8334=CARTESIAN_POINT('',(0.0774738753031262,-0.00909513210774531,0.001));
#8335=CARTESIAN_POINT('',(0.0774738753031262,-0.0790951321077453,0.001));
#8336=CARTESIAN_POINT('',(0.0774738753031262,-0.0790951321077453,0.0025));
#8337=CARTESIAN_POINT('',(0.0774738753031262,-0.0790951321077453,0.));
#8338=CARTESIAN_POINT('',(0.0774738753031262,-0.00909513210774531,0.));
#8339=CARTESIAN_POINT('',(0.0074738753031262,-0.0790951321077453,0.0025));
#8340=CARTESIAN_POINT('',(0.0074738753031262,-0.0790951321077453,0.001));
#8341=CARTESIAN_POINT('',(-0.0600261246968738,-0.0790951321077453,0.001));
#8342=CARTESIAN_POINT('',(0.0074738753031262,-0.0790951321077453,0.));
#8343=CARTESIAN_POINT('',(0.0074738753031262,-0.0790951321077453,0.001));
#8344=CARTESIAN_POINT('',(0.0749738753031262,-0.0790951321077453,0.001));
#8345=CARTESIAN_POINT('',(0.0749738753031262,-0.0790951321077453,0.001));
#8346=CARTESIAN_POINT('',(0.0749738753031262,-0.0790951321077453,0.0025));
#8347=CARTESIAN_POINT('',(0.0074738753031262,-0.0790951321077453,0.0025));
#8348=CARTESIAN_POINT('',(-0.0600261246968738,-0.0790951321077453,0.0025));
#8349=CARTESIAN_POINT('',(-0.0600261246968738,-0.0790951321077453,0.001));
#8350=CARTESIAN_POINT('',(0.0074738753031262,-0.00909513210774532,0.0025));
#8351=CARTESIAN_POINT('',(-0.0600261246968738,-0.0103451321077453,0.0025));
#8352=CARTESIAN_POINT('',(-0.0600261246968738,0.0584048678922547,0.0025));
#8353=CARTESIAN_POINT('',(0.0749738753031262,-0.0103451321077453,0.0025));
#8354=CARTESIAN_POINT('',(0.0749738753031262,0.0584048678922547,0.0025));
#8355=CARTESIAN_POINT('',(0.00747387530312617,0.0584048678922547,0.0025));
#8356=CARTESIAN_POINT('',(0.0074738753031262,-0.00909513210774532,0.));
#8357=CARTESIAN_POINT('',(-0.0600261246968738,-0.0103451321077453,0.001));
#8358=CARTESIAN_POINT('',(-0.0600261246968738,0.0584048678922547,0.001));
#8359=CARTESIAN_POINT('',(-0.0600261246968738,0.0584048678922547,0.001));
#8360=CARTESIAN_POINT('',(-0.0600261246968738,-0.0103451321077453,0.001));
#8361=CARTESIAN_POINT('',(0.00747387530312617,0.0584048678922547,0.001));
#8362=CARTESIAN_POINT('',(0.0749738753031262,0.0584048678922547,0.001));
#8363=CARTESIAN_POINT('',(0.0749738753031262,0.0584048678922547,0.001));
#8364=CARTESIAN_POINT('',(0.00747387530312617,0.0584048678922547,0.001));
#8365=CARTESIAN_POINT('',(0.0749738753031262,-0.0103451321077453,0.001));
#8366=CARTESIAN_POINT('',(0.0749738753031262,-0.0103451321077453,0.001));
#8367=CARTESIAN_POINT('',(0.00747387530312618,-0.00909513210774532,0.001));
#8368=CARTESIAN_POINT('',(-0.0736787510107525,0.0215973264899956,0.0147550485968827));
#8369=CARTESIAN_POINT('',(-0.0172518063886091,0.048,0.039));
#8370=CARTESIAN_POINT('',(-0.032,0.048,0.039));
#8371=CARTESIAN_POINT('',(-0.032,0.048,0.037));
#8372=CARTESIAN_POINT('',(-0.032,0.048,0.033));
#8373=CARTESIAN_POINT('',(-0.0172518063886091,0.048,0.037));
#8374=CARTESIAN_POINT('',(-0.00250361277721823,0.048,0.037));
#8375=CARTESIAN_POINT('',(-0.00250361277721823,0.048,0.039));
#8376=CARTESIAN_POINT('',(-0.00250361277721823,0.048,0.033));
#8377=CARTESIAN_POINT('',(-0.0172518063886091,0.048,0.033));
#8378=CARTESIAN_POINT('',(-0.032,0.038,0.039));
#8379=CARTESIAN_POINT('',(-0.032,0.028,0.039));
#8380=CARTESIAN_POINT('',(-0.032,0.028,0.037));
#8381=CARTESIAN_POINT('',(-0.032,0.028,0.033));
#8382=CARTESIAN_POINT('',(-0.032,0.048,0.037));
#8383=CARTESIAN_POINT('',(-0.032,0.038,0.033));
#8384=CARTESIAN_POINT('',(-0.0172518063886091,0.028,0.039));
#8385=CARTESIAN_POINT('',(-0.00250361277721823,0.028,0.039));
#8386=CARTESIAN_POINT('',(-0.00250361277721823,0.028,0.037));
#8387=CARTESIAN_POINT('',(-0.00250361277721823,0.028,0.033));
#8388=CARTESIAN_POINT('',(-0.032,0.028,0.037));
#8389=CARTESIAN_POINT('',(-0.0172518063886091,0.028,0.033));
#8390=CARTESIAN_POINT('',(-0.00250361277721823,0.038,0.039));
#8391=CARTESIAN_POINT('',(-0.00250361277721823,0.038,0.037));
#8392=CARTESIAN_POINT('',(-0.00250361277721823,0.038,0.033));
#8393=CARTESIAN_POINT('',(0.,-0.0025,0.039));
#8394=CARTESIAN_POINT('',(-0.00250361277721823,0.03,0.039));
#8395=CARTESIAN_POINT('',(-0.03,0.03,0.039));
#8396=CARTESIAN_POINT('',(-0.00450361277721822,0.03,0.039));
#8397=CARTESIAN_POINT('',(-0.00450361277721822,-0.0025,0.039));
#8398=CARTESIAN_POINT('',(-0.00450361277721822,0.046,0.039));
#8399=CARTESIAN_POINT('',(0.,0.046,0.039));
#8400=CARTESIAN_POINT('',(-0.03,0.046,0.039));
#8401=CARTESIAN_POINT('',(-0.03,0.028,0.039));
#8402=CARTESIAN_POINT('',(0.,-0.0025,0.033));
#8403=CARTESIAN_POINT('',(-0.03,-0.0025,0.037));
#8404=CARTESIAN_POINT('',(-0.03,0.03,0.037));
#8405=CARTESIAN_POINT('',(-0.03,0.046,0.037));
#8406=CARTESIAN_POINT('',(-0.0172518063886091,0.046,0.037));
#8407=CARTESIAN_POINT('',(-0.00450361277721822,0.046,0.037));
#8408=CARTESIAN_POINT('',(0.,0.03,0.037));
#8409=CARTESIAN_POINT('',(-0.00450361277721822,0.03,0.037));
#8410=CARTESIAN_POINT('',(-0.00450361277721822,0.038,0.037));
#8411=CARTESIAN_POINT('',(-0.0985048757076263,0.0223021943822504,0.0202550485968828));
#8412=CARTESIAN_POINT('',(-2.16840434497101E-18,-0.00838766898959876,0.0037));
#8413=CARTESIAN_POINT('',(0.00747550085979513,0.013573537924338,0.0037));
#8414=CARTESIAN_POINT('',(0.00747550085979513,0.013573537924338,0.0033));
#8415=CARTESIAN_POINT('',(0.00747550085979513,0.013573537924338,0.0025));
#8416=CARTESIAN_POINT('',(-2.16840434497101E-18,-0.00838766898959876,0.0033));
#8417=CARTESIAN_POINT('',(0.00836791800043501,-0.0300245742803176,0.0033));
#8418=CARTESIAN_POINT('',(0.00836791800043501,-0.0300245742803176,0.0037));
#8419=CARTESIAN_POINT('',(0.00836791800043501,-0.0300245742803176,0.0025));
#8420=CARTESIAN_POINT('',(-2.16840434497101E-18,-0.00838766898959876,0.0025));
#8421=CARTESIAN_POINT('',(0.00844899006187926,-0.00821472518146516,0.0037));
#8422=CARTESIAN_POINT('',(0.00844899006187926,-0.00821472518146516,0.0033));
#8423=CARTESIAN_POINT('',(0.00844899006187926,-0.00821472518146516,0.0025));
#8424=CARTESIAN_POINT('',(0.00542008897642705,-0.00845357467347029,0.0037));
#8425=CARTESIAN_POINT('',(0.00542008897642705,-0.00845357467347029,0.0033));
#8426=CARTESIAN_POINT('',(0.0404200889764271,-0.00845357467347029,0.0033));
#8427=CARTESIAN_POINT('',(0.00542008897642705,-0.00845357467347029,0.0025));
#8428=CARTESIAN_POINT('',(0.0404200889764271,-0.00845357467347029,0.0025));
#8429=CARTESIAN_POINT('',(0.00747387530312618,-0.0103451321077453,0.0037));
#8430=CARTESIAN_POINT('',(-2.16840434497101E-18,-0.00838766898959876,0.0037));
#8431=CARTESIAN_POINT('',(0.0104885823338513,-0.029527354159007,0.0037));
#8432=CARTESIAN_POINT('',(0.00961473571701368,0.0131635144008246,0.0037));
#8433=CARTESIAN_POINT('',(0.00844899006187926,-0.00821472518146516,0.0037));
#8434=CARTESIAN_POINT('',(0.00542008897642705,-0.00845357467347029,0.0037));
#8435=CARTESIAN_POINT('',(0.040020088976427,-0.00845357467347029,0.0037));
#8436=CARTESIAN_POINT('',(0.00747387530312618,-0.0103451321077453,0.0025));
#8437=CARTESIAN_POINT('',(-2.16840434497101E-18,-0.00838766898959876,0.0033));
#8438=CARTESIAN_POINT('',(0.00836791800043501,-0.0300245742803176,0.0033));
#8439=CARTESIAN_POINT('',(0.00836791800043501,-0.0300245742803176,0.0033488380548456));
#8440=CARTESIAN_POINT('',(0.00845024161576001,-0.0300093445885949,0.0034184293074599));
#8441=CARTESIAN_POINT('',(0.0086164421592918,-0.0299775330666379,0.00349372263244667));
#8442=CARTESIAN_POINT('',(0.00884460547177129,-0.0299318719223085,0.00355665056668888));
#8443=CARTESIAN_POINT('',(0.00911589094488413,-0.0298740453029584,0.00360722213662186));
#8444=CARTESIAN_POINT('',(0.00948189764697812,-0.0297914027734358,0.00365609949318412));
#8445=CARTESIAN_POINT('',(0.00994229955442699,-0.0296783612695672,0.00369122340807302));
#8446=CARTESIAN_POINT('',(0.0103037309734714,-0.0295800772141477,0.0037));
#8447=CARTESIAN_POINT('',(0.0104885823338514,-0.029527354159007,0.0037));
#8448=CARTESIAN_POINT('',(0.00747550085979513,0.013573537924338,0.0033));
#8449=CARTESIAN_POINT('',(0.00747550085979513,0.013573537924338,0.00334883805486157));
#8450=CARTESIAN_POINT('',(0.0075583787361732,0.0135616897699074,0.00341842930745247));
#8451=CARTESIAN_POINT('',(0.00772574183175309,0.0135367060185638,0.00349372263245078));
#8452=CARTESIAN_POINT('',(0.00795558253794942,0.0135004198360374,0.00355665056668736));
#8453=CARTESIAN_POINT('',(0.0082290071104155,0.0134537429788398,0.00360722213662217));
#8454=CARTESIAN_POINT('',(0.00859808906785423,0.0133861471035524,0.00365609949318384));
#8455=CARTESIAN_POINT('',(0.00906273112538645,0.0132920404812245,0.00369122340807306));
#8456=CARTESIAN_POINT('',(0.00942788170199933,0.0132086289557085,0.0037));
#8457=CARTESIAN_POINT('',(0.00961473571701378,0.0131635144008245,0.0037));
#8458=CARTESIAN_POINT('',(0.00844899006187926,-0.00821472518146516,0.0033));
#8459=CARTESIAN_POINT('',(0.00542008897642705,-0.00845357467347029,0.0033));
#8460=CARTESIAN_POINT('',(-0.0746538657695056,0.00178746920078517,0.0239550485968827));
#8461=CARTESIAN_POINT('',(0.00747387530312619,0.0409048678922546,0.0055));
#8462=CARTESIAN_POINT('',(-0.0600261246968738,0.0409048678922546,0.0055));
#8463=CARTESIAN_POINT('',(-0.0600261246968738,0.0409048678922546,0.0053));
#8464=CARTESIAN_POINT('',(-0.0600261246968738,0.0409048678922546,0.004));
#8465=CARTESIAN_POINT('',(0.00747387530312619,0.0409048678922546,0.0053));
#8466=CARTESIAN_POINT('',(0.0749738753031262,0.0409048678922546,0.0053));
#8467=CARTESIAN_POINT('',(0.0749738753031262,0.0409048678922546,0.0055));
#8468=CARTESIAN_POINT('',(0.0749738753031262,0.0409048678922546,0.004));
#8469=CARTESIAN_POINT('',(0.00747387530312619,0.0409048678922546,0.004));
#8470=CARTESIAN_POINT('',(-0.0600261246968738,0.0946548678922547,0.0055));
#8471=CARTESIAN_POINT('',(-0.0600261246968738,0.0259048678922546,0.0055));
#8472=CARTESIAN_POINT('',(-0.0600261246968738,0.0259048678922546,0.0053));
#8473=CARTESIAN_POINT('',(-0.0600261246968738,0.0259048678922546,0.004));
#8474=CARTESIAN_POINT('',(-0.0600261246968738,0.0946548678922547,0.0053));
#8475=CARTESIAN_POINT('',(-0.0600261246968738,0.0946548678922547,0.004));
#8476=CARTESIAN_POINT('',(0.0074738753031262,0.0259048678922546,0.0055));
#8477=CARTESIAN_POINT('',(0.0749738753031262,0.0259048678922546,0.0055));
#8478=CARTESIAN_POINT('',(0.0749738753031262,0.0259048678922546,0.0053));
#8479=CARTESIAN_POINT('',(0.0749738753031262,0.0259048678922546,0.004));
#8480=CARTESIAN_POINT('',(-0.0600261246968738,0.0259048678922546,0.0053));
#8481=CARTESIAN_POINT('',(0.0074738753031262,0.0259048678922546,0.004));
#8482=CARTESIAN_POINT('',(0.0749738753031262,0.0946548678922547,0.0055));
#8483=CARTESIAN_POINT('',(0.0749738753031262,0.0259048678922546,0.0053));
#8484=CARTESIAN_POINT('',(0.0749738753031262,0.0946548678922547,0.004));
#8485=CARTESIAN_POINT('',(0.00747387530312618,0.0934048678922547,0.0055));
#8486=CARTESIAN_POINT('',(0.0749738753031262,0.0261048678922547,0.0055));
#8487=CARTESIAN_POINT('',(-0.0598261246968738,0.0261048678922547,0.0055));
#8488=CARTESIAN_POINT('',(0.0747738753031262,0.0261048678922547,0.0055));
#8489=CARTESIAN_POINT('',(0.0747738753031262,0.0409048678922546,0.0055));
#8490=CARTESIAN_POINT('',(0.0747738753031262,0.0407048678922547,0.0055));
#8491=CARTESIAN_POINT('',(0.00747387530312618,0.0407048678922547,0.0055));
#8492=CARTESIAN_POINT('',(-0.0598261246968738,0.0407048678922547,0.0055));
#8493=CARTESIAN_POINT('',(-0.0598261246968738,0.0934048678922547,0.0055));
#8494=CARTESIAN_POINT('',(0.00747387530312618,0.0934048678922547,0.004));
#8495=CARTESIAN_POINT('',(-0.0600261246968738,0.0946548678922547,0.0053));
#8496=CARTESIAN_POINT('',(-0.037526124696875,0.018404867892255,0.0278));
#8497=CARTESIAN_POINT('',(-0.0371094580302073,0.0488215345589229,0.0282166666666675));
#8498=CARTESIAN_POINT('',(0.00747387530312618,0.0261048678922547,0.0055));
#8499=CARTESIAN_POINT('',(0.0523405419697924,0.0485382012255885,0.0279333333333331));
#8500=CARTESIAN_POINT('',(0.00747387530312619,0.0409048678922546,0.0053));
#8501=CARTESIAN_POINT('',(0.0524738753031252,0.0184048678922544,0.0278));
#8502=CARTESIAN_POINT('',(0.0747738753031262,0.0934048678922547,0.0055));
#8503=CARTESIAN_POINT('',(-0.0736787510107525,0.0215973264899956,0.0147550485968827));
#8504=CARTESIAN_POINT('',(0.017,0.048,0.039));
#8505=CARTESIAN_POINT('',(0.002,0.048,0.039));
#8506=CARTESIAN_POINT('',(0.002,0.048,0.037));
#8507=CARTESIAN_POINT('',(0.002,0.048,0.033));
#8508=CARTESIAN_POINT('',(0.017,0.048,0.037));
#8509=CARTESIAN_POINT('',(0.032,0.048,0.037));
#8510=CARTESIAN_POINT('',(0.032,0.048,0.039));
#8511=CARTESIAN_POINT('',(0.032,0.048,0.033));
#8512=CARTESIAN_POINT('',(0.017,0.048,0.033));
#8513=CARTESIAN_POINT('',(0.002,0.038,0.039));
#8514=CARTESIAN_POINT('',(0.002,0.028,0.039));
#8515=CARTESIAN_POINT('',(0.002,0.028,0.037));
#8516=CARTESIAN_POINT('',(0.002,0.028,0.033));
#8517=CARTESIAN_POINT('',(0.002,0.048,0.037));
#8518=CARTESIAN_POINT('',(0.002,0.038,0.033));
#8519=CARTESIAN_POINT('',(0.017,0.028,0.039));
#8520=CARTESIAN_POINT('',(0.032,0.028,0.039));
#8521=CARTESIAN_POINT('',(0.032,0.028,0.037));
#8522=CARTESIAN_POINT('',(0.032,0.028,0.033));
#8523=CARTESIAN_POINT('',(0.002,0.028,0.037));
#8524=CARTESIAN_POINT('',(0.017,0.028,0.033));
#8525=CARTESIAN_POINT('',(0.032,0.038,0.039));
#8526=CARTESIAN_POINT('',(0.032,0.038,0.037));
#8527=CARTESIAN_POINT('',(0.032,0.038,0.033));
#8528=CARTESIAN_POINT('',(0.,-0.0025,0.039));
#8529=CARTESIAN_POINT('',(0.004,0.028,0.039));
#8530=CARTESIAN_POINT('',(0.004,0.046,0.039));
#8531=CARTESIAN_POINT('',(0.004,0.03,0.039));
#8532=CARTESIAN_POINT('',(0.032,0.03,0.039));
#8533=CARTESIAN_POINT('',(0.03,0.03,0.039));
#8534=CARTESIAN_POINT('',(0.03,-0.0025,0.039));
#8535=CARTESIAN_POINT('',(0.03,0.046,0.039));
#8536=CARTESIAN_POINT('',(0.,0.046,0.039));
#8537=CARTESIAN_POINT('',(0.,-0.0025,0.033));
#8538=CARTESIAN_POINT('',(0.004,-0.0025,0.037));
#8539=CARTESIAN_POINT('',(0.004,0.03,0.037));
#8540=CARTESIAN_POINT('',(0.004,0.046,0.037));
#8541=CARTESIAN_POINT('',(0.017,0.046,0.037));
#8542=CARTESIAN_POINT('',(0.03,0.046,0.037));
#8543=CARTESIAN_POINT('',(0.,0.03,0.037));
#8544=CARTESIAN_POINT('',(0.03,0.03,0.037));
#8545=CARTESIAN_POINT('',(0.03,0.038,0.037));
#8546=CARTESIAN_POINT('',(-0.0985048757076263,0.0223021943822504,0.0202550485968828));
#8547=CARTESIAN_POINT('',(0.,0.,0.));
#8548=CARTESIAN_POINT('',(0.0325,-0.0483455126194233,0.));
#8549=CARTESIAN_POINT('',(0.035,-0.0483455126194233,0.));
#8550=CARTESIAN_POINT('',(0.03,-0.0483455126194233,0.));
#8551=CARTESIAN_POINT('',(0.035,6.93889390390723E-18,0.));
#8552=CARTESIAN_POINT('',(0.035,-0.055,0.));
#8553=CARTESIAN_POINT('',(0.,-0.055,0.));
#8554=CARTESIAN_POINT('',(0.03,-0.055,0.));
#8555=CARTESIAN_POINT('',(0.03,-0.0516727563097117,0.));
#8556=CARTESIAN_POINT('',(0.,0.,0.));
#8557=CARTESIAN_POINT('',(-0.03,-0.0525,0.));
#8558=CARTESIAN_POINT('',(-0.03,-0.055,0.));
#8559=CARTESIAN_POINT('',(-0.03,-0.05,0.));
#8560=CARTESIAN_POINT('',(0.,-0.055,0.));
#8561=CARTESIAN_POINT('',(-0.035,-0.055,0.));
#8562=CARTESIAN_POINT('',(-0.035,-6.93889390390723E-18,0.));
#8563=CARTESIAN_POINT('',(-0.035,-0.05,0.));
#8564=CARTESIAN_POINT('',(-0.0325,-0.05,0.));
#8565=CARTESIAN_POINT('',(0.,0.,0.));
#8566=CARTESIAN_POINT('',(-0.0325,0.05,0.));
#8567=CARTESIAN_POINT('',(-0.035,0.05,0.));
#8568=CARTESIAN_POINT('',(-0.03,0.05,0.));
#8569=CARTESIAN_POINT('',(-0.035,-6.93889390390723E-18,0.));
#8570=CARTESIAN_POINT('',(-0.035,0.055,0.));
#8571=CARTESIAN_POINT('',(0.,0.055,0.));
#8572=CARTESIAN_POINT('',(-0.03,0.055,0.));
#8573=CARTESIAN_POINT('',(-0.03,0.0525,0.));
#8574=CARTESIAN_POINT('',(0.,0.,0.));
#8575=CARTESIAN_POINT('',(0.03,0.0525,0.));
#8576=CARTESIAN_POINT('',(0.03,0.055,0.));
#8577=CARTESIAN_POINT('',(0.03,0.05,0.));
#8578=CARTESIAN_POINT('',(0.,0.055,0.));
#8579=CARTESIAN_POINT('',(0.035,0.055,0.));
#8580=CARTESIAN_POINT('',(0.035,6.93889390390723E-18,0.));
#8581=CARTESIAN_POINT('',(0.035,0.05,0.));
#8582=CARTESIAN_POINT('',(0.0325,0.05,0.));
#8583=CARTESIAN_POINT('',(0.035,6.93889390390723E-18,0.025));
#8584=CARTESIAN_POINT('',(0.035,6.93889390390723E-18,0.02));
#8585=CARTESIAN_POINT('',(0.035,0.05,0.02));
#8586=CARTESIAN_POINT('',(0.035,-0.0483455126194233,0.02));
#8587=CARTESIAN_POINT('',(0.035,0.05,0.02));
#8588=CARTESIAN_POINT('',(0.035,0.055,0.025));
#8589=CARTESIAN_POINT('',(0.035,0.055,0.06));
#8590=CARTESIAN_POINT('',(0.035,6.93889390390723E-18,0.06));
#8591=CARTESIAN_POINT('',(0.035,0.05,0.06));
#8592=CARTESIAN_POINT('',(0.035,0.05,0.06));
#8593=CARTESIAN_POINT('',(0.035,0.05,0.025));
#8594=CARTESIAN_POINT('',(0.035,6.93889390390723E-18,0.025));
#8595=CARTESIAN_POINT('',(0.035,-0.055,0.025));
#8596=CARTESIAN_POINT('',(0.035,-0.055,0.025));
#8597=CARTESIAN_POINT('',(0.035,-0.0483455126194233,0.02));
#8598=CARTESIAN_POINT('',(0.,-0.055,0.025));
#8599=CARTESIAN_POINT('',(0.,-0.055,0.02));
#8600=CARTESIAN_POINT('',(0.03,-0.055,0.02));
#8601=CARTESIAN_POINT('',(-0.03,-0.055,0.02));
#8602=CARTESIAN_POINT('',(0.03,-0.055,0.02));
#8603=CARTESIAN_POINT('',(0.,-0.055,0.025));
#8604=CARTESIAN_POINT('',(-0.035,-0.055,0.025));
#8605=CARTESIAN_POINT('',(-0.035,-0.055,0.025));
#8606=CARTESIAN_POINT('',(-0.03,-0.055,0.02));
#8607=CARTESIAN_POINT('',(0.,0.055,0.025));
#8608=CARTESIAN_POINT('',(0.,0.055,0.02));
#8609=CARTESIAN_POINT('',(0.03,0.055,0.02));
#8610=CARTESIAN_POINT('',(-0.03,0.055,0.02));
#8611=CARTESIAN_POINT('',(-0.03,0.055,0.02));
#8612=CARTESIAN_POINT('',(-0.035,0.055,0.025));
#8613=CARTESIAN_POINT('',(-0.035,0.055,0.06));
#8614=CARTESIAN_POINT('',(0.,0.055,0.06));
#8615=CARTESIAN_POINT('',(0.03,0.055,0.02));
#8616=CARTESIAN_POINT('',(-0.035,-6.93889390390723E-18,0.025));
#8617=CARTESIAN_POINT('',(-0.035,-6.93889390390723E-18,0.02));
#8618=CARTESIAN_POINT('',(-0.035,0.05,0.02));
#8619=CARTESIAN_POINT('',(-0.035,-0.05,0.02));
#8620=CARTESIAN_POINT('',(-0.035,-0.05,0.02));
#8621=CARTESIAN_POINT('',(-0.035,-6.93889390390723E-18,0.025));
#8622=CARTESIAN_POINT('',(-0.035,0.05,0.025));
#8623=CARTESIAN_POINT('',(-0.035,0.05,0.06));
#8624=CARTESIAN_POINT('',(-0.035,0.05,0.06));
#8625=CARTESIAN_POINT('',(-0.035,-6.93889390390723E-18,0.06));
#8626=CARTESIAN_POINT('',(-0.035,0.05,0.02));
#8627=CARTESIAN_POINT('',(0.,0.,0.025));
#8628=CARTESIAN_POINT('',(0.,0.05,0.025));
#8629=CARTESIAN_POINT('',(0.,0.05,0.06));
#8630=CARTESIAN_POINT('',(0.,0.05,0.06));
#8631=CARTESIAN_POINT('',(0.,0.,0.06));
#8632=CARTESIAN_POINT('',(0.0325,-0.0483455126194233,0.02));
#8633=CARTESIAN_POINT('',(0.03,-0.0483455126194233,0.02));
#8634=CARTESIAN_POINT('',(0.03,-0.0483455126194233,0.02));
#8635=CARTESIAN_POINT('',(0.0325,-0.0483455126194233,0.02));
#8636=CARTESIAN_POINT('',(0.03,-0.0516727563097117,0.02));
#8637=CARTESIAN_POINT('',(0.03,-0.0516727563097117,0.02));
#8638=CARTESIAN_POINT('',(-0.03,-0.0525,0.02));
#8639=CARTESIAN_POINT('',(-0.03,-0.05,0.02));
#8640=CARTESIAN_POINT('',(-0.03,-0.05,0.02));
#8641=CARTESIAN_POINT('',(-0.03,-0.0525,0.02));
#8642=CARTESIAN_POINT('',(-0.0325,-0.05,0.02));
#8643=CARTESIAN_POINT('',(-0.0325,-0.05,0.02));
#8644=CARTESIAN_POINT('',(-0.0325,0.05,0.02));
#8645=CARTESIAN_POINT('',(-0.03,0.05,0.02));
#8646=CARTESIAN_POINT('',(-0.03,0.05,0.02));
#8647=CARTESIAN_POINT('',(-0.0325,0.05,0.02));
#8648=CARTESIAN_POINT('',(-0.03,0.0525,0.02));
#8649=CARTESIAN_POINT('',(-0.03,0.0525,0.02));
#8650=CARTESIAN_POINT('',(0.03,0.0525,0.02));
#8651=CARTESIAN_POINT('',(0.03,0.05,0.02));
#8652=CARTESIAN_POINT('',(0.03,0.05,0.02));
#8653=CARTESIAN_POINT('',(0.03,0.0525,0.02));
#8654=CARTESIAN_POINT('',(0.0325,0.05,0.02));
#8655=CARTESIAN_POINT('',(0.0325,0.05,0.02));
#8656=CARTESIAN_POINT('',(0.,0.,0.02));
#8657=CARTESIAN_POINT('',(-0.0985048757076263,0.0223021943822504,0.0202550485968828));
#8658=CARTESIAN_POINT('',(0.00747387530312619,-0.0190951321077453,0.0055));
#8659=CARTESIAN_POINT('',(-0.0600261246968738,-0.0190951321077453,0.0055));
#8660=CARTESIAN_POINT('',(-0.0600261246968738,-0.0190951321077453,0.0053));
#8661=CARTESIAN_POINT('',(-0.0600261246968738,-0.0190951321077453,0.004));
#8662=CARTESIAN_POINT('',(0.00747387530312619,-0.0190951321077453,0.0053));
#8663=CARTESIAN_POINT('',(0.0749738753031262,-0.0190951321077453,0.0053));
#8664=CARTESIAN_POINT('',(0.0749738753031262,-0.0190951321077453,0.0055));
#8665=CARTESIAN_POINT('',(0.0749738753031262,-0.0190951321077453,0.004));
#8666=CARTESIAN_POINT('',(0.00747387530312619,-0.0190951321077453,0.004));
#8667=CARTESIAN_POINT('',(-0.0600261246968738,0.0346548678922547,0.0055));
#8668=CARTESIAN_POINT('',(-0.0600261246968738,-0.0340951321077454,0.0055));
#8669=CARTESIAN_POINT('',(-0.0600261246968738,-0.0340951321077454,0.0053));
#8670=CARTESIAN_POINT('',(-0.0600261246968738,-0.0340951321077454,0.004));
#8671=CARTESIAN_POINT('',(-0.0600261246968738,0.0346548678922547,0.0053));
#8672=CARTESIAN_POINT('',(-0.0600261246968738,0.0346548678922547,0.004));
#8673=CARTESIAN_POINT('',(0.0074738753031262,-0.0340951321077454,0.0055));
#8674=CARTESIAN_POINT('',(0.0749738753031262,-0.0340951321077454,0.0055));
#8675=CARTESIAN_POINT('',(0.0749738753031262,-0.0340951321077454,0.0053));
#8676=CARTESIAN_POINT('',(0.0749738753031262,-0.0340951321077454,0.004));
#8677=CARTESIAN_POINT('',(-0.0600261246968738,-0.0340951321077454,0.0053));
#8678=CARTESIAN_POINT('',(0.0074738753031262,-0.0340951321077454,0.004));
#8679=CARTESIAN_POINT('',(0.0749738753031262,0.0346548678922547,0.0055));
#8680=CARTESIAN_POINT('',(0.0749738753031262,-0.0340951321077454,0.0053));
#8681=CARTESIAN_POINT('',(0.0749738753031262,0.0346548678922547,0.004));
#8682=CARTESIAN_POINT('',(0.00747387530312618,0.0334048678922547,0.0055));
#8683=CARTESIAN_POINT('',(0.0749738753031262,-0.0338951321077453,0.0055));
#8684=CARTESIAN_POINT('',(-0.0598261246968738,-0.0338951321077453,0.0055));
#8685=CARTESIAN_POINT('',(0.0747738753031262,-0.0338951321077453,0.0055));
#8686=CARTESIAN_POINT('',(0.0747738753031262,-0.0190951321077453,0.0055));
#8687=CARTESIAN_POINT('',(0.0747738753031262,-0.0192951321077454,0.0055));
#8688=CARTESIAN_POINT('',(0.00747387530312618,-0.0192951321077454,0.0055));
#8689=CARTESIAN_POINT('',(-0.0598261246968738,-0.0192951321077454,0.0055));
#8690=CARTESIAN_POINT('',(-0.0598261246968738,0.0334048678922546,0.0055));
#8691=CARTESIAN_POINT('',(0.00747387530312618,0.0334048678922547,0.004));
#8692=CARTESIAN_POINT('',(-0.0600261246968738,0.0346548678922547,0.0053));
#8693=CARTESIAN_POINT('',(-0.037526124696875,-0.041595132107745,0.0278));
#8694=CARTESIAN_POINT('',(-0.0371094580302073,-0.0111784654410771,0.0282166666666675));
#8695=CARTESIAN_POINT('',(0.00747387530312618,-0.0338951321077453,0.0055));
#8696=CARTESIAN_POINT('',(0.0523405419697924,-0.0114617987744115,0.0279333333333331));
#8697=CARTESIAN_POINT('',(0.00747387530312619,-0.0190951321077453,0.0053));
#8698=CARTESIAN_POINT('',(0.0524738753031252,-0.0415951321077455,0.0278));
#8699=CARTESIAN_POINT('',(0.0747738753031262,0.0334048678922547,0.0055));
#8700=CARTESIAN_POINT('',(-0.0736787510107525,0.0215973264899956,0.0147550485968827));
#8701=CARTESIAN_POINT('',(0.,0.,0.));
#8702=CARTESIAN_POINT('',(-0.0150872107982426,0.0439680884038885,0.));
#8703=CARTESIAN_POINT('',(-0.011670416427582,0.0660566906431464,0.));
#8704=CARTESIAN_POINT('',(-0.0189744838193134,0.0188379757184035,0.));
#8705=CARTESIAN_POINT('',(-0.0106821697773048,0.065903822862971,0.));
#8706=CARTESIAN_POINT('',(-0.00979280801585858,0.0663610270375772,0.));
#8707=CARTESIAN_POINT('',(0.000426301911982681,0.0464826311028388,0.));
#8708=CARTESIAN_POINT('',(0.0120525416011372,0.0238670611163042,0.));
#8709=CARTESIAN_POINT('',(0.0371539324511853,0.0279356766693689,0.));
#8710=CARTESIAN_POINT('',(0.0592172890735021,0.0315118655922308,0.));
#8711=CARTESIAN_POINT('',(0.0593772881846046,0.0305247484338111,0.));
#8712=CARTESIAN_POINT('',(0.0600869430925752,0.0298201989950965,0.));
#8713=CARTESIAN_POINT('',(0.0443393437404358,0.0139584857427385,0.));
#8714=CARTESIAN_POINT('',(0.0264233641796383,-0.00408732073695648,0.));
#8715=CARTESIAN_POINT('',(0.0380496038687929,-0.026702890723491,0.));
#8716=CARTESIAN_POINT('',(0.0482687137966341,-0.0465812866582295,0.));
#8717=CARTESIAN_POINT('',(0.0473793520351879,-0.0470384908328357,0.));
#8718=CARTESIAN_POINT('',(0.0469285811271508,-0.0479311305073222,0.));
#8719=CARTESIAN_POINT('',(0.0269769195584716,-0.0378558124823457,0.));
#8720=CARTESIAN_POINT('',(0.00427799555899573,-0.0263931642546656,0.));
#8721=CARTESIAN_POINT('',(-0.0136379840018018,-0.0444389707343606,0.));
#8722=CARTESIAN_POINT('',(-0.0293855833539412,-0.0603006839867186,0.));
#8723=CARTESIAN_POINT('',(-0.0300952382619119,-0.0595961345480039,0.));
#8724=CARTESIAN_POINT('',(-0.0310834849121891,-0.0594432667678286,0.));
#8725=CARTESIAN_POINT('',(-0.0276666905415286,-0.0373546645285706,0.));
#8726=CARTESIAN_POINT('',(-0.0237794175204579,-0.0122245518430857,0.));
#8727=CARTESIAN_POINT('',(-0.0464783415199337,-0.000761903615405659,0.));
#8728=CARTESIAN_POINT('',(-0.066430003088613,0.00931341440957091,0.));
#8729=CARTESIAN_POINT('',(-0.0659792321805758,0.0102060540840574,0.));
#8730=CARTESIAN_POINT('',(-0.0661392312916783,0.011193171242477,0.));
#8731=CARTESIAN_POINT('',(-0.0440758746693615,0.0147693601653389,0.));
#8732=CARTESIAN_POINT('',(0.0374739306733902,0.0259614423525296,0.));
#8733=CARTESIAN_POINT('',(0.0109381746319108,0.0216603344821471,0.));
#8734=CARTESIAN_POINT('',(0.0564992530679757,0.0290452046451888,0.));
#8735=CARTESIAN_POINT('',(-0.0013524216109097,0.0455682227536264,0.));
#8736=CARTESIAN_POINT('',(-0.0101644017774377,0.0627094446365687,0.));
#8737=CARTESIAN_POINT('',(-0.013110717497688,0.0436623528435377,0.));
#8738=CARTESIAN_POINT('',(-0.0172201204056772,0.0170962337188822,0.));
#8739=CARTESIAN_POINT('',(-0.0437558764471566,0.0127951258484997,0.));
#8740=CARTESIAN_POINT('',(-0.0627811988417421,0.0097113635558405,0.));
#8741=CARTESIAN_POINT('',(-0.0455767997038594,0.00102337573356736,0.));
#8742=CARTESIAN_POINT('',(-0.021580794332985,-0.0110942809642658,0.));
#8743=CARTESIAN_POINT('',(-0.0256901972409741,-0.0376604000889213,0.));
#8744=CARTESIAN_POINT('',(-0.0286365129612244,-0.0567074918819523,0.));
#8745=CARTESIAN_POINT('',(-0.0150572938177432,-0.0430298718569313,0.));
#8746=CARTESIAN_POINT('',(0.00388245600367135,-0.0239528764355395,0.));
#8747=CARTESIAN_POINT('',(0.0278784613745458,-0.0360705331333726,0.));
#8748=CARTESIAN_POINT('',(0.0450828605124285,-0.0447585209556458,0.));
#8749=CARTESIAN_POINT('',(0.0362708803459005,-0.0276172990727035,0.));
#8750=CARTESIAN_POINT('',(0.0239802841030799,-0.00370941080122403,0.));
#8751=CARTESIAN_POINT('',(0.0429200339244944,0.0153675846201678,0.));
#8752=CARTESIAN_POINT('',(0.0371539324511853,0.0279356766693689,0.00245));
#8753=CARTESIAN_POINT('',(0.0371539324511853,0.0279356766693689,0.00045));
#8754=CARTESIAN_POINT('',(0.0120525416011372,0.0238670611163042,0.00045));
#8755=CARTESIAN_POINT('',(0.0592172890735021,0.0315118655922308,0.00045));
#8756=CARTESIAN_POINT('',(0.0592172890735021,0.0315118655922308,0.));
#8757=CARTESIAN_POINT('',(0.0120525416011372,0.0238670611163042,0.00245));
#8758=CARTESIAN_POINT('',(0.000426301911982681,0.0464826311028388,0.00245));
#8759=CARTESIAN_POINT('',(-0.00979280801585858,0.0663610270375772,0.00245));
#8760=CARTESIAN_POINT('',(-0.00979280801585857,0.0663610270375772,0.00045));
#8761=CARTESIAN_POINT('',(0.0120525416011372,0.0238670611163042,0.00045));
#8762=CARTESIAN_POINT('',(-0.0150872107982426,0.0439680884038885,0.00245));
#8763=CARTESIAN_POINT('',(-0.0111999377771718,0.0690982010893734,0.00045));
#8764=CARTESIAN_POINT('',(-0.0189744838193134,0.0188379757184035,0.00045));
#8765=CARTESIAN_POINT('',(-0.011670416427582,0.0660566906431464,0.00045));
#8766=CARTESIAN_POINT('',(-0.011670416427582,0.0660566906431464,0.00245));
#8767=CARTESIAN_POINT('',(-0.0189744838193134,0.0188379757184035,0.00245));
#8768=CARTESIAN_POINT('',(-0.0440758746693615,0.0147693601653389,0.00245));
#8769=CARTESIAN_POINT('',(-0.0661392312916783,0.011193171242477,0.00045));
#8770=CARTESIAN_POINT('',(-0.0661392312916783,0.011193171242477,0.00045));
#8771=CARTESIAN_POINT('',(-0.0440758746693615,0.0147693601653389,0.00045));
#8772=CARTESIAN_POINT('',(-0.0464783415199337,-0.000761903615405659,0.00245));
#8773=CARTESIAN_POINT('',(-0.0691772655194096,0.0107007446122744,0.00045));
#8774=CARTESIAN_POINT('',(-0.0237794175204579,-0.0122245518430857,0.00045));
#8775=CARTESIAN_POINT('',(-0.0664300030886129,0.0093134144095709,0.00045));
#8776=CARTESIAN_POINT('',(-0.066430003088613,0.00931341440957091,0.));
#8777=CARTESIAN_POINT('',(-0.0237794175204579,-0.0122245518430857,0.00245));
#8778=CARTESIAN_POINT('',(-0.0276666905415286,-0.0373546645285706,0.00245));
#8779=CARTESIAN_POINT('',(-0.0310834849121891,-0.0594432667678286,0.00245));
#8780=CARTESIAN_POINT('',(-0.0310834849121891,-0.0594432667678286,0.00045));
#8781=CARTESIAN_POINT('',(-0.0237794175204579,-0.0122245518430857,0.00045));
#8782=CARTESIAN_POINT('',(-0.0136379840018018,-0.0444389707343606,0.00245));
#8783=CARTESIAN_POINT('',(-0.0315539635625993,-0.0624847772140555,0.00045));
#8784=CARTESIAN_POINT('',(0.00427799555899573,-0.0263931642546656,0.00045));
#8785=CARTESIAN_POINT('',(-0.0293855833539412,-0.0603006839867186,0.00045));
#8786=CARTESIAN_POINT('',(-0.0293855833539412,-0.0603006839867186,0.00245));
#8787=CARTESIAN_POINT('',(0.00427799555899573,-0.0263931642546656,0.00245));
#8788=CARTESIAN_POINT('',(0.0269769195584716,-0.0378558124823457,0.00245));
#8789=CARTESIAN_POINT('',(0.0469285811271508,-0.0479311305073222,0.00245));
#8790=CARTESIAN_POINT('',(0.0469285811271508,-0.0479311305073222,0.00045));
#8791=CARTESIAN_POINT('',(0.00427799555899573,-0.0263931642546656,0.00045));
#8792=CARTESIAN_POINT('',(0.0380496038687929,-0.026702890723491,0.00245));
#8793=CARTESIAN_POINT('',(0.0496758435579474,-0.0493184607100256,0.00045));
#8794=CARTESIAN_POINT('',(0.0264233641796383,-0.00408732073695648,0.00045));
#8795=CARTESIAN_POINT('',(0.0482687137966341,-0.0465812866582295,0.00045));
#8796=CARTESIAN_POINT('',(0.0482687137966341,-0.0465812866582295,0.00245));
#8797=CARTESIAN_POINT('',(0.0264233641796383,-0.00408732073695648,0.00245));
#8798=CARTESIAN_POINT('',(0.0443393437404358,0.0139584857427385,0.00245));
#8799=CARTESIAN_POINT('',(0.0600869430925752,0.0298201989950965,0.00045));
#8800=CARTESIAN_POINT('',(0.0600869430925752,0.0298201989950965,0.00045));
#8801=CARTESIAN_POINT('',(0.0264233641796383,-0.00408732073695648,0.00045));
#8802=CARTESIAN_POINT('',(0.,0.,0.00245));
#8803=CARTESIAN_POINT('',(0.0505773853740217,-0.0475331813610526,0.00245));
#8804=CARTESIAN_POINT('',(0.00388245600367135,-0.0239528764355395,0.00245));
#8805=CARTESIAN_POINT('',(0.0450828605124285,-0.0447585209556458,0.00245));
#8806=CARTESIAN_POINT('',(0.0246446406567459,-0.00500172908616886,0.00245));
#8807=CARTESIAN_POINT('',(0.0239802841030799,-0.00370941080122402,0.00245));
#8808=CARTESIAN_POINT('',(0.060836013485292,0.0334133910998628,0.00245));
#8809=CARTESIAN_POINT('',(0.0564992530679757,0.0290452046451888,0.00245));
#8810=CARTESIAN_POINT('',(-0.00314097288688317,0.0193782841005147,0.00245));
#8811=CARTESIAN_POINT('',(0.0109381746319108,0.0216603344821471,0.00245));
#8812=CARTESIAN_POINT('',(-0.0129786613000642,0.068183792740161,0.00245));
#8813=CARTESIAN_POINT('',(-0.0101644017774377,0.0627094446365687,0.00245));
#8814=CARTESIAN_POINT('',(-0.0169979905187588,0.0185322401580529,0.00245));
#8815=CARTESIAN_POINT('',(-0.0172201204056772,0.0170962337188822,0.00245));
#8816=CARTESIAN_POINT('',(-0.00314097288688317,0.0193782841005147,0.00245));
#8817=CARTESIAN_POINT('',(-0.0627811988417421,0.0097113635558405,0.00245));
#8818=CARTESIAN_POINT('',(-0.0228778757043836,-0.0104392724941127,0.00245));
#8819=CARTESIAN_POINT('',(-0.021580794332985,-0.0110942809642658,0.00245));
#8820=CARTESIAN_POINT('',(-0.0295774702620448,-0.0627905127744063,0.00245));
#8821=CARTESIAN_POINT('',(-0.0286365129612244,-0.0567074918819523,0.00245));
#8822=CARTESIAN_POINT('',(0.00285868574305436,-0.0249840653772363,0.00245));
#8823=CARTESIAN_POINT('',(0.0374739306733902,0.0259614423525296,0.00245));
#8824=CARTESIAN_POINT('',(0.0564992530679757,0.0290452046451888,0.00245));
#8825=CARTESIAN_POINT('',(0.0564992530679757,0.0290452046451888,0.00045));
#8826=CARTESIAN_POINT('',(0.0374739306733902,0.0259614423525296,0.00045));
#8827=CARTESIAN_POINT('',(0.0109381746319108,0.0216603344821471,0.00045));
#8828=CARTESIAN_POINT('',(0.0109381746319108,0.0216603344821471,0.00245));
#8829=CARTESIAN_POINT('',(-0.0013524216109097,0.0455682227536264,0.00245));
#8830=CARTESIAN_POINT('',(-0.0013524216109097,0.0455682227536264,0.00045));
#8831=CARTESIAN_POINT('',(-0.0101644017774377,0.0627094446365687,0.00045));
#8832=CARTESIAN_POINT('',(-0.0101644017774377,0.0627094446365687,0.00245));
#8833=CARTESIAN_POINT('',(-0.013110717497688,0.0436623528435377,0.00245));
#8834=CARTESIAN_POINT('',(-0.013110717497688,0.0436623528435377,0.00045));
#8835=CARTESIAN_POINT('',(-0.0172201204056772,0.0170962337188822,0.00045));
#8836=CARTESIAN_POINT('',(-0.0172201204056772,0.0170962337188822,0.00245));
#8837=CARTESIAN_POINT('',(-0.0437558764471566,0.0127951258484997,0.00245));
#8838=CARTESIAN_POINT('',(-0.0437558764471566,0.0127951258484997,0.00045));
#8839=CARTESIAN_POINT('',(-0.0627811988417421,0.0097113635558405,0.00045));
#8840=CARTESIAN_POINT('',(-0.0627811988417421,0.0097113635558405,0.00245));
#8841=CARTESIAN_POINT('',(-0.0455767997038594,0.00102337573356736,0.00245));
#8842=CARTESIAN_POINT('',(-0.0455767997038594,0.00102337573356736,0.00045));
#8843=CARTESIAN_POINT('',(-0.021580794332985,-0.0110942809642658,0.00045));
#8844=CARTESIAN_POINT('',(-0.021580794332985,-0.0110942809642658,0.00245));
#8845=CARTESIAN_POINT('',(-0.0256901972409741,-0.0376604000889213,0.00245));
#8846=CARTESIAN_POINT('',(-0.0256901972409741,-0.0376604000889213,0.00045));
#8847=CARTESIAN_POINT('',(-0.0286365129612244,-0.0567074918819523,0.00045));
#8848=CARTESIAN_POINT('',(-0.0286365129612244,-0.0567074918819523,0.00245));
#8849=CARTESIAN_POINT('',(-0.0150572938177432,-0.0430298718569313,0.00245));
#8850=CARTESIAN_POINT('',(-0.0150572938177432,-0.0430298718569313,0.00045));
#8851=CARTESIAN_POINT('',(0.00388245600367135,-0.0239528764355395,0.00045));
#8852=CARTESIAN_POINT('',(0.00388245600367135,-0.0239528764355395,0.00245));
#8853=CARTESIAN_POINT('',(0.0278784613745458,-0.0360705331333726,0.00245));
#8854=CARTESIAN_POINT('',(0.0278784613745458,-0.0360705331333726,0.00045));
#8855=CARTESIAN_POINT('',(0.0450828605124285,-0.0447585209556458,0.00045));
#8856=CARTESIAN_POINT('',(0.0450828605124285,-0.0447585209556458,0.00245));
#8857=CARTESIAN_POINT('',(0.0362708803459005,-0.0276172990727035,0.00245));
#8858=CARTESIAN_POINT('',(0.0362708803459005,-0.0276172990727035,0.00045));
#8859=CARTESIAN_POINT('',(0.0239802841030799,-0.00370941080122403,0.00045));
#8860=CARTESIAN_POINT('',(0.0239802841030799,-0.00370941080122403,0.00245));
#8861=CARTESIAN_POINT('',(0.0429200339244944,0.0153675846201678,0.00245));
#8862=CARTESIAN_POINT('',(0.0429200339244944,0.0153675846201678,0.00045));
#8863=CARTESIAN_POINT('',(0.,0.,0.00045));
#8864=CARTESIAN_POINT('',(-0.0194004573693311,0.00300097637730823,0.00045));
#8865=CARTESIAN_POINT('',(-0.0101644017774377,0.0627094446365687,0.00045));
#8866=CARTESIAN_POINT('',(-0.0172201204056772,0.0170962337188822,0.00045));
#8867=CARTESIAN_POINT('',(-0.0437558764471566,0.0127951258484997,0.00045));
#8868=CARTESIAN_POINT('',(-0.0627811988417421,0.00971136355584049,0.00045));
#8869=CARTESIAN_POINT('',(0.0174592293674954,0.00897546184046151,0.00045));
#8870=CARTESIAN_POINT('',(-0.0101644017774377,0.0627094446365687,0.00045));
#8871=CARTESIAN_POINT('',(0.0109381746319108,0.0216603344821471,0.00045));
#8872=CARTESIAN_POINT('',(-0.0088491691646568,-0.0175235786999027,0.00045));
#8873=CARTESIAN_POINT('',(-0.0627811988417421,0.00971136355584049,0.00045));
#8874=CARTESIAN_POINT('',(-0.021580794332985,-0.0110942809642658,0.00045));
#8875=CARTESIAN_POINT('',(0.0374739306733902,0.0259614423525296,0.00045));
#8876=CARTESIAN_POINT('',(0.0564992530679757,0.0290452046451888,0.00045));
#8877=CARTESIAN_POINT('',(-0.0194004573693311,0.00300097637730823,0.00045));
#8878=CARTESIAN_POINT('',(-0.0286365129612244,-0.0567074918819523,0.00045));
#8879=CARTESIAN_POINT('',(0.0139313700533756,-0.0138311436183817,0.00045));
#8880=CARTESIAN_POINT('',(0.0564992530679757,0.0290452046451888,0.00045));
#8881=CARTESIAN_POINT('',(0.0239802841030799,-0.00370941080122403,0.00045));
#8882=CARTESIAN_POINT('',(0.0139313700533756,-0.0138311436183817,0.00045));
#8883=CARTESIAN_POINT('',(-0.0286365129612244,-0.0567074918819523,0.00045));
#8884=CARTESIAN_POINT('',(0.00388245600367135,-0.0239528764355395,0.00045));
#8885=CARTESIAN_POINT('',(0.0174592293674954,0.00897546184046151,0.00045));
#8886=CARTESIAN_POINT('',(0.0450828605124285,-0.0447585209556458,0.00045));
#8887=CARTESIAN_POINT('',(-0.0088491691646568,-0.0175235786999027,0.00045));
#8888=CARTESIAN_POINT('',(0.0450828605124285,-0.0447585209556458,0.00045));
#8889=CARTESIAN_POINT('',(-0.011670416427582,0.0660566906431463,0.00045));
#8890=CARTESIAN_POINT('',(-0.011199937777172,0.0690982010893739,0.000449999999999999));
#8891=CARTESIAN_POINT('',(-0.00979280801585854,0.0663610270375772,0.00045));
#8892=CARTESIAN_POINT('',(-0.0116704164275859,0.0660566906431214,0.000515449868766396));
#8893=CARTESIAN_POINT('',(-0.0111999377722807,0.0690982010592012,0.000825427831377119));
#8894=CARTESIAN_POINT('',(-0.00979280801584681,0.0663610270375544,0.000515449868766392));
#8895=CARTESIAN_POINT('',(-0.0116655740009086,0.0660459279368739,0.00064634936446683));
#8896=CARTESIAN_POINT('',(-0.0111646653557779,0.0688805873030381,0.00153873344587939));
#8897=CARTESIAN_POINT('',(-0.0097940028352782,0.0663492857706547,0.00064634936446683));
#8898=CARTESIAN_POINT('',(-0.0116438536878766,0.0659976526886347,0.00084080810517124));
#8899=CARTESIAN_POINT('',(-0.0110502525766523,0.0681747157726354,0.0021928663614952));
#8900=CARTESIAN_POINT('',(-0.00979936210108077,0.0662966212678008,0.000840808105171238));
#8901=CARTESIAN_POINT('',(-0.0116078839178104,0.0659177068068386,0.00103150207904177));
#8902=CARTESIAN_POINT('',(-0.0109369418565557,0.0674756434136104,0.002456111068971));
#8903=CARTESIAN_POINT('',(-0.00980823727514583,0.0662094065920858,0.00103150207904177));
#8904=CARTESIAN_POINT('',(-0.0115413964208212,0.0657699326741197,0.00127829891460643));
#8905=CARTESIAN_POINT('',(-0.0108182998247393,0.0667436794388807,0.00253998676230106));
#8906=CARTESIAN_POINT('',(-0.00982464238720833,0.0660481966238614,0.00127829891460642));
#8907=CARTESIAN_POINT('',(-0.0114246809490801,0.0655105225836186,0.00156830234428611));
#8908=CARTESIAN_POINT('',(-0.0107090631870783,0.0660697421987281,0.00248924849207335));
#8909=CARTESIAN_POINT('',(-0.00985344073998331,0.0657652005969017,0.0015683023442861));
#8910=CARTESIAN_POINT('',(-0.011236179856801,0.0650915628289397,0.00187333519042039));
#8911=CARTESIAN_POINT('',(-0.0105993243114531,0.0653927063931613,0.00244412522297753));
#8912=CARTESIAN_POINT('',(-0.00989995146279397,0.065308148422096,0.00187333519042038));
#8913=CARTESIAN_POINT('',(-0.0110064893184421,0.0645810560173385,0.00212363826827099));
#8914=CARTESIAN_POINT('',(-0.0104945371329469,0.0647462201647489,0.00243209016721816));
#8915=CARTESIAN_POINT('',(-0.00995662526151147,0.0647512256010137,0.00212363826827098));
#8916=CARTESIAN_POINT('',(-0.0106571102201546,0.0638045311731645,0.00237178335607805));
#8917=CARTESIAN_POINT('',(-0.0103560635241099,0.0638919049480635,0.00244008175518636));
#8918=CARTESIAN_POINT('',(-0.0100428309922045,0.0639040980073589,0.00237178335607805));
#8919=CARTESIAN_POINT('',(-0.0103615386404237,0.0631475981281871,0.00245000000000003));
#8920=CARTESIAN_POINT('',(-0.0102386494597465,0.0631675169388083,0.00244999999998779));
#8921=CARTESIAN_POINT('',(-0.0101157602662432,0.0631874356703193,0.00245000000000002));
#8922=CARTESIAN_POINT('',(-0.0101644017774376,0.0627094446365686,0.00245));
#8923=CARTESIAN_POINT('',(-0.0101644017774376,0.0627094446365686,0.00245));
#8924=CARTESIAN_POINT('',(-0.0101644017774377,0.0627094446365687,0.00245));
#8925=CARTESIAN_POINT('',(-0.0106821697773048,0.065903822862971,0.00045));
#8926=CARTESIAN_POINT('',(-0.0106821697773048,0.065903822862971,0.00245));
#8927=CARTESIAN_POINT('',(-0.0664300030886129,0.00931341440957086,0.00045));
#8928=CARTESIAN_POINT('',(-0.0691772655194101,0.0107007446122743,0.00045));
#8929=CARTESIAN_POINT('',(-0.0661392312916783,0.011193171242477,0.00045));
#8930=CARTESIAN_POINT('',(-0.0664300030885918,0.00931341440956021,0.000515449868766398));
#8931=CARTESIAN_POINT('',(-0.0691772654891955,0.0107007446076032,0.000825427831376385));
#8932=CARTESIAN_POINT('',(-0.0661392312916532,0.0111931712424811,0.000515449868766397));
#8933=CARTESIAN_POINT('',(-0.0664182707545428,0.00931469397186935,0.000646349364466815));
#8934=CARTESIAN_POINT('',(-0.0689594027322393,0.0106670443202981,0.00153873344588031));
#8935=CARTESIAN_POINT('',(-0.0661284339027679,0.0111884066506677,0.000646349364466818));
#8936=CARTESIAN_POINT('',(-0.0663656463192799,0.00932043334500125,0.000840808105171237));
#8937=CARTESIAN_POINT('',(-0.0682527235204555,0.0105577310406937,0.00219286636149482));
#8938=CARTESIAN_POINT('',(-0.0660800030883617,0.0111670354596214,0.00084080810517124));
#8939=CARTESIAN_POINT('',(-0.0662784979972123,0.00932993799310692,0.00103150207904177));
#8940=CARTESIAN_POINT('',(-0.067552851259889,0.010449470700171,0.00245611106897108));
#8941=CARTESIAN_POINT('',(-0.0659997995823205,0.0111316438505387,0.00103150207904178));
#8942=CARTESIAN_POINT('',(-0.0661174106788671,0.00934750664203154,0.00127829891460641));
#8943=CARTESIAN_POINT('',(-0.0668200497479504,0.0103361166701749,0.00253998676230107));
#8944=CARTESIAN_POINT('',(-0.0658515492499708,0.0110662250419671,0.00127829891460642));
#8945=CARTESIAN_POINT('',(-0.0658346299576289,0.00937834752550616,0.0015683023442861));
#8946=CARTESIAN_POINT('',(-0.0661453413666837,0.0102317488258912,0.00248924849207335));
#8947=CARTESIAN_POINT('',(-0.0655913032148627,0.0109513855992308,0.00156830234428611));
#8948=CARTESIAN_POINT('',(-0.0653779255119037,0.00942815703349204,0.00187333519042037));
#8949=CARTESIAN_POINT('',(-0.0654675308745223,0.0101269011289249,0.00244412522297755));
#8950=CARTESIAN_POINT('',(-0.0651709933694962,0.0107659143838931,0.00187333519042038));
#8951=CARTESIAN_POINT('',(-0.0648214264023166,0.00948885043620066,0.00212363826827097));
#8952=CARTESIAN_POINT('',(-0.064820304915345,0.0100267844266589,0.00243209016721816));
#8953=CARTESIAN_POINT('',(-0.064658841458371,0.0105399157820499,0.00212363826827098));
#8954=CARTESIAN_POINT('',(-0.063974943310353,0.00958117033088028,0.00237178335607804));
#8955=CARTESIAN_POINT('',(-0.0639650121631419,0.00989448273416827,0.00244008175518636));
#8956=CARTESIAN_POINT('',(-0.0638798142760932,0.0101961524372893,0.00237178335607805));
#8957=CARTESIAN_POINT('',(-0.0632588262159511,0.0096592721327499,0.00245000000000003));
#8958=CARTESIAN_POINT('',(-0.0632397952853523,0.0097823019398088,0.00244999999998779));
#8959=CARTESIAN_POINT('',(-0.0632207642755138,0.00990533173461145,0.00245000000000001));
#8960=CARTESIAN_POINT('',(-0.062781198841742,0.00971136355584046,0.00245));
#8961=CARTESIAN_POINT('',(-0.062781198841742,0.00971136355584046,0.00245));
#8962=CARTESIAN_POINT('',(-0.0627811988417421,0.00971136355584047,0.00245));
#8963=CARTESIAN_POINT('',(-0.0659792321805758,0.0102060540840574,0.00045));
#8964=CARTESIAN_POINT('',(-0.0659792321805758,0.0102060540840574,0.00245));
#8965=CARTESIAN_POINT('',(-0.0293855833539411,-0.0603006839867185,0.00045));
#8966=CARTESIAN_POINT('',(-0.0315539635625996,-0.0624847772140561,0.00045));
#8967=CARTESIAN_POINT('',(-0.0310834849121891,-0.0594432667678285,0.00045));
#8968=CARTESIAN_POINT('',(-0.029385583353923,-0.0603006839867003,0.000515449868766396));
#8969=CARTESIAN_POINT('',(-0.0315539635488238,-0.0624847771867765,0.000825427831377864));
#8970=CARTESIAN_POINT('',(-0.0310834849121852,-0.0594432667678032,0.000515449868766397));
#8971=CARTESIAN_POINT('',(-0.0293831747993925,-0.0602891304674549,0.00064634936446681));
#8972=CARTESIAN_POINT('',(-0.0314545893766355,-0.0622879913535897,0.00153873344587837));
#8973=CARTESIAN_POINT('',(-0.0310756169394332,-0.0594344701805868,0.000646349364466817));
#8974=CARTESIAN_POINT('',(-0.0293723714227925,-0.060237308091546,0.000840808105171228));
#8975=CARTESIAN_POINT('',(-0.031132250383739,-0.0616496791454076,0.00219286636149568));
#8976=CARTESIAN_POINT('',(-0.0310403257842247,-0.0593950138001796,0.000840808105171238));
#8977=CARTESIAN_POINT('',(-0.0293544805677586,-0.0601514880141695,0.00103150207904176));
#8978=CARTESIAN_POINT('',(-0.0308130162590216,-0.0610175153564586,0.00245611106897092));
#8979=CARTESIAN_POINT('',(-0.0309818821174092,-0.0593296723417942,0.00103150207904178));
#8980=CARTESIAN_POINT('',(-0.0293214106268538,-0.0599928558592788,0.00127829891460639));
#8981=CARTESIAN_POINT('',(-0.0304787620494528,-0.0603556080250284,0.00253998676230124));
#8982=CARTESIAN_POINT('',(-0.0308738532611112,-0.0592088934207705,0.00127829891460641));
#8983=CARTESIAN_POINT('',(-0.0292633580015064,-0.0597143850545474,0.00156830234428607));
#8984=CARTESIAN_POINT('',(-0.0301710059749966,-0.0597461736599756,0.00248924849207337));
#8985=CARTESIAN_POINT('',(-0.030684214013202,-0.058996872072671,0.0015683023442861));
#8986=CARTESIAN_POINT('',(-0.0291696002235143,-0.0592646413309703,0.00187333519042034));
#8987=CARTESIAN_POINT('',(-0.0298618349285347,-0.0591339372947758,0.00244412522297759));
#8988=CARTESIAN_POINT('',(-0.0303779375201485,-0.0586544474128786,0.00187333519042038));
#8989=CARTESIAN_POINT('',(-0.0290553553974392,-0.0587166239336024,0.00212363826827095));
#8990=CARTESIAN_POINT('',(-0.0295666144658681,-0.0585493265912064,0.00243209016721818));
#8991=CARTESIAN_POINT('',(-0.0300047364329532,-0.0582371994091459,0.00212363826827098));
#8992=CARTESIAN_POINT('',(-0.0288815791739915,-0.0578830422566781,0.00237178335607803));
#8993=CARTESIAN_POINT('',(-0.029176488083512,-0.057776778317245,0.00244008175518636));
#8994=CARTESIAN_POINT('',(-0.0294370654254484,-0.0576025292466368,0.00237178335607805));
#8995=CARTESIAN_POINT('',(-0.0287345660494551,-0.0571778396435647,0.00245000000000002));
#8996=CARTESIAN_POINT('',(-0.0288456934681869,-0.0571217218518079,0.00244999999998788));
#8997=CARTESIAN_POINT('',(-0.0289568208507845,-0.0570656039884968,0.00245000000000003));
#8998=CARTESIAN_POINT('',(-0.0286365129612243,-0.0567074918819523,0.00245));
#8999=CARTESIAN_POINT('',(-0.0286365129612243,-0.0567074918819523,0.00245));
#9000=CARTESIAN_POINT('',(-0.0286365129612244,-0.0567074918819522,0.00245));
#9001=CARTESIAN_POINT('',(-0.0300952382619119,-0.0595961345480039,0.00045));
#9002=CARTESIAN_POINT('',(-0.0300952382619119,-0.0595961345480039,0.00245));
#9003=CARTESIAN_POINT('',(0.0482687137966341,-0.0465812866582295,0.00045));
#9004=CARTESIAN_POINT('',(0.0496758435579479,-0.0493184607100261,0.000449999999999999));
#9005=CARTESIAN_POINT('',(0.0469285811271508,-0.0479311305073222,0.00045));
#9006=CARTESIAN_POINT('',(0.0482687137966226,-0.0465812866582071,0.000515449868766394));
#9007=CARTESIAN_POINT('',(0.0496758435362553,-0.0493184606884881,0.000825427831376967));
#9008=CARTESIAN_POINT('',(0.0469285811271289,-0.0479311305073111,0.000515449868766395));
#9009=CARTESIAN_POINT('',(0.0482584700311397,-0.0465754257529336,0.000646349364466825));
#9010=CARTESIAN_POINT('',(0.0495193973953037,-0.0491631400677795,0.00153873344587966));
#9011=CARTESIAN_POINT('',(0.0469226464128257,-0.0479209293256121,0.000646349364466833));
#9012=CARTESIAN_POINT('',(0.0482125224498078,-0.0465491371363757,0.000840808105171229));
#9013=CARTESIAN_POINT('',(0.0490119346370335,-0.0486593281480805,0.00219286636149525));
#9014=CARTESIAN_POINT('',(0.0468960267318412,-0.0478751727504015,0.000840808105171241));
#9015=CARTESIAN_POINT('',(0.0481364312842392,-0.0465056020597457,0.00103150207904176));
#9016=CARTESIAN_POINT('',(0.0485093599159104,-0.0481603690995312,0.00245611106897095));
#9017=CARTESIAN_POINT('',(0.0468519433983189,-0.047799397899162,0.00103150207904178));
#9018=CARTESIAN_POINT('',(0.0479957823133791,-0.0464251306452392,0.00127829891460641));
#9019=CARTESIAN_POINT('',(0.0479831388663681,-0.0476379338413083,0.00253998676230116));
#9020=CARTESIAN_POINT('',(0.0467704585709273,-0.0476593336122733,0.00127829891460643));
#9021=CARTESIAN_POINT('',(0.0477488800877417,-0.0462838671065153,0.00156830234428608));
#9022=CARTESIAN_POINT('',(0.0474986341993597,-0.0471569148455099,0.00248924849207336));
#9023=CARTESIAN_POINT('',(0.046627416036628,-0.0474134577700709,0.00156830234428611));
#9024=CARTESIAN_POINT('',(0.0473501211355253,-0.0460557197071035,0.00187333519042037));
#9025=CARTESIAN_POINT('',(0.047011901922249,-0.0466736842657013,0.00244412522297756));
#9026=CARTESIAN_POINT('',(0.0463963954739235,-0.0470163564763954,0.0018733351904204));
#9027=CARTESIAN_POINT('',(0.0468642292114917,-0.0457777197318125,0.00212363826827096));
#9028=CARTESIAN_POINT('',(0.0465471322431744,-0.0462122582784425,0.00243209016721816));
#9029=CARTESIAN_POINT('',(0.0461148945193246,-0.0465324844265074,0.00212363826827099));
#9030=CARTESIAN_POINT('',(0.0461251457320538,-0.0453548578177534,0.00237178335607804));
#9031=CARTESIAN_POINT('',(0.0459329508551739,-0.0456024954946932,0.00244008175518643));
#9032=CARTESIAN_POINT('',(0.0456867073141067,-0.0457964733496706,0.00237178335607806));
#9033=CARTESIAN_POINT('',(0.0454998877454149,-0.0449971204357657,0.00245000000000002));
#9034=CARTESIAN_POINT('',(0.0454121762929573,-0.0450854675401453,0.00244999999998752));
#9035=CARTESIAN_POINT('',(0.0453244647836096,-0.0451738145880441,0.00245000000000004));
#9036=CARTESIAN_POINT('',(0.0450828605124285,-0.0447585209556457,0.00245));
#9037=CARTESIAN_POINT('',(0.0450828605124285,-0.0447585209556457,0.00245));
#9038=CARTESIAN_POINT('',(0.0450828605124285,-0.0447585209556457,0.00245));
#9039=CARTESIAN_POINT('',(0.0473793520351879,-0.0470384908328357,0.00045));
#9040=CARTESIAN_POINT('',(0.0473793520351879,-0.0470384908328357,0.00245));
#9041=CARTESIAN_POINT('',(0.0592172890735021,0.0315118655922307,0.00045));
#9042=CARTESIAN_POINT('',(0.0622553233012339,0.0320042922224336,0.000449999999999999));
#9043=CARTESIAN_POINT('',(0.0600869430925752,0.0298201989950964,0.00045));
#9044=CARTESIAN_POINT('',(0.0592172890734772,0.0315118655922267,0.000515449868766394));
#9045=CARTESIAN_POINT('',(0.0622553232740484,0.0320042922084599,0.000825427831377063));
#9046=CARTESIAN_POINT('',(0.060086943092558,0.0298201989950791,0.000515449868766392));
#9047=CARTESIAN_POINT('',(0.0592085495237048,0.0315039343116446,0.000646349364466826));
#9048=CARTESIAN_POINT('',(0.0620592600693475,0.0319034997980323,0.00153873344587941));
#9049=CARTESIAN_POINT('',(0.0600754072646527,0.0298177070848763,0.000646349364466832));
#9050=CARTESIAN_POINT('',(0.0591693489801412,0.031468359194286,0.000840808105171232));
#9051=CARTESIAN_POINT('',(0.0614232918438137,0.0315765604801588,0.00219286636149513));
#9052=CARTESIAN_POINT('',(0.0600236642418262,0.0298065298231588,0.000840808105171234));
#9053=CARTESIAN_POINT('',(0.0591044311985422,0.0314094452739696,0.00103150207904176));
#9054=CARTESIAN_POINT('',(0.0607934494595561,0.0312527703422081,0.00245611106897091));
#9055=CARTESIAN_POINT('',(0.0599379755765566,0.0297880197983317,0.00103150207904177));
#9056=CARTESIAN_POINT('',(0.0589844354131632,0.0313005471883667,0.00127829891460641));
#9057=CARTESIAN_POINT('',(0.0601339727557744,0.0309137457572809,0.00253998676230113));
#9058=CARTESIAN_POINT('',(0.0597795863273631,0.0297538053672153,0.00127829891460642));
#9059=CARTESIAN_POINT('',(0.0587737888204739,0.0311093820519378,0.00156830234428608));
#9060=CARTESIAN_POINT('',(0.059526776329399,0.030601597480866,0.00248924849207335));
#9061=CARTESIAN_POINT('',(0.05950154193142,0.0296937436466094,0.0015683023442861));
#9062=CARTESIAN_POINT('',(0.0584335844566936,0.030800641175642,0.00187333519042037));
#9063=CARTESIAN_POINT('',(0.0589167881922611,0.0302880140383912,0.00244412522297755));
#9064=CARTESIAN_POINT('',(0.059052486878515,0.029596741083285,0.00187333519042039));
#9065=CARTESIAN_POINT('',(0.0580190419067071,0.0304244372118755,0.00212363826827096));
#9066=CARTESIAN_POINT('',(0.0583343242709861,0.0299885802782403,0.00243209016721817));
#9067=CARTESIAN_POINT('',(0.0585053086335118,0.0294785424525891,0.00212363826827098));
#9068=CARTESIAN_POINT('',(0.0573884869724417,0.0298521985703878,0.00237178335607804));
#9069=CARTESIAN_POINT('',(0.0575646129155876,0.0295928861297103,0.00244008175518636));
#9070=CARTESIAN_POINT('',(0.0576730033796358,0.0292987521516617,0.00237178335607805));
#9071=CARTESIAN_POINT('',(0.0568550431604321,0.0293680898183882,0.00245000000000001));
#9072=CARTESIAN_POINT('',(0.0569119619203384,0.0292573705133192,0.00244999999998779));
#9073=CARTESIAN_POINT('',(0.0569688806089481,0.0291466511715991,0.00245000000000004));
#9074=CARTESIAN_POINT('',(0.0564992530679757,0.0290452046451888,0.00245));
#9075=CARTESIAN_POINT('',(0.0564992530679756,0.0290452046451888,0.00245));
#9076=CARTESIAN_POINT('',(0.0564992530679756,0.0290452046451888,0.00245));
#9077=CARTESIAN_POINT('',(0.0593772881846046,0.0305247484338111,0.00045));
#9078=CARTESIAN_POINT('',(0.0593772881846046,0.0305247484338111,0.00245));
#9079=CARTESIAN_POINT('',(-0.0662048757076264,0.0804521943822503,0.0845050485968827));
#9080=CARTESIAN_POINT('',(-2.16840434497101E-18,-0.00838766898959876,0.0037));
#9081=CARTESIAN_POINT('',(0.00747550085979513,0.013573537924338,0.0037));
#9082=CARTESIAN_POINT('',(0.00747550085979513,0.013573537924338,0.0033));
#9083=CARTESIAN_POINT('',(0.00747550085979513,0.013573537924338,0.0025));
#9084=CARTESIAN_POINT('',(-2.16840434497101E-18,-0.00838766898959876,0.0033));
#9085=CARTESIAN_POINT('',(0.00836791800043501,-0.0300245742803176,0.0033));
#9086=CARTESIAN_POINT('',(0.00836791800043501,-0.0300245742803176,0.0037));
#9087=CARTESIAN_POINT('',(0.00836791800043501,-0.0300245742803176,0.0025));
#9088=CARTESIAN_POINT('',(-2.16840434497101E-18,-0.00838766898959876,0.0025));
#9089=CARTESIAN_POINT('',(0.00844899006187926,-0.00821472518146516,0.0037));
#9090=CARTESIAN_POINT('',(0.00844899006187926,-0.00821472518146516,0.0033));
#9091=CARTESIAN_POINT('',(0.00844899006187926,-0.00821472518146516,0.0025));
#9092=CARTESIAN_POINT('',(0.00542008897642705,-0.00845357467347029,0.0037));
#9093=CARTESIAN_POINT('',(0.00542008897642705,-0.00845357467347029,0.0033));
#9094=CARTESIAN_POINT('',(0.0404200889764271,-0.00845357467347029,0.0033));
#9095=CARTESIAN_POINT('',(0.00542008897642705,-0.00845357467347029,0.0025));
#9096=CARTESIAN_POINT('',(0.0404200889764271,-0.00845357467347029,0.0025));
#9097=CARTESIAN_POINT('',(0.00747387530312617,-0.0103451321077453,0.0037));
#9098=CARTESIAN_POINT('',(-2.16840434497101E-18,-0.00838766898959876,0.0037));
#9099=CARTESIAN_POINT('',(0.0104885823338513,-0.029527354159007,0.0037));
#9100=CARTESIAN_POINT('',(0.00961473571701368,0.0131635144008246,0.0037));
#9101=CARTESIAN_POINT('',(0.00844899006187926,-0.00821472518146516,0.0037));
#9102=CARTESIAN_POINT('',(0.00542008897642705,-0.00845357467347029,0.0037));
#9103=CARTESIAN_POINT('',(0.040020088976427,-0.00845357467347029,0.0037));
#9104=CARTESIAN_POINT('',(0.00747387530312617,-0.0103451321077453,0.0025));
#9105=CARTESIAN_POINT('',(-2.16840434497101E-18,-0.00838766898959876,0.0033));
#9106=CARTESIAN_POINT('',(0.00836791800043501,-0.0300245742803176,0.0033));
#9107=CARTESIAN_POINT('',(0.00836791800043501,-0.0300245742803176,0.0033488380548456));
#9108=CARTESIAN_POINT('',(0.00845024161576001,-0.0300093445885949,0.0034184293074599));
#9109=CARTESIAN_POINT('',(0.0086164421592918,-0.0299775330666379,0.00349372263244667));
#9110=CARTESIAN_POINT('',(0.00884460547177129,-0.0299318719223085,0.00355665056668888));
#9111=CARTESIAN_POINT('',(0.00911589094488413,-0.0298740453029584,0.00360722213662186));
#9112=CARTESIAN_POINT('',(0.00948189764697812,-0.0297914027734358,0.00365609949318412));
#9113=CARTESIAN_POINT('',(0.00994229955442699,-0.0296783612695672,0.00369122340807302));
#9114=CARTESIAN_POINT('',(0.0103037309734714,-0.0295800772141477,0.0037));
#9115=CARTESIAN_POINT('',(0.0104885823338514,-0.029527354159007,0.0037));
#9116=CARTESIAN_POINT('',(0.00747550085979513,0.013573537924338,0.0033));
#9117=CARTESIAN_POINT('',(0.00747550085979513,0.013573537924338,0.00334883805486157));
#9118=CARTESIAN_POINT('',(0.0075583787361732,0.0135616897699074,0.00341842930745247));
#9119=CARTESIAN_POINT('',(0.00772574183175309,0.0135367060185638,0.00349372263245078));
#9120=CARTESIAN_POINT('',(0.00795558253794942,0.0135004198360374,0.00355665056668736));
#9121=CARTESIAN_POINT('',(0.0082290071104155,0.0134537429788398,0.00360722213662217));
#9122=CARTESIAN_POINT('',(0.00859808906785423,0.0133861471035524,0.00365609949318384));
#9123=CARTESIAN_POINT('',(0.00906273112538645,0.0132920404812245,0.00369122340807306));
#9124=CARTESIAN_POINT('',(0.00942788170199933,0.0132086289557085,0.0037));
#9125=CARTESIAN_POINT('',(0.00961473571701378,0.0131635144008245,0.0037));
#9126=CARTESIAN_POINT('',(0.00844899006187926,-0.00821472518146516,0.0033));
#9127=CARTESIAN_POINT('',(0.00542008897642705,-0.00845357467347029,0.0033));
#9128=CARTESIAN_POINT('',(-0.0736787510107525,0.0215973264899956,0.0147550485968827));
#9129=CARTESIAN_POINT('',(0.00747387530312619,-0.0490951321077453,0.0055));
#9130=CARTESIAN_POINT('',(-0.0600261246968738,-0.0490951321077453,0.0055));
#9131=CARTESIAN_POINT('',(-0.0600261246968738,-0.0490951321077453,0.0053));
#9132=CARTESIAN_POINT('',(-0.0600261246968738,-0.0490951321077453,0.004));
#9133=CARTESIAN_POINT('',(0.00747387530312619,-0.0490951321077453,0.0053));
#9134=CARTESIAN_POINT('',(0.0749738753031262,-0.0490951321077453,0.0053));
#9135=CARTESIAN_POINT('',(0.0749738753031262,-0.0490951321077453,0.0055));
#9136=CARTESIAN_POINT('',(0.0749738753031262,-0.0490951321077453,0.004));
#9137=CARTESIAN_POINT('',(0.00747387530312619,-0.0490951321077453,0.004));
#9138=CARTESIAN_POINT('',(-0.0600261246968738,0.00465486789225468,0.0055));
#9139=CARTESIAN_POINT('',(-0.0600261246968738,-0.0640951321077453,0.0055));
#9140=CARTESIAN_POINT('',(-0.0600261246968738,-0.0640951321077453,0.0053));
#9141=CARTESIAN_POINT('',(-0.0600261246968738,-0.0640951321077453,0.004));
#9142=CARTESIAN_POINT('',(-0.0600261246968738,0.00465486789225468,0.0053));
#9143=CARTESIAN_POINT('',(-0.0600261246968738,0.00465486789225468,0.004));
#9144=CARTESIAN_POINT('',(0.0074738753031262,-0.0640951321077453,0.0055));
#9145=CARTESIAN_POINT('',(0.0749738753031262,-0.0640951321077453,0.0055));
#9146=CARTESIAN_POINT('',(0.0749738753031262,-0.0640951321077453,0.0053));
#9147=CARTESIAN_POINT('',(0.0749738753031262,-0.0640951321077453,0.004));
#9148=CARTESIAN_POINT('',(-0.0600261246968738,-0.0640951321077453,0.0053));
#9149=CARTESIAN_POINT('',(0.0074738753031262,-0.0640951321077453,0.004));
#9150=CARTESIAN_POINT('',(0.0749738753031262,0.00465486789225468,0.0055));
#9151=CARTESIAN_POINT('',(0.0749738753031262,-0.0640951321077453,0.0053));
#9152=CARTESIAN_POINT('',(0.0749738753031262,0.00465486789225468,0.004));
#9153=CARTESIAN_POINT('',(0.00747387530312618,0.00340486789225468,0.0055));
#9154=CARTESIAN_POINT('',(0.0749738753031262,-0.0638951321077453,0.0055));
#9155=CARTESIAN_POINT('',(-0.0598261246968738,-0.0638951321077453,0.0055));
#9156=CARTESIAN_POINT('',(0.0747738753031262,-0.0638951321077453,0.0055));
#9157=CARTESIAN_POINT('',(0.0747738753031262,-0.0490951321077453,0.0055));
#9158=CARTESIAN_POINT('',(0.0747738753031262,-0.0492951321077453,0.0055));
#9159=CARTESIAN_POINT('',(0.00747387530312618,-0.0492951321077453,0.0055));
#9160=CARTESIAN_POINT('',(-0.0598261246968738,-0.0492951321077453,0.0055));
#9161=CARTESIAN_POINT('',(-0.0598261246968738,0.00340486789225467,0.0055));
#9162=CARTESIAN_POINT('',(0.00747387530312618,0.00340486789225468,0.004));
#9163=CARTESIAN_POINT('',(-0.0600261246968738,0.00465486789225468,0.0053));
#9164=CARTESIAN_POINT('',(-0.0375261246968734,-0.0715951321077458,0.0278));
#9165=CARTESIAN_POINT('',(-0.0371094580302067,-0.0411784654410782,0.0282166666666664));
#9166=CARTESIAN_POINT('',(0.00747387530312618,-0.0638951321077453,0.0055));
#9167=CARTESIAN_POINT('',(0.0523405419697924,-0.0414617987744115,0.0279333333333331));
#9168=CARTESIAN_POINT('',(0.00747387530312619,-0.0490951321077453,0.0053));
#9169=CARTESIAN_POINT('',(0.0524738753031257,-0.0715951321077458,0.0278));
#9170=CARTESIAN_POINT('',(0.0747738753031262,0.00340486789225469,0.0055));
#9171=CARTESIAN_POINT('',(-0.0736787510107525,0.0215973264899956,0.0147550485968827));
#9172=CARTESIAN_POINT('',(0.00747387530312619,0.0559048678922547,0.0055));
#9173=CARTESIAN_POINT('',(-0.0600261246968738,0.0559048678922547,0.0055));
#9174=CARTESIAN_POINT('',(-0.0600261246968738,0.0559048678922547,0.0053));
#9175=CARTESIAN_POINT('',(-0.0600261246968738,0.0559048678922547,0.004));
#9176=CARTESIAN_POINT('',(0.00747387530312619,0.0559048678922547,0.0053));
#9177=CARTESIAN_POINT('',(0.0749738753031262,0.0559048678922547,0.0053));
#9178=CARTESIAN_POINT('',(0.0749738753031262,0.0559048678922547,0.0055));
#9179=CARTESIAN_POINT('',(0.0749738753031262,0.0559048678922547,0.004));
#9180=CARTESIAN_POINT('',(0.00747387530312619,0.0559048678922547,0.004));
#9181=CARTESIAN_POINT('',(-0.0600261246968738,0.109654867892255,0.0055));
#9182=CARTESIAN_POINT('',(-0.0600261246968738,0.0409048678922546,0.0055));
#9183=CARTESIAN_POINT('',(-0.0600261246968738,0.0409048678922546,0.0053));
#9184=CARTESIAN_POINT('',(-0.0600261246968738,0.0409048678922546,0.004));
#9185=CARTESIAN_POINT('',(-0.0600261246968738,0.109654867892255,0.0053));
#9186=CARTESIAN_POINT('',(-0.0600261246968738,0.109654867892255,0.004));
#9187=CARTESIAN_POINT('',(0.0074738753031262,0.0409048678922546,0.0055));
#9188=CARTESIAN_POINT('',(0.0749738753031262,0.0409048678922546,0.0055));
#9189=CARTESIAN_POINT('',(0.0749738753031262,0.0409048678922546,0.0053));
#9190=CARTESIAN_POINT('',(0.0749738753031262,0.0409048678922546,0.004));
#9191=CARTESIAN_POINT('',(-0.0600261246968738,0.0409048678922546,0.0053));
#9192=CARTESIAN_POINT('',(0.0074738753031262,0.0409048678922546,0.004));
#9193=CARTESIAN_POINT('',(0.0749738753031262,0.109654867892255,0.0055));
#9194=CARTESIAN_POINT('',(0.0749738753031262,0.0409048678922546,0.0053));
#9195=CARTESIAN_POINT('',(0.0749738753031262,0.109654867892255,0.004));
#9196=CARTESIAN_POINT('',(0.00747387530312618,0.108404867892255,0.0055));
#9197=CARTESIAN_POINT('',(0.0749738753031262,0.0411048678922547,0.0055));
#9198=CARTESIAN_POINT('',(-0.0598261246968738,0.0411048678922547,0.0055));
#9199=CARTESIAN_POINT('',(0.0747738753031262,0.0411048678922547,0.0055));
#9200=CARTESIAN_POINT('',(0.0747738753031262,0.0559048678922547,0.0055));
#9201=CARTESIAN_POINT('',(0.0747738753031262,0.0557048678922547,0.0055));
#9202=CARTESIAN_POINT('',(0.00747387530312618,0.0557048678922547,0.0055));
#9203=CARTESIAN_POINT('',(-0.0598261246968738,0.0557048678922547,0.0055));
#9204=CARTESIAN_POINT('',(-0.0598261246968738,0.108404867892255,0.0055));
#9205=CARTESIAN_POINT('',(0.00747387530312618,0.108404867892255,0.004));
#9206=CARTESIAN_POINT('',(-0.0600261246968738,0.109654867892255,0.0053));
#9207=CARTESIAN_POINT('',(-0.037526124696875,0.033404867892255,0.0278));
#9208=CARTESIAN_POINT('',(-0.0371094580302073,0.0638215345589229,0.0282166666666675));
#9209=CARTESIAN_POINT('',(0.00747387530312618,0.0411048678922547,0.0055));
#9210=CARTESIAN_POINT('',(0.0523405419697924,0.0635382012255885,0.0279333333333331));
#9211=CARTESIAN_POINT('',(0.00747387530312619,0.0559048678922547,0.0053));
#9212=CARTESIAN_POINT('',(0.0524738753031252,0.0334048678922544,0.0278));
#9213=CARTESIAN_POINT('',(0.0747738753031262,0.108404867892255,0.0055));
#9214=CARTESIAN_POINT('',(-0.0736787510107525,0.0215973264899956,0.0147550485968827));
#9215=CARTESIAN_POINT('',(0.,-0.0095,0.0232));
#9216=CARTESIAN_POINT('',(0.,0.007,0.0232));
#9217=CARTESIAN_POINT('',(-0.0082,0.007,0.0232));
#9218=CARTESIAN_POINT('',(0.0082,0.007,0.0232));
#9219=CARTESIAN_POINT('',(-0.0082,-0.0095,0.0232));
#9220=CARTESIAN_POINT('',(-0.0082,-0.0095,0.0232));
#9221=CARTESIAN_POINT('',(0.,-0.0095,0.0232));
#9222=CARTESIAN_POINT('',(0.0082,-0.0095,0.0232));
#9223=CARTESIAN_POINT('',(0.0082,-0.0095,0.0232));
#9224=CARTESIAN_POINT('',(-0.0067,-0.0095,0.0232));
#9225=CARTESIAN_POINT('',(-0.0067,-0.008,0.0232));
#9226=CARTESIAN_POINT('',(-0.0067,0.0055,0.0232));
#9227=CARTESIAN_POINT('',(0.,0.0055,0.0232));
#9228=CARTESIAN_POINT('',(0.0067,0.0055,0.0232));
#9229=CARTESIAN_POINT('',(0.0067,-0.0095,0.0232));
#9230=CARTESIAN_POINT('',(0.0067,-0.008,0.0232));
#9231=CARTESIAN_POINT('',(0.,-0.008,0.0232));
#9232=CARTESIAN_POINT('',(-0.0082,-0.0095,0.0195));
#9233=CARTESIAN_POINT('',(-0.0082,0.007,0.0195));
#9234=CARTESIAN_POINT('',(-0.0082,0.007,0.0158));
#9235=CARTESIAN_POINT('',(-0.0082,-0.0095,0.0158));
#9236=CARTESIAN_POINT('',(-0.0082,-0.0095,0.0158));
#9237=CARTESIAN_POINT('',(-0.0082,-0.0095,0.0195));
#9238=CARTESIAN_POINT('',(0.,-0.0095,0.0158));
#9239=CARTESIAN_POINT('',(0.,0.007,0.0158));
#9240=CARTESIAN_POINT('',(0.0082,0.007,0.0158));
#9241=CARTESIAN_POINT('',(0.0082,-0.0095,0.0158));
#9242=CARTESIAN_POINT('',(0.0082,-0.0095,0.0158));
#9243=CARTESIAN_POINT('',(0.,-0.0095,0.0158));
#9244=CARTESIAN_POINT('',(0.0082,-0.0095,0.0195));
#9245=CARTESIAN_POINT('',(0.0082,0.007,0.0195));
#9246=CARTESIAN_POINT('',(0.0082,-0.0095,0.0195));
#9247=CARTESIAN_POINT('',(-3.46944695195361E-18,-0.0095,0.0195));
#9248=CARTESIAN_POINT('',(0.,-0.0095,0.0195));
#9249=CARTESIAN_POINT('',(0.,-0.0095,0.01825));
#9250=CARTESIAN_POINT('',(-3.46944695195361E-18,0.007,0.0195));
#9251=CARTESIAN_POINT('',(0.,-0.0115,0.0195));
#9252=CARTESIAN_POINT('',(0.,-0.0115,0.0195));
#9253=CARTESIAN_POINT('',(0.,-0.0115,0.01825));
#9254=CARTESIAN_POINT('',(0.,-0.0115,0.0195));
#9255=CARTESIAN_POINT('',(-0.0067,-0.0095,0.0195));
#9256=CARTESIAN_POINT('',(-0.0067,0.0055,0.0195));
#9257=CARTESIAN_POINT('',(-0.0067,0.0055,0.0173));
#9258=CARTESIAN_POINT('',(-0.0067,-0.008,0.0195));
#9259=CARTESIAN_POINT('',(-0.0067,-0.008,0.0173));
#9260=CARTESIAN_POINT('',(-0.0067,-0.0095,0.0173));
#9261=CARTESIAN_POINT('',(0.,-0.0095,0.0173));
#9262=CARTESIAN_POINT('',(0.,0.0055,0.0173));
#9263=CARTESIAN_POINT('',(0.0067,0.0055,0.0173));
#9264=CARTESIAN_POINT('',(0.,-0.008,0.0173));
#9265=CARTESIAN_POINT('',(0.0067,-0.008,0.0173));
#9266=CARTESIAN_POINT('',(0.0067,-0.0095,0.0173));
#9267=CARTESIAN_POINT('',(0.0067,-0.0095,0.0195));
#9268=CARTESIAN_POINT('',(0.0067,0.0055,0.0195));
#9269=CARTESIAN_POINT('',(0.0067,-0.008,0.0195));
#9270=CARTESIAN_POINT('',(-3.46944695195361E-18,-0.008,0.0195));
#9271=CARTESIAN_POINT('',(-3.46944695195361E-18,0.0055,0.0195));
#9272=CARTESIAN_POINT('',(-0.0500106353484001,0.0680648310739286,0.0210333330129104));
#9273=CARTESIAN_POINT('',(-0.0587310004045002,0.0215973264899956,0.154255048596882));
#9274=CARTESIAN_POINT('',(0.00747387530312619,-0.0340951321077454,0.0055));
#9275=CARTESIAN_POINT('',(-0.0600261246968738,-0.0340951321077454,0.0055));
#9276=CARTESIAN_POINT('',(-0.0600261246968738,-0.0340951321077454,0.0053));
#9277=CARTESIAN_POINT('',(-0.0600261246968738,-0.0340951321077454,0.004));
#9278=CARTESIAN_POINT('',(0.00747387530312619,-0.0340951321077454,0.0053));
#9279=CARTESIAN_POINT('',(0.0749738753031262,-0.0340951321077454,0.0053));
#9280=CARTESIAN_POINT('',(0.0749738753031262,-0.0340951321077454,0.0055));
#9281=CARTESIAN_POINT('',(0.0749738753031262,-0.0340951321077454,0.004));
#9282=CARTESIAN_POINT('',(0.00747387530312619,-0.0340951321077454,0.004));
#9283=CARTESIAN_POINT('',(-0.0600261246968738,0.0196548678922547,0.0055));
#9284=CARTESIAN_POINT('',(-0.0600261246968738,-0.0490951321077453,0.0055));
#9285=CARTESIAN_POINT('',(-0.0600261246968738,-0.0490951321077453,0.0053));
#9286=CARTESIAN_POINT('',(-0.0600261246968738,-0.0490951321077453,0.004));
#9287=CARTESIAN_POINT('',(-0.0600261246968738,0.0196548678922547,0.0053));
#9288=CARTESIAN_POINT('',(-0.0600261246968738,0.0196548678922547,0.004));
#9289=CARTESIAN_POINT('',(0.0074738753031262,-0.0490951321077453,0.0055));
#9290=CARTESIAN_POINT('',(0.0749738753031262,-0.0490951321077453,0.0055));
#9291=CARTESIAN_POINT('',(0.0749738753031262,-0.0490951321077453,0.0053));
#9292=CARTESIAN_POINT('',(0.0749738753031262,-0.0490951321077453,0.004));
#9293=CARTESIAN_POINT('',(-0.0600261246968738,-0.0490951321077453,0.0053));
#9294=CARTESIAN_POINT('',(0.0074738753031262,-0.0490951321077453,0.004));
#9295=CARTESIAN_POINT('',(0.0749738753031262,0.0196548678922547,0.0055));
#9296=CARTESIAN_POINT('',(0.0749738753031262,-0.0490951321077453,0.0053));
#9297=CARTESIAN_POINT('',(0.0749738753031262,0.0196548678922547,0.004));
#9298=CARTESIAN_POINT('',(0.00747387530312618,0.0184048678922547,0.0055));
#9299=CARTESIAN_POINT('',(0.0749738753031262,-0.0488951321077453,0.0055));
#9300=CARTESIAN_POINT('',(-0.0598261246968738,-0.0488951321077453,0.0055));
#9301=CARTESIAN_POINT('',(0.0747738753031262,-0.0488951321077453,0.0055));
#9302=CARTESIAN_POINT('',(0.0747738753031262,-0.0340951321077454,0.0055));
#9303=CARTESIAN_POINT('',(0.0747738753031262,-0.0342951321077454,0.0055));
#9304=CARTESIAN_POINT('',(0.00747387530312618,-0.0342951321077454,0.0055));
#9305=CARTESIAN_POINT('',(-0.0598261246968738,-0.0342951321077454,0.0055));
#9306=CARTESIAN_POINT('',(-0.0598261246968738,0.0184048678922547,0.0055));
#9307=CARTESIAN_POINT('',(0.00747387530312618,0.0184048678922547,0.004));
#9308=CARTESIAN_POINT('',(-0.0600261246968738,0.0196548678922547,0.0053));
#9309=CARTESIAN_POINT('',(-0.037526124696875,-0.056595132107745,0.0278));
#9310=CARTESIAN_POINT('',(-0.0371094580302073,-0.0261784654410771,0.0282166666666675));
#9311=CARTESIAN_POINT('',(0.00747387530312618,-0.0488951321077453,0.0055));
#9312=CARTESIAN_POINT('',(0.0523405419697924,-0.0264617987744116,0.0279333333333331));
#9313=CARTESIAN_POINT('',(0.00747387530312619,-0.0340951321077454,0.0053));
#9314=CARTESIAN_POINT('',(0.0524738753031252,-0.0565951321077455,0.0278));
#9315=CARTESIAN_POINT('',(0.0747738753031262,0.0184048678922547,0.0055));
#9316=CARTESIAN_POINT('',(-0.0736787510107525,0.0215973264899956,0.0147550485968827));
#9317=CARTESIAN_POINT('',(0.0440581099689007,0.00213930690288543,0.003));
#9318=CARTESIAN_POINT('',(0.0440581099689007,0.00213930690288543,0.0025));
#9319=CARTESIAN_POINT('',(0.0550581099689007,0.00213930690288543,0.0025));
#9320=CARTESIAN_POINT('',(0.0330581099689007,0.00213930690288543,0.0025));
#9321=CARTESIAN_POINT('',(0.0550581099689007,0.00213930690288543,0.003));
#9322=CARTESIAN_POINT('',(0.0550581099689007,0.00213930690288543,0.003));
#9323=CARTESIAN_POINT('',(0.0440581099689007,0.00213930690288543,0.003));
#9324=CARTESIAN_POINT('',(0.0330581099689007,0.00213930690288543,0.003));
#9325=CARTESIAN_POINT('',(0.0330581099689007,0.00213930690288543,0.003));
#9326=CARTESIAN_POINT('',(0.0550581099689007,0.0131393069028854,0.003));
#9327=CARTESIAN_POINT('',(0.0550581099689007,0.0131393069028854,0.0025));
#9328=CARTESIAN_POINT('',(0.0550581099689007,0.0241393069028854,0.0025));
#9329=CARTESIAN_POINT('',(0.0550581099689007,0.0241393069028854,0.003));
#9330=CARTESIAN_POINT('',(0.0550581099689007,0.0241393069028854,0.003));
#9331=CARTESIAN_POINT('',(0.0550581099689007,0.0131393069028854,0.003));
#9332=CARTESIAN_POINT('',(0.0440581099689007,0.0241393069028854,0.003));
#9333=CARTESIAN_POINT('',(0.0440581099689007,0.0241393069028854,0.0025));
#9334=CARTESIAN_POINT('',(0.0330581099689007,0.0241393069028854,0.0025));
#9335=CARTESIAN_POINT('',(0.0330581099689007,0.0241393069028854,0.003));
#9336=CARTESIAN_POINT('',(0.0330581099689007,0.0241393069028854,0.003));
#9337=CARTESIAN_POINT('',(0.0440581099689007,0.0241393069028854,0.003));
#9338=CARTESIAN_POINT('',(0.0330581099689007,0.0131393069028854,0.003));
#9339=CARTESIAN_POINT('',(0.0330581099689007,0.0131393069028854,0.0025));
#9340=CARTESIAN_POINT('',(0.0330581099689007,0.0131393069028854,0.003));
#9341=CARTESIAN_POINT('',(0.0440581099689007,0.0131393069028854,0.003));
#9342=CARTESIAN_POINT('',(0.0440581099689007,0.0131393069028854,0.0025));
#9343=CARTESIAN_POINT('',(0.00388470867842986,-0.0352983711765102,0.0558297176621854));
#9344=CARTESIAN_POINT('',(0.00747387530312616,0.0559048678922547,0.004));
#9345=CARTESIAN_POINT('',(0.00747387530312616,0.0559048678922547,0.0025));
#9346=CARTESIAN_POINT('',(-0.0600261246968739,0.0559048678922547,0.0025));
#9347=CARTESIAN_POINT('',(0.0749738753031262,0.0559048678922547,0.0025));
#9348=CARTESIAN_POINT('',(-0.0600261246968739,0.0559048678922547,0.004));
#9349=CARTESIAN_POINT('',(-0.0600261246968739,0.0559048678922547,0.004));
#9350=CARTESIAN_POINT('',(0.00747387530312616,0.0559048678922547,0.004));
#9351=CARTESIAN_POINT('',(0.0749738753031262,0.0559048678922547,0.004));
#9352=CARTESIAN_POINT('',(0.0749738753031262,0.0559048678922547,0.004));
#9353=CARTESIAN_POINT('',(-0.0600261246968738,-0.0103451321077453,0.004));
#9354=CARTESIAN_POINT('',(-0.0600261246968738,-0.0103451321077453,0.0025));
#9355=CARTESIAN_POINT('',(-0.0600261246968738,-0.0790951321077453,0.0025));
#9356=CARTESIAN_POINT('',(-0.0600261246968738,-0.0790951321077453,0.004));
#9357=CARTESIAN_POINT('',(-0.0600261246968738,-0.0790951321077453,0.004));
#9358=CARTESIAN_POINT('',(-0.0600261246968738,-0.0103451321077453,0.004));
#9359=CARTESIAN_POINT('',(0.0074738753031262,-0.0790951321077453,0.004));
#9360=CARTESIAN_POINT('',(0.0074738753031262,-0.0790951321077453,0.0025));
#9361=CARTESIAN_POINT('',(0.0749738753031262,-0.0790951321077453,0.0025));
#9362=CARTESIAN_POINT('',(0.0749738753031262,-0.0790951321077453,0.004));
#9363=CARTESIAN_POINT('',(0.0749738753031262,-0.0790951321077453,0.004));
#9364=CARTESIAN_POINT('',(0.0074738753031262,-0.0790951321077453,0.004));
#9365=CARTESIAN_POINT('',(0.0749738753031262,-0.0103451321077453,0.004));
#9366=CARTESIAN_POINT('',(0.0749738753031262,-0.0103451321077453,0.0025));
#9367=CARTESIAN_POINT('',(0.0749738753031262,-0.0103451321077453,0.004));
#9368=CARTESIAN_POINT('',(0.00747387530312617,-0.0103451321077453,0.004));
#9369=CARTESIAN_POINT('',(0.00747387530312617,-0.0103451321077453,0.0025));
#9370=CARTESIAN_POINT('',(-0.0736787510107525,0.0215973264899956,0.0147550485968827));
#9371=CARTESIAN_POINT('',(0.0175174558565947,-0.0103971788892581,0.0035));
#9372=CARTESIAN_POINT('',(0.0175174558565947,-0.0103971788892581,0.0035));
#9373=CARTESIAN_POINT('',(0.0175174558565948,-0.0103971788892581,0.0035));
#9374=CARTESIAN_POINT('',(0.0176914514075839,-0.0103043340504527,0.0035));
#9375=CARTESIAN_POINT('',(0.0176504219501389,-0.0104379950396753,0.0035000000005874));
#9376=CARTESIAN_POINT('',(0.0176093924876863,-0.0105716560273605,0.0035));
#9377=CARTESIAN_POINT('',(0.0178723687838726,-0.0102077956934365,0.00349607708261556));
#9378=CARTESIAN_POINT('',(0.017789813275261,-0.0104807835216154,0.00347530851577136));
#9379=CARTESIAN_POINT('',(0.0177049865071777,-0.0107530741489877,0.00349607708261571));
#9380=CARTESIAN_POINT('',(0.0180519190157298,-0.0101119868508688,0.00348764040950716));
#9381=CARTESIAN_POINT('',(0.0179138351690973,-0.010518854101409,0.00342681045791816));
#9382=CARTESIAN_POINT('',(0.0177998581480069,-0.0109331213423614,0.00348764040950716));
#9383=CARTESIAN_POINT('',(0.0177998581480069,-0.0109331213423614,0.00348764040950715));
#9384=CARTESIAN_POINT('',(0.0179138351690973,-0.010518854101409,0.00342681045791817));
#9385=CARTESIAN_POINT('',(0.0180519190157298,-0.0101119868508689,0.00348764040950716));
#9386=CARTESIAN_POINT('',(0.0180519190157298,-0.0101119868508689,0.00348764040950716));
#9387=CARTESIAN_POINT('',(0.0177998581480069,-0.0109331213423614,0.00348764040950715));
#9388=CARTESIAN_POINT('',(0.0175174558565947,-0.0103971788892581,0.0031));
#9389=CARTESIAN_POINT('',(0.0175174558565947,-0.0103971788892581,0.0035));
#9390=CARTESIAN_POINT('',(0.0175174558565947,-0.0103971788892581,0.0031));
#9391=CARTESIAN_POINT('',(0.00590805566333525,-0.0192919110745986,0.0035));
#9392=CARTESIAN_POINT('',(0.00590805566333527,-0.0192919110745986,0.0035));
#9393=CARTESIAN_POINT('',(0.00590805566333528,-0.0192919110745985,0.0035));
#9394=CARTESIAN_POINT('',(0.00603896418253018,-0.0194295676673704,0.0035));
#9395=CARTESIAN_POINT('',(0.00590769911511428,-0.0194292268328294,0.00350000000048465));
#9396=CARTESIAN_POINT('',(0.00577643404771271,-0.0194288859928599,0.0035));
#9397=CARTESIAN_POINT('',(0.00617438537087572,-0.0195719695485039,0.00349688174621917));
#9398=CARTESIAN_POINT('',(0.00590732763799718,-0.0195722920878622,0.00347882177906603));
#9399=CARTESIAN_POINT('',(0.00564027518113319,-0.0195705827008506,0.00349688174621895));
#9400=CARTESIAN_POINT('',(0.00630942975764369,-0.0197139752044835,0.00349021423674344));
#9401=CARTESIAN_POINT('',(0.00590698732769895,-0.0197033542113186,0.00343657611518507));
#9402=CARTESIAN_POINT('',(0.00550449516867875,-0.0197118851457864,0.00349021423674344));
#9403=CARTESIAN_POINT('',(0.00550449516867876,-0.0197118851457864,0.00349021423674344));
#9404=CARTESIAN_POINT('',(0.00590698732769897,-0.0197033542113186,0.00343657611518508));
#9405=CARTESIAN_POINT('',(0.00630942975764371,-0.0197139752044835,0.00349021423674344));
#9406=CARTESIAN_POINT('',(0.00630942975764371,-0.0197139752044835,0.00349021423674344));
#9407=CARTESIAN_POINT('',(0.00550449516867876,-0.0197118851457864,0.00349021423674344));
#9408=CARTESIAN_POINT('',(0.00590805566333527,-0.0192919110745986,0.0031));
#9409=CARTESIAN_POINT('',(0.00590805566333526,-0.0192919110745986,0.0035));
#9410=CARTESIAN_POINT('',(0.00590805566333527,-0.0192919110745986,0.0031));
#9411=CARTESIAN_POINT('',(0.0123934896510363,0.00499490683683814,0.0035));
#9412=CARTESIAN_POINT('',(0.0123934896510363,0.00499490683683814,0.0035));
#9413=CARTESIAN_POINT('',(0.0123934896510363,0.00499490683683813,0.0035));
#9414=CARTESIAN_POINT('',(0.0123623912218846,0.00518807324759699,0.0035));
#9415=CARTESIAN_POINT('',(0.0124744906116353,0.00510724306329841,0.00350000000056945));
#9416=CARTESIAN_POINT('',(0.0125865899983073,0.00502641287473363,0.0035));
#9417=CARTESIAN_POINT('',(0.012330085552698,0.00538873837285268,0.0034962279491389));
#9418=CARTESIAN_POINT('',(0.0125593106121848,0.00522487572739931,0.00347598762566791));
#9419=CARTESIAN_POINT('',(0.0127871864954701,0.00505914197619633,0.00349622794913883));
#9420=CARTESIAN_POINT('',(0.0122979937258949,0.00558807522523837,0.00348812356642422));
#9421=CARTESIAN_POINT('',(0.012635195223497,0.00533011634205667,0.00342868214533158));
#9422=CARTESIAN_POINT('',(0.0129864551740895,0.00509165443208547,0.00348812356642422));
#9423=CARTESIAN_POINT('',(0.0129864551740895,0.00509165443208546,0.00348812356642422));
#9424=CARTESIAN_POINT('',(0.0126351952234969,0.00533011634205667,0.00342868214533158));
#9425=CARTESIAN_POINT('',(0.0122979937258949,0.00558807522523836,0.00348812356642422));
#9426=CARTESIAN_POINT('',(0.0122979937258949,0.00558807522523836,0.00348812356642422));
#9427=CARTESIAN_POINT('',(0.0129864551740895,0.00509165443208546,0.00348812356642422));
#9428=CARTESIAN_POINT('',(0.0123934896510363,0.00499490683683813,0.0031));
#9429=CARTESIAN_POINT('',(0.0123934896510363,0.00499490683683813,0.0035));
#9430=CARTESIAN_POINT('',(0.0123934896510363,0.00499490683683813,0.0031));
#9431=CARTESIAN_POINT('',(-0.00142554552914937,0.00558190831459447,0.00348891558410662));
#9432=CARTESIAN_POINT('',(-0.00175389822645534,0.00532625150062843,0.00343173005731936));
#9433=CARTESIAN_POINT('',(-0.00209538317147912,0.00508841976877275,0.00348891558410662));
#9434=CARTESIAN_POINT('',(-0.00145386934290857,0.00538454598009195,0.00349647543238328));
#9435=CARTESIAN_POINT('',(-0.0016768327918698,0.00522164658234911,0.00347708720863566));
#9436=CARTESIAN_POINT('',(-0.00189849337692728,0.00505697873973612,0.00349647543238323));
#9437=CARTESIAN_POINT('',(-0.00148233893607563,0.0051861678432324,0.0035));
#9438=CARTESIAN_POINT('',(-0.00159146457569777,0.0051057718672528,0.00350000000053857));
#9439=CARTESIAN_POINT('',(-0.00170059021217393,0.00502537588700267,0.0035));
#9440=CARTESIAN_POINT('',(-0.00150978713748913,0.00499490683683811,0.0035));
#9441=CARTESIAN_POINT('',(-0.00150978713748912,0.00499490683683812,0.0035));
#9442=CARTESIAN_POINT('',(-0.00150978713748912,0.00499490683683813,0.0035));
#9443=CARTESIAN_POINT('',(-0.00142554552914936,0.00558190831459449,0.00348891558410662));
#9444=CARTESIAN_POINT('',(-0.00175389822645533,0.00532625150062843,0.00343173005731936));
#9445=CARTESIAN_POINT('',(-0.0020953831714791,0.00508841976877275,0.00348891558410662));
#9446=CARTESIAN_POINT('',(-0.0020953831714791,0.00508841976877275,0.00348891558410662));
#9447=CARTESIAN_POINT('',(-0.00142554552914936,0.00558190831459449,0.00348891558410662));
#9448=CARTESIAN_POINT('',(-0.00150978713748912,0.00499490683683813,0.0031));
#9449=CARTESIAN_POINT('',(-0.00150978713748912,0.00499490683683813,0.0035));
#9450=CARTESIAN_POINT('',(-0.00150978713748912,0.00499490683683813,0.0031));
#9451=CARTESIAN_POINT('',(-0.00669521547445562,-0.00966249158115219,0.00348634368538271));
#9452=CARTESIAN_POINT('',(-0.00654843967408893,-0.0100806211027786,0.00342177787178794));
#9453=CARTESIAN_POINT('',(-0.00642880781443059,-0.0105073102760459,0.00348634368538271));
#9454=CARTESIAN_POINT('',(-0.00651182157455288,-0.00976052912292354,0.0034956725282171));
#9455=CARTESIAN_POINT('',(-0.00642454730952597,-0.0100415525131027,0.00347346678828958));
#9456=CARTESIAN_POINT('',(-0.006334827268704,-0.0103218046450124,0.0034956725282168));
#9457=CARTESIAN_POINT('',(-0.00632654743500406,-0.00985957179098712,0.0035));
#9458=CARTESIAN_POINT('',(-0.00628321531525352,-0.00999698445831717,0.00350000000063387));
#9459=CARTESIAN_POINT('',(-0.00623988319053924,-0.0101343971240816,0.0035));
#9460=CARTESIAN_POINT('',(-0.00614879217760674,-0.00995459506308961,0.0035));
#9461=CARTESIAN_POINT('',(-0.00614879217760674,-0.00995459506308959,0.0035));
#9462=CARTESIAN_POINT('',(-0.00614879217760675,-0.00995459506308957,0.0035));
#9463=CARTESIAN_POINT('',(-0.00669521547445565,-0.00966249158115217,0.00348634368538271));
#9464=CARTESIAN_POINT('',(-0.00654843967408896,-0.0100806211027786,0.00342177787178794));
#9465=CARTESIAN_POINT('',(-0.0064288078144306,-0.0105073102760459,0.00348634368538271));
#9466=CARTESIAN_POINT('',(-0.0064288078144306,-0.0105073102760459,0.00348634368538271));
#9467=CARTESIAN_POINT('',(-0.00669521547445565,-0.00966249158115217,0.00348634368538271));
#9468=CARTESIAN_POINT('',(-0.00614879217760677,-0.00995459506308959,0.0031));
#9469=CARTESIAN_POINT('',(-0.00614879217760677,-0.00995459506308959,0.0035));
#9470=CARTESIAN_POINT('',(-0.00614879217760677,-0.00995459506308959,0.0031));
#9471=CARTESIAN_POINT('',(0.00747387530312617,-0.0103451321077453,0.0035));
#9472=CARTESIAN_POINT('',(0.0299386397289248,0.00239490683683813,0.0035));
#9473=CARTESIAN_POINT('',(0.0299386397289248,0.00499490683683813,0.0035));
#9474=CARTESIAN_POINT('',(0.0315199113729133,0.000331031843550479,0.0035));
#9475=CARTESIAN_POINT('',(0.00747387530312617,0.00499490683683813,0.0035));
#9476=CARTESIAN_POINT('',(0.0164998702565323,-0.00734041306343918,0.0035));
#9477=CARTESIAN_POINT('',(0.00775157698458365,0.0189389327786142,0.0035));
#9478=CARTESIAN_POINT('',(0.00528467706046691,0.0181177112711067,0.0035));
#9479=CARTESIAN_POINT('',(0.00280148700460738,0.0188882741475032,0.0035));
#9480=CARTESIAN_POINT('',(-0.00506278364223841,-0.00645486041688294,0.0035));
#9481=CARTESIAN_POINT('',(0.00747387530312617,0.00499490683683813,0.0035));
#9482=CARTESIAN_POINT('',(-0.0178488214743177,0.00499490683683813,0.0035));
#9483=CARTESIAN_POINT('',(-0.0178488214743177,0.00239490683683813,0.0035));
#9484=CARTESIAN_POINT('',(-0.0194407896628964,0.000339271342263924,0.0035));
#9485=CARTESIAN_POINT('',(0.00255571767352538,-0.0166957234473525,0.0035));
#9486=CARTESIAN_POINT('',(-0.00506278364223841,-0.00645486041688293,0.0035));
#9487=CARTESIAN_POINT('',(-0.0112889873934129,-0.0265192155970532,0.0035));
#9488=CARTESIAN_POINT('',(-0.0088057973375534,-0.0272897784734497,0.0035));
#9489=CARTESIAN_POINT('',(-0.00722452569356497,-0.0293536534667373,0.0035));
#9490=CARTESIAN_POINT('',(0.0112139680437628,-0.015226699363645,0.0035));
#9491=CARTESIAN_POINT('',(0.00255571767352538,-0.0166957234473525,0.0035));
#9492=CARTESIAN_POINT('',(0.0187805532582309,-0.0292608996101244,0.0035));
#9493=CARTESIAN_POINT('',(0.0203725214468096,-0.0272052641155502,0.0035));
#9494=CARTESIAN_POINT('',(0.0228394213709264,-0.0263840426080427,0.0035));
#9495=CARTESIAN_POINT('',(0.0164998702565323,-0.00734041306343918,0.0035));
#9496=CARTESIAN_POINT('',(0.0112139680437628,-0.015226699363645,0.0035));
#9497=CARTESIAN_POINT('',(0.00893315258782057,0.0166559570542524,0.0035));
#9498=CARTESIAN_POINT('',(0.00893315258782057,0.0166559570542524,0.0031));
#9499=CARTESIAN_POINT('',(0.00813110004983238,0.0190652745489999,0.0031));
#9500=CARTESIAN_POINT('',(0.0119986646431495,0.0074473435589449,0.0031));
#9501=CARTESIAN_POINT('',(0.0119986646431495,0.0074473435589449,0.0025));
#9502=CARTESIAN_POINT('',(0.0119986646431495,0.0074473435589449,0.0025));
#9503=CARTESIAN_POINT('',(0.00893315258782057,0.0166559570542524,0.0025));
#9504=CARTESIAN_POINT('',(0.00813110004983238,0.0190652745489999,0.0025));
#9505=CARTESIAN_POINT('',(0.00813110004983238,0.0190652745489999,0.0035));
#9506=CARTESIAN_POINT('',(0.00168995682837652,0.0166559570542524,0.0035));
#9507=CARTESIAN_POINT('',(0.00168995682837652,0.0166559570542524,0.0025));
#9508=CARTESIAN_POINT('',(-0.00114944506887061,0.00750579582561146,0.0025));
#9509=CARTESIAN_POINT('',(0.00241945776524438,0.0190068222823334,0.0025));
#9510=CARTESIAN_POINT('',(-0.00114944506887061,0.00750579582561147,0.0031));
#9511=CARTESIAN_POINT('',(-0.00114944506887061,0.00750579582561147,0.0031));
#9512=CARTESIAN_POINT('',(0.00168995682837652,0.0166559570542524,0.0031));
#9513=CARTESIAN_POINT('',(0.00241945776524438,0.0190068222823334,0.0031));
#9514=CARTESIAN_POINT('',(0.00241945776524438,0.0190068222823334,0.0035));
#9515=CARTESIAN_POINT('',(-0.0142133289122708,0.00539490683683813,0.0035));
#9516=CARTESIAN_POINT('',(-0.0142133289122708,0.00539490683683813,0.0031));
#9517=CARTESIAN_POINT('',(-0.0178488214743177,0.00539490683683813,0.0031));
#9518=CARTESIAN_POINT('',(-0.00401466436409314,0.00539490683683813,0.0031));
#9519=CARTESIAN_POINT('',(-0.00401466436409314,0.00539490683683813,0.0025));
#9520=CARTESIAN_POINT('',(-0.00401466436409314,0.00539490683683813,0.0025));
#9521=CARTESIAN_POINT('',(-0.0142133289122708,0.00539490683683813,0.0025));
#9522=CARTESIAN_POINT('',(-0.0178488214743177,0.00539490683683813,0.0025));
#9523=CARTESIAN_POINT('',(-0.0178488214743177,0.00539490683683813,0.0035));
#9524=CARTESIAN_POINT('',(-0.0166176080058564,-0.0023530422528236,0.0035));
#9525=CARTESIAN_POINT('',(-0.0166176080058564,-0.0023530422528236,0.0025));
#9526=CARTESIAN_POINT('',(-0.00825798478273049,-0.00882707632882947,0.0025));
#9527=CARTESIAN_POINT('',(-0.0196857078457547,2.30197277140431E-5,0.0025));
#9528=CARTESIAN_POINT('',(-0.00825798478273049,-0.00882707632882947,0.0031));
#9529=CARTESIAN_POINT('',(-0.00825798478273049,-0.00882707632882947,0.0031));
#9530=CARTESIAN_POINT('',(-0.0166176080058564,-0.0023530422528236,0.0031));
#9531=CARTESIAN_POINT('',(-0.0196857078457547,2.30197277140431E-5,0.0031));
#9532=CARTESIAN_POINT('',(-0.0196857078457547,2.30197277140431E-5,0.0035));
#9533=CARTESIAN_POINT('',(-0.010539120873747,-0.0227530581895901,0.0035));
#9534=CARTESIAN_POINT('',(-0.010539120873747,-0.0227530581895901,0.0031));
#9535=CARTESIAN_POINT('',(-0.0116710166327759,-0.026400667462223,0.0031));
#9536=CARTESIAN_POINT('',(-0.00722965185894496,-0.0120880744491802,0.0031));
#9537=CARTESIAN_POINT('',(-0.00722965185894496,-0.0120880744491802,0.0025));
#9538=CARTESIAN_POINT('',(-0.00722965185894496,-0.0120880744491802,0.0025));
#9539=CARTESIAN_POINT('',(-0.010539120873747,-0.0227530581895901,0.0025));
#9540=CARTESIAN_POINT('',(-0.0116710166327759,-0.026400667462223,0.0025));
#9541=CARTESIAN_POINT('',(-0.0116710166327759,-0.026400667462223,0.0035));
#9542=CARTESIAN_POINT('',(-0.0042792301756238,-0.0276009735333833,0.0035));
#9543=CARTESIAN_POINT('',(-0.0042792301756238,-0.0276009735333833,0.0025));
#9544=CARTESIAN_POINT('',(0.00407236770225907,-0.0212022599730947,0.0025));
#9545=CARTESIAN_POINT('',(-0.00698125313295137,-0.0296711726964739,0.0025));
#9546=CARTESIAN_POINT('',(0.00407236770225907,-0.0212022599730947,0.0031));
#9547=CARTESIAN_POINT('',(0.00407236770225907,-0.0212022599730947,0.0031));
#9548=CARTESIAN_POINT('',(-0.0042792301756238,-0.0276009735333833,0.0031));
#9549=CARTESIAN_POINT('',(-0.00698125313295137,-0.0296711726964739,0.0031));
#9550=CARTESIAN_POINT('',(-0.00698125313295137,-0.0296711726964739,0.0035));
#9551=CARTESIAN_POINT('',(0.0161206826723184,-0.0277069133285386,0.0035));
#9552=CARTESIAN_POINT('',(0.0161206826723184,-0.0277069133285386,0.0031));
#9553=CARTESIAN_POINT('',(0.0185356350753727,-0.0295771512246742,0.0031));
#9554=CARTESIAN_POINT('',(0.00773379827829811,-0.0212117670869948,0.0031));
#9555=CARTESIAN_POINT('',(0.00773379827829811,-0.0212117670869948,0.0025));
#9556=CARTESIAN_POINT('',(0.00773379827829811,-0.0212117670869948,0.0025));
#9557=CARTESIAN_POINT('',(0.0161206826723184,-0.0277069133285386,0.0025));
#9558=CARTESIAN_POINT('',(0.0185356350753727,-0.0295771512246742,0.0025));
#9559=CARTESIAN_POINT('',(0.0185356350753727,-0.0295771512246742,0.0035));
#9560=CARTESIAN_POINT('',(0.0221608211545041,-0.0230791622589696,0.0035));
#9561=CARTESIAN_POINT('',(0.0221608211545041,-0.0230791622589696,0.0025));
#9562=CARTESIAN_POINT('',(0.0186623416652082,-0.012569940681392,0.0025));
#9563=CARTESIAN_POINT('',(0.0232189444361751,-0.0262577008376569,0.0025));
#9564=CARTESIAN_POINT('',(0.0186623416652082,-0.012569940681392,0.0031));
#9565=CARTESIAN_POINT('',(0.0186623416652082,-0.012569940681392,0.0031));
#9566=CARTESIAN_POINT('',(0.0221608211545041,-0.0230791622589696,0.0031));
#9567=CARTESIAN_POINT('',(0.0232189444361751,-0.0262577008376569,0.0031));
#9568=CARTESIAN_POINT('',(0.0232189444361751,-0.0262577008376569,0.0035));
#9569=CARTESIAN_POINT('',(0.0283869993483046,-0.00257320652704766,0.0035));
#9570=CARTESIAN_POINT('',(0.0283869993483046,-0.00257320652704766,0.0031));
#9571=CARTESIAN_POINT('',(0.0317631839335268,1.35126138139118E-5,0.0031));
#9572=CARTESIAN_POINT('',(0.0196842204499716,-0.00924098318047452,0.0031));
#9573=CARTESIAN_POINT('',(0.0196842204499716,-0.00924098318047452,0.0025));
#9574=CARTESIAN_POINT('',(0.0196842204499716,-0.00924098318047452,0.0025));
#9575=CARTESIAN_POINT('',(0.0283869993483046,-0.00257320652704766,0.0025));
#9576=CARTESIAN_POINT('',(0.0317631839335268,1.35126138139118E-5,0.0025));
#9577=CARTESIAN_POINT('',(0.0317631839335268,1.35126138139118E-5,0.0035));
#9578=CARTESIAN_POINT('',(0.0257344450210254,0.00539490683683813,0.0035));
#9579=CARTESIAN_POINT('',(0.0257344450210254,0.00539490683683813,0.0025));
#9580=CARTESIAN_POINT('',(0.014845087632515,0.00539490683683813,0.0025));
#9581=CARTESIAN_POINT('',(0.0299386397289248,0.00539490683683813,0.0025));
#9582=CARTESIAN_POINT('',(0.014845087632515,0.00539490683683813,0.0031));
#9583=CARTESIAN_POINT('',(0.014845087632515,0.00539490683683813,0.0031));
#9584=CARTESIAN_POINT('',(0.0257344450210254,0.00539490683683813,0.0031));
#9585=CARTESIAN_POINT('',(0.0299386397289248,0.00539490683683813,0.0031));
#9586=CARTESIAN_POINT('',(0.0299386397289248,0.00539490683683813,0.0035));
#9587=CARTESIAN_POINT('',(0.00747387530312617,-0.0103451321077453,0.0025));
#9588=CARTESIAN_POINT('',(0.0203725214468096,-0.0272052641155502,0.0025));
#9589=CARTESIAN_POINT('',(0.00589691190686111,-0.0235836541961189,0.0025));
#9590=CARTESIAN_POINT('',(-0.0088057973375534,-0.0272897784734497,0.0025));
#9591=CARTESIAN_POINT('',(-0.0100948711541675,-0.0111989634379535,0.0025));
#9592=CARTESIAN_POINT('',(-0.0178488214743177,0.00239490683683813,0.0025));
#9593=CARTESIAN_POINT('',(-0.00401466436409314,0.00839490683683813,0.0025));
#9594=CARTESIAN_POINT('',(0.00528467706046691,0.0181177112711067,0.0025));
#9595=CARTESIAN_POINT('',(0.014845087632515,0.00839490683683813,0.0025));
#9596=CARTESIAN_POINT('',(0.0299386397289248,0.00239490683683813,0.0025));
#9597=CARTESIAN_POINT('',(0.0215087646545737,-0.0116223774034987,0.0025));
#9598=CARTESIAN_POINT('',(0.00855362952257184,0.0165296152838666,0.0031));
#9599=CARTESIAN_POINT('',(0.00775157698458365,0.0189389327786142,0.0031));
#9600=CARTESIAN_POINT('',(0.0122979937258949,0.00558807522523836,0.00348812356642422));
#9601=CARTESIAN_POINT('',(0.0122877117041276,0.00565194151335822,0.00348552697258979));
#9602=CARTESIAN_POINT('',(0.0122770869043677,0.00571793695051178,0.00348246048670899));
#9603=CARTESIAN_POINT('',(0.0122518379347025,0.00587476972317407,0.00347361543638839));
#9604=CARTESIAN_POINT('',(0.012237473191569,0.00596399563741428,0.00346815148152697));
#9605=CARTESIAN_POINT('',(0.0122072881187265,0.00615148878323855,0.00345290776591989));
#9606=CARTESIAN_POINT('',(0.0121957327182522,0.00622326459608407,0.00344663080651558));
#9607=CARTESIAN_POINT('',(0.0121672444218266,0.00640021830207161,0.00342826071566877));
#9608=CARTESIAN_POINT('',(0.012150248287078,0.00650578895395114,0.00341642579605636));
#9609=CARTESIAN_POINT('',(0.0121181604825923,0.00670510085854884,0.00338706590401139));
#9610=CARTESIAN_POINT('',(0.0121063418694139,0.00677851157155044,0.00337526380443971));
#9611=CARTESIAN_POINT('',(0.0120806828639764,0.00693789131618611,0.00334488716403876));
#9612=CARTESIAN_POINT('',(0.0120667643224124,0.0070243455893789,0.00332626275835866));
#9613=CARTESIAN_POINT('',(0.012039199409164,0.00719556384836854,0.00327868227725087));
#9614=CARTESIAN_POINT('',(0.0120255402468059,0.00728040695465697,0.00324947845503684));
#9615=CARTESIAN_POINT('',(0.0120050710979417,0.00740755024315178,0.00318033089652108));
#9616=CARTESIAN_POINT('',(0.0119986646434048,0.00744734355817822,0.00314046553344169));
#9617=CARTESIAN_POINT('',(0.0119986646431495,0.0074473435589449,0.0031));
#9618=CARTESIAN_POINT('',(0.0257344450210254,0.00499490683683813,0.0031));
#9619=CARTESIAN_POINT('',(0.0129864551740895,0.00509165443208546,0.00348812356642422));
#9620=CARTESIAN_POINT('',(0.0130502996197558,0.00510207122081509,0.00348552697258923));
#9621=CARTESIAN_POINT('',(0.0131162724862869,0.00511283528030011,0.00348246048670895));
#9622=CARTESIAN_POINT('',(0.0132730516216382,0.00513841518977718,0.00347361543638844));
#9623=CARTESIAN_POINT('',(0.0133622470205135,0.00515296821133658,0.00346815148152717));
#9624=CARTESIAN_POINT('',(0.0135496760429113,0.00518354892285886,0.00345290776591978));
#9625=CARTESIAN_POINT('',(0.0136214273085488,0.00519525577850281,0.00344663080651549));
#9626=CARTESIAN_POINT('',(0.0137983204953222,0.00522411747577162,0.00342826071566887));
#9627=CARTESIAN_POINT('',(0.0139038550432108,0.0052413363705271,0.00341642579605624));
#9628=CARTESIAN_POINT('',(0.0141030987807106,0.00527384476295268,0.00338706590401144));
#9629=CARTESIAN_POINT('',(0.014176484389043,0.00528581827081634,0.00337526380443974));
#9630=CARTESIAN_POINT('',(0.0143358096225329,0.00531181360758146,0.00334488716403873));
#9631=CARTESIAN_POINT('',(0.014422234332404,0.0053259145535175,0.00332626275835872));
#9632=CARTESIAN_POINT('',(0.0145933940284503,0.00535384079750198,0.00327868227725083));
#9633=CARTESIAN_POINT('',(0.0146782081247459,0.00536767895021847,0.00324947845503693));
#9634=CARTESIAN_POINT('',(0.0148053079224485,0.00538841643532133,0.003180330896521));
#9635=CARTESIAN_POINT('',(0.014845087631707,0.00539490683683813,0.00314046553344175));
#9636=CARTESIAN_POINT('',(0.014845087632515,0.00539490683683813,0.0031));
#9637=CARTESIAN_POINT('',(0.0299386397289248,0.00499490683683813,0.0031));
#9638=CARTESIAN_POINT('',(0.00207198606773953,0.0165374089194222,0.0031));
#9639=CARTESIAN_POINT('',(-0.00142554552914936,0.00558190831459449,0.00348891558410662));
#9640=CARTESIAN_POINT('',(-0.00141636337371765,0.00564589022216333,0.00348646479472277));
#9641=CARTESIAN_POINT('',(-0.00140688846342028,0.00571191206614737,0.00348357131710683));
#9642=CARTESIAN_POINT('',(-0.0013843516036531,0.00586895049778648,0.00347521461027331));
#9643=CARTESIAN_POINT('',(-0.00137153467337077,0.005958259770063,0.00347005772401716));
#9644=CARTESIAN_POINT('',(-0.00134444230880705,0.00614704128455572,0.00345557853484425));
#9645=CARTESIAN_POINT('',(-0.00133405255356045,0.00621943782617034,0.00344961049406909));
#9646=CARTESIAN_POINT('',(-0.00130827900889076,0.00639902971689879,0.00343203421085806));
#9647=CARTESIAN_POINT('',(-0.00129285267176732,0.00650652149196266,0.00342070254770289));
#9648=CARTESIAN_POINT('',(-0.00126332724936353,0.00671225676043623,0.00339216677739425));
#9649=CARTESIAN_POINT('',(-0.00125239405030274,0.0067884400194975,0.00338065051443516));
#9650=CARTESIAN_POINT('',(-0.0012284274064478,0.00695544134920176,0.00335070718059435));
#9651=CARTESIAN_POINT('',(-0.00121531305692464,0.0070468229643019,0.00333223511181902));
#9652=CARTESIAN_POINT('',(-0.00117586736943211,0.00732168350406308,0.00326045545877634));
#9653=CARTESIAN_POINT('',(-0.0011494450694488,0.00750579582374821,0.00318685296975645));
#9654=CARTESIAN_POINT('',(-0.00114944506887061,0.00750579582561147,0.0031));
#9655=CARTESIAN_POINT('',(0.00280148700460738,0.0188882741475032,0.0031));
#9656=CARTESIAN_POINT('',(0.028143726787691,-0.0022556872973111,0.0031));
#9657=CARTESIAN_POINT('',(0.0315199113729133,0.000331031843550474,0.0031));
#9658=CARTESIAN_POINT('',(0.0180519190157298,-0.0101119868508689,0.00348764040950716));
#9659=CARTESIAN_POINT('',(0.0181089970352555,-0.0100815297529934,0.00348495843807357));
#9660=CARTESIAN_POINT('',(0.018168026028639,-0.0100500316063283,0.00348179096004952));
#9661=CARTESIAN_POINT('',(0.0183082292426632,-0.00997521851653083,0.00347266266954665));
#9662=CARTESIAN_POINT('',(0.0183880104894695,-0.00993264686994019,0.00346702072228467));
#9663=CARTESIAN_POINT('',(0.0185550860421675,-0.00984349457534954,0.00345134050009839));
#9664=CARTESIAN_POINT('',(0.0186189795709283,-0.00980940068870952,0.00344488779092655));
#9665=CARTESIAN_POINT('',(0.0187759437409729,-0.00972564387624828,0.00342607234603655));
#9666=CARTESIAN_POINT('',(0.0188694085056706,-0.00967577063585757,0.00341395699148357));
#9667=CARTESIAN_POINT('',(0.0190445131905194,-0.00958233396461884,0.00338415498759554));
#9668=CARTESIAN_POINT('',(0.0191088113607373,-0.00954802415351646,0.00337220251935868));
#9669=CARTESIAN_POINT('',(0.0192476644562243,-0.0094739315029742,0.00334161187745512));
#9670=CARTESIAN_POINT('',(0.0193226165026341,-0.00943393672604957,0.0033229219155961));
#9671=CARTESIAN_POINT('',(0.0194700611175037,-0.00935525961060656,0.00327553306802957));
#9672=CARTESIAN_POINT('',(0.0195425683683991,-0.00931656938060148,0.003246603828246));
#9673=CARTESIAN_POINT('',(0.0196506629917084,-0.00925888960927234,0.00317857536707073));
#9674=CARTESIAN_POINT('',(0.0196842204493836,-0.00924098318092501,0.00313955966681408));
#9675=CARTESIAN_POINT('',(0.0196842204499716,-0.00924098318047452,0.0031));
#9676=CARTESIAN_POINT('',(-0.0142133289122708,0.00499490683683813,0.0031));
#9677=CARTESIAN_POINT('',(-0.0178488214743177,0.00499490683683813,0.0031));
#9678=CARTESIAN_POINT('',(-0.0020953831714791,0.00508841976877275,0.00348891558410662));
#9679=CARTESIAN_POINT('',(-0.00215921188868376,0.00509861247864615,0.00348646479472308));
#9680=CARTESIAN_POINT('',(-0.00222507565813799,0.0051091301628683,0.00348357131710689));
#9681=CARTESIAN_POINT('',(-0.00238173809633905,0.00513414734730116,0.00347521461027325));
#9682=CARTESIAN_POINT('',(-0.00247083353767608,0.00514837486111285,0.00347005772401709));
#9683=CARTESIAN_POINT('',(-0.00265916305686317,0.00517844891362945,0.00345557853484428));
#9684=CARTESIAN_POINT('',(-0.00273138626144152,0.00518998212533589,0.00344961049406908));
#9685=CARTESIAN_POINT('',(-0.00291054815908959,0.00521859221536246,0.00343203421085806));
#9686=CARTESIAN_POINT('',(-0.00301778257048645,0.00523571630937745,0.00342070254770287));
#9687=CARTESIAN_POINT('',(-0.00322302525018921,0.0052684912035863,0.00339216677739426));
#9688=CARTESIAN_POINT('',(-0.00329902610735861,0.00528062765745134,0.00338065051443514));
#9689=CARTESIAN_POINT('',(-0.00346562758707535,0.00530723200102284,0.00335070718059438));
#9690=CARTESIAN_POINT('',(-0.00355679041353526,0.00532178963865993,0.003332235111819));
#9691=CARTESIAN_POINT('',(-0.00383099285257307,0.00536557663450538,0.00326045545877638));
#9692=CARTESIAN_POINT('',(-0.0040146643621417,0.00539490683683813,0.00318685296975641));
#9693=CARTESIAN_POINT('',(-0.00401466436409314,0.00539490683683813,0.0031));
#9694=CARTESIAN_POINT('',(0.0217812980892555,-0.0232055040293553,0.0031));
#9695=CARTESIAN_POINT('',(0.0177998581480069,-0.0109331213423614,0.00348764040950715));
#9696=CARTESIAN_POINT('',(0.0178300173146797,-0.0109903573431791,0.00348495843807323));
#9697=CARTESIAN_POINT('',(0.0178612073465675,-0.0110495497178061,0.00348179096004914));
#9698=CARTESIAN_POINT('',(0.0179352886153511,-0.0111901409879595,0.00347266266954703));
#9699=CARTESIAN_POINT('',(0.0179774438253833,-0.0112701430548201,0.0034670207222846));
#9700=CARTESIAN_POINT('',(0.0180657240339536,-0.0114376810407114,0.00345134050009842));
#9701=CARTESIAN_POINT('',(0.0180994844124811,-0.0115017514158087,0.00344488779092654));
#9702=CARTESIAN_POINT('',(0.0181824219192226,-0.0116591500317094,0.00342607234603656));
#9703=CARTESIAN_POINT('',(0.0182318072915623,-0.0117528734937977,0.00341395699148341));
#9704=CARTESIAN_POINT('',(0.0183243299759881,-0.0119284628301902,0.00338415498759562));
#9705=CARTESIAN_POINT('',(0.0183583041576688,-0.0119929389715945,0.00337220251935867));
#9706=CARTESIAN_POINT('',(0.0184316720495744,-0.012132176378307,0.00334161187745513));
#9707=CARTESIAN_POINT('',(0.0184712755747995,-0.0122073358902269,0.00332292191559601));
#9708=CARTESIAN_POINT('',(0.0185491831018705,-0.0123551885877812,0.00327553306802966));
#9709=CARTESIAN_POINT('',(0.0185874948297868,-0.0124278965435656,0.00324660382824607));
#9710=CARTESIAN_POINT('',(0.0186446104160952,-0.0125362903321772,0.00317857536707066));
#9711=CARTESIAN_POINT('',(0.0186623416649745,-0.0125699406806899,0.00313955966681415));
#9712=CARTESIAN_POINT('',(0.0186623416652082,-0.012569940681392,0.0031));
#9713=CARTESIAN_POINT('',(0.0228394213709264,-0.0263840426080427,0.0031));
#9714=CARTESIAN_POINT('',(-0.0163726898229982,-0.00203679063827372,0.0031));
#9715=CARTESIAN_POINT('',(-0.00669521547445565,-0.00966249158115217,0.00348634368538271));
#9716=CARTESIAN_POINT('',(-0.00675222892535017,-0.00963201369407452,0.00348344353699462));
#9717=CARTESIAN_POINT('',(-0.0068113121446949,-0.00960042936334646,0.00348001885379267));
#9718=CARTESIAN_POINT('',(-0.0069514537448108,-0.00952551336048868,0.00347017483102834));
#9719=CARTESIAN_POINT('',(-0.00703123700724271,-0.00948286333209625,0.00346408343486134));
#9720=CARTESIAN_POINT('',(-0.00719688802240097,-0.00939431066952071,0.00344732185001482));
#9721=CARTESIAN_POINT('',(-0.00726006910034956,-0.00936053573039741,0.00344043579017469));
#9722=CARTESIAN_POINT('',(-0.00741392126891264,-0.00927829042117875,0.00342054165088569));
#9723=CARTESIAN_POINT('',(-0.00750507476425381,-0.00922956216133702,0.00340775339982424));
#9724=CARTESIAN_POINT('',(-0.00767268387178047,-0.00913996276006331,0.00337694176816995));
#9725=CARTESIAN_POINT('',(-0.00773376666460826,-0.00910730950310184,0.00336465510749907));
#9726=CARTESIAN_POINT('',(-0.00786400710108507,-0.00903768641061729,0.00333363143649164));
#9727=CARTESIAN_POINT('',(-0.00793347993385586,-0.00900054805275596,0.00331484007328499));
#9728=CARTESIAN_POINT('',(-0.00806803094185135,-0.00892862065099152,0.0032680243112832));
#9729=CARTESIAN_POINT('',(-0.00813302385456002,-0.00889387713450157,0.00323980896929504));
#9730=CARTESIAN_POINT('',(-0.00822879701425372,-0.00884267935053158,0.0031744789033563));
#9731=CARTESIAN_POINT('',(-0.00825798478225481,-0.00882707632919786,0.00313745387282297));
#9732=CARTESIAN_POINT('',(-0.00825798478273049,-0.00882707632882947,0.0031));
#9733=CARTESIAN_POINT('',(-0.0194407896628964,0.000339271342263922,0.0031));
#9734=CARTESIAN_POINT('',(0.0163656008551766,-0.0273906617139888,0.0031));
#9735=CARTESIAN_POINT('',(0.0187805532582309,-0.0292608996101244,0.0031));
#9736=CARTESIAN_POINT('',(0.00630942975764371,-0.0197139752044835,0.00349021423674344));
#9737=CARTESIAN_POINT('',(0.00635380478932859,-0.0197606376806942,0.0034880233204708));
#9738=CARTESIAN_POINT('',(0.00639947813823574,-0.0198086653997758,0.0034854403277335));
#9739=CARTESIAN_POINT('',(0.00650829742578782,-0.0199230941051164,0.00347797107424442));
#9740=CARTESIAN_POINT('',(0.00657013742146887,-0.0199881218288924,0.0034733729137841));
#9741=CARTESIAN_POINT('',(0.00670228605561638,-0.020127082462845,0.00346032428298214));
#9742=CARTESIAN_POINT('',(0.0067531242896398,-0.0201805413053926,0.00345493791918594));
#9743=CARTESIAN_POINT('',(0.00688070379063592,-0.0203146972776666,0.00343889463267716));
#9744=CARTESIAN_POINT('',(0.00695749166514255,-0.0203954434081345,0.00342854568053339));
#9745=CARTESIAN_POINT('',(0.00710839906064538,-0.0205541297871728,0.00340173139862455));
#9746=CARTESIAN_POINT('',(0.00716484426458081,-0.0206134846199577,0.00339083175385791));
#9747=CARTESIAN_POINT('',(0.00729097413755777,-0.0207461162497823,0.00336191928584222));
#9748=CARTESIAN_POINT('',(0.00736116308672221,-0.0208199232775508,0.0033438769666087));
#9749=CARTESIAN_POINT('',(0.00757781675396738,-0.0210477450566236,0.00327171718489631));
#9750=CARTESIAN_POINT('',(0.0077337982761601,-0.021211767085339,0.00319462759163188));
#9751=CARTESIAN_POINT('',(0.00773379827829811,-0.0212117670869948,0.0031));
#9752=CARTESIAN_POINT('',(-0.0101570916343839,-0.0228716063244204,0.0031));
#9753=CARTESIAN_POINT('',(-0.0112889873934129,-0.0265192155970532,0.0031));
#9754=CARTESIAN_POINT('',(-0.0064288078144306,-0.0105073102760459,0.00348634368538271));
#9755=CARTESIAN_POINT('',(-0.00645802446358087,-0.0105649802213898,0.00348344353699453));
#9756=CARTESIAN_POINT('',(-0.00648830176941414,-0.0106247437680327,0.00348001885379255));
#9757=CARTESIAN_POINT('',(-0.00656011759366476,-0.0107664990605404,0.00347017483102845));
#9758=CARTESIAN_POINT('',(-0.00660100267480198,-0.0108472010061592,0.00346408343486118));
#9759=CARTESIAN_POINT('',(-0.0066858908467477,-0.0110147594471164,0.0034473218500149));
#9760=CARTESIAN_POINT('',(-0.00671826810713001,-0.0110786680391333,0.00344043579017453));
#9761=CARTESIAN_POINT('',(-0.00679710993882337,-0.0112342917720136,0.00342054165088586));
#9762=CARTESIAN_POINT('',(-0.00684382171422874,-0.0113264948796541,0.00340775339982424));
#9763=CARTESIAN_POINT('',(-0.00692971331760527,-0.011496033955102,0.00337694176816995));
#9764=CARTESIAN_POINT('',(-0.00696101530458609,-0.0115578201054993,0.00336465510749911));
#9765=CARTESIAN_POINT('',(-0.00702775726449738,-0.0116895602174164,0.0033336314364916));
#9766=CARTESIAN_POINT('',(-0.00706335873915746,-0.0117598330223971,0.00331484007328498));
#9767=CARTESIAN_POINT('',(-0.00713230966438605,-0.0118959333338861,0.00326802431128322));
#9768=CARTESIAN_POINT('',(-0.00716561539237386,-0.0119616746384337,0.00323980896929497));
#9769=CARTESIAN_POINT('',(-0.00721469453863662,-0.0120585505828331,0.00317447890335637));
#9770=CARTESIAN_POINT('',(-0.00722965185876654,-0.0120880744486052,0.00313745387282291));
#9771=CARTESIAN_POINT('',(-0.00722965185894496,-0.0120880744491802,0.0031));
#9772=CARTESIAN_POINT('',(-0.0045225027362374,-0.0272834543036466,0.0031));
#9773=CARTESIAN_POINT('',(0.00550449516867876,-0.0197118851457864,0.00349021423674344));
#9774=CARTESIAN_POINT('',(0.00545987841341418,-0.0197583165497349,0.00348802332046975));
#9775=CARTESIAN_POINT('',(0.00541395626860963,-0.0198061064358776,0.00348544032773325));
#9776=CARTESIAN_POINT('',(0.00530454421104283,-0.019919968491046,0.00347797107424466));
#9777=CARTESIAN_POINT('',(0.00524236735508916,-0.0199846741979734,0.00347337291378458));
#9778=CARTESIAN_POINT('',(0.00510949886924727,-0.0201229466998198,0.0034603242829819));
#9779=CARTESIAN_POINT('',(0.00505838370472101,-0.0201761408145352,0.00345493791918628));
#9780=CARTESIAN_POINT('',(0.00493010924141046,-0.0203096324473593,0.00343889463267682));
#9781=CARTESIAN_POINT('',(0.00485290308125657,-0.020389978723508,0.00342854568053345));
#9782=CARTESIAN_POINT('',(0.00470117364964654,-0.0205478792887159,0.00340173139862451));
#9783=CARTESIAN_POINT('',(0.00464442097246759,-0.0206069401967283,0.00339083175385786));
#9784=CARTESIAN_POINT('',(0.00451760403366047,-0.0207389150356893,0.00336191928584226));
#9785=CARTESIAN_POINT('',(0.00444703274517923,-0.0208123565714502,0.00334387696660867));
#9786=CARTESIAN_POINT('',(0.00422919890273803,-0.0210390501788542,0.00327171718489637));
#9787=CARTESIAN_POINT('',(0.00407236770440566,-0.02120225997145,0.00319462759163182));
#9788=CARTESIAN_POINT('',(0.00407236770225907,-0.0212022599730947,0.0031));
#9789=CARTESIAN_POINT('',(-0.00722452569356497,-0.0293536534667373,0.0031));
#9790=CARTESIAN_POINT('',(0.0299386397289248,0.00239490683683813,0.0035));
#9791=CARTESIAN_POINT('',(0.0299386397289248,0.00239490683683813,0.0031));
#9792=CARTESIAN_POINT('',(0.0299386397289248,0.00239490683683813,0.0031));
#9793=CARTESIAN_POINT('',(0.00528467706046691,0.0181177112711067,0.0035));
#9794=CARTESIAN_POINT('',(0.00528467706046691,0.0181177112711067,0.0031));
#9795=CARTESIAN_POINT('',(0.00528467706046691,0.0181177112711067,0.0031));
#9796=CARTESIAN_POINT('',(-0.0178488214743177,0.00239490683683813,0.0035));
#9797=CARTESIAN_POINT('',(-0.0178488214743177,0.00239490683683813,0.0031));
#9798=CARTESIAN_POINT('',(-0.0178488214743177,0.00239490683683813,0.0031));
#9799=CARTESIAN_POINT('',(-0.0088057973375534,-0.0272897784734497,0.0035));
#9800=CARTESIAN_POINT('',(-0.0088057973375534,-0.0272897784734497,0.0031));
#9801=CARTESIAN_POINT('',(-0.0088057973375534,-0.0272897784734497,0.0031));
#9802=CARTESIAN_POINT('',(0.0203725214468096,-0.0272052641155502,0.0035));
#9803=CARTESIAN_POINT('',(0.0203725214468096,-0.0272052641155502,0.0031));
#9804=CARTESIAN_POINT('',(0.0203725214468096,-0.0272052641155502,0.0031));
#9805=CARTESIAN_POINT('',(-0.00669521547445565,-0.00966249158115217,0.00348634368538271));
#9806=CARTESIAN_POINT('',(-0.00675222892535017,-0.00963201369407452,0.00348344353699462));
#9807=CARTESIAN_POINT('',(-0.0068113121446949,-0.00960042936334646,0.00348001885379267));
#9808=CARTESIAN_POINT('',(-0.0069514537448108,-0.00952551336048868,0.00347017483102834));
#9809=CARTESIAN_POINT('',(-0.00703123700724271,-0.00948286333209625,0.00346408343486134));
#9810=CARTESIAN_POINT('',(-0.00719688802240097,-0.00939431066952071,0.00344732185001482));
#9811=CARTESIAN_POINT('',(-0.00726006910034956,-0.00936053573039741,0.00344043579017469));
#9812=CARTESIAN_POINT('',(-0.00741392126891264,-0.00927829042117875,0.00342054165088569));
#9813=CARTESIAN_POINT('',(-0.00750507476425381,-0.00922956216133702,0.00340775339982424));
#9814=CARTESIAN_POINT('',(-0.00767268387178047,-0.00913996276006331,0.00337694176816995));
#9815=CARTESIAN_POINT('',(-0.00773376666460826,-0.00910730950310184,0.00336465510749907));
#9816=CARTESIAN_POINT('',(-0.00786400710108507,-0.00903768641061729,0.00333363143649164));
#9817=CARTESIAN_POINT('',(-0.00793347993385586,-0.00900054805275596,0.00331484007328499));
#9818=CARTESIAN_POINT('',(-0.00806803094185135,-0.00892862065099152,0.0032680243112832));
#9819=CARTESIAN_POINT('',(-0.00813302385456002,-0.00889387713450157,0.00323980896929504));
#9820=CARTESIAN_POINT('',(-0.00822879701425372,-0.00884267935053158,0.0031744789033563));
#9821=CARTESIAN_POINT('',(-0.00825798478225481,-0.00882707632919786,0.00313745387282297));
#9822=CARTESIAN_POINT('',(-0.00825798478273049,-0.00882707632882947,0.0031));
#9823=CARTESIAN_POINT('',(-0.00654843967408896,-0.0100806211027786,0.00342177787178794));
#9824=CARTESIAN_POINT('',(-0.00658162266848517,-0.0100910851277172,0.00340690924304371));
#9825=CARTESIAN_POINT('',(-0.00661244531951696,-0.0101008048348995,0.00338999797025803));
#9826=CARTESIAN_POINT('',(-0.00666863905933377,-0.0101185251372791,0.00334912883553498));
#9827=CARTESIAN_POINT('',(-0.00669480921853707,-0.0101267777137411,0.00332468152704488));
#9828=CARTESIAN_POINT('',(-0.0067203651845794,-0.0101348366086923,0.00327922392490968));
#9829=CARTESIAN_POINT('',(-0.00672649070150397,-0.0101367682475623,0.00326223405126649));
#9830=CARTESIAN_POINT('',(-0.00672895259078133,-0.010137544587109,0.00322541630305177));
#9831=CARTESIAN_POINT('',(-0.0067248054600437,-0.0101362368184689,0.00320525350688925));
#9832=CARTESIAN_POINT('',(-0.00670714109409912,-0.0101306664843532,0.0031757545537743));
#9833=CARTESIAN_POINT('',(-0.00669918373616688,-0.0101281571872466,0.00316594366591946));
#9834=CARTESIAN_POINT('',(-0.00668002821459128,-0.010122116627645,0.00314754414242996));
#9835=CARTESIAN_POINT('',(-0.00666874368358781,-0.0101185581298071,0.00313900655729576));
#9836=CARTESIAN_POINT('',(-0.006646056324358,-0.0101114038299302,0.00312418487492386));
#9837=CARTESIAN_POINT('',(-0.00663476496106699,-0.0101078431775788,0.00311801003147598));
#9838=CARTESIAN_POINT('',(-0.0066180796803391,-0.0101025815911309,0.00310784802664514));
#9839=CARTESIAN_POINT('',(-0.00661303676317374,-0.0101009913425153,0.00310388761243812));
#9840=CARTESIAN_POINT('',(-0.00661303676308451,-0.0101009913424854,0.0031));
#9841=CARTESIAN_POINT('',(-0.0064288078144306,-0.0105073102760459,0.00348634368538271));
#9842=CARTESIAN_POINT('',(-0.00645802446358087,-0.0105649802213898,0.00348344353699453));
#9843=CARTESIAN_POINT('',(-0.00648830176941414,-0.0106247437680327,0.00348001885379255));
#9844=CARTESIAN_POINT('',(-0.00656011759366476,-0.0107664990605404,0.00347017483102845));
#9845=CARTESIAN_POINT('',(-0.00660100267480198,-0.0108472010061592,0.00346408343486118));
#9846=CARTESIAN_POINT('',(-0.0066858908467477,-0.0110147594471164,0.0034473218500149));
#9847=CARTESIAN_POINT('',(-0.00671826810713001,-0.0110786680391333,0.00344043579017453));
#9848=CARTESIAN_POINT('',(-0.00679710993882337,-0.0112342917720136,0.00342054165088586));
#9849=CARTESIAN_POINT('',(-0.00684382171422874,-0.0113264948796541,0.00340775339982424));
#9850=CARTESIAN_POINT('',(-0.00692971331760527,-0.011496033955102,0.00337694176816995));
#9851=CARTESIAN_POINT('',(-0.00696101530458609,-0.0115578201054993,0.00336465510749911));
#9852=CARTESIAN_POINT('',(-0.00702775726449738,-0.0116895602174164,0.0033336314364916));
#9853=CARTESIAN_POINT('',(-0.00706335873915746,-0.0117598330223971,0.00331484007328498));
#9854=CARTESIAN_POINT('',(-0.00713230966438605,-0.0118959333338861,0.00326802431128322));
#9855=CARTESIAN_POINT('',(-0.00716561539237386,-0.0119616746384337,0.00323980896929497));
#9856=CARTESIAN_POINT('',(-0.00721469453863662,-0.0120585505828331,0.00317447890335637));
#9857=CARTESIAN_POINT('',(-0.00722965185876654,-0.0120880744486052,0.00313745387282291));
#9858=CARTESIAN_POINT('',(-0.00722965185894496,-0.0120880744491802,0.0031));
#9859=CARTESIAN_POINT('',(-0.00825798478273049,-0.00882707632882947,0.0031));
#9860=CARTESIAN_POINT('',(-0.00661303676308451,-0.0101009913424854,0.0031));
#9861=CARTESIAN_POINT('',(-0.00722965185894496,-0.0120880744491802,0.0031));
#9862=CARTESIAN_POINT('',(-0.0100948711541675,-0.0111989634379535,0.0035));
#9863=CARTESIAN_POINT('',(-0.00142554552914936,0.00558190831459449,0.00348891558410662));
#9864=CARTESIAN_POINT('',(-0.00141636337371765,0.00564589022216333,0.00348646479472277));
#9865=CARTESIAN_POINT('',(-0.00140688846342028,0.00571191206614737,0.00348357131710683));
#9866=CARTESIAN_POINT('',(-0.0013843516036531,0.00586895049778648,0.00347521461027331));
#9867=CARTESIAN_POINT('',(-0.00137153467337077,0.005958259770063,0.00347005772401716));
#9868=CARTESIAN_POINT('',(-0.00134444230880705,0.00614704128455572,0.00345557853484425));
#9869=CARTESIAN_POINT('',(-0.00133405255356045,0.00621943782617034,0.00344961049406909));
#9870=CARTESIAN_POINT('',(-0.00130827900889076,0.00639902971689879,0.00343203421085806));
#9871=CARTESIAN_POINT('',(-0.00129285267176732,0.00650652149196266,0.00342070254770289));
#9872=CARTESIAN_POINT('',(-0.00126332724936353,0.00671225676043623,0.00339216677739425));
#9873=CARTESIAN_POINT('',(-0.00125239405030274,0.0067884400194975,0.00338065051443516));
#9874=CARTESIAN_POINT('',(-0.0012284274064478,0.00695544134920176,0.00335070718059435));
#9875=CARTESIAN_POINT('',(-0.00121531305692464,0.0070468229643019,0.00333223511181902));
#9876=CARTESIAN_POINT('',(-0.00117586736943211,0.00732168350406308,0.00326045545877634));
#9877=CARTESIAN_POINT('',(-0.0011494450694488,0.00750579582374821,0.00318685296975645));
#9878=CARTESIAN_POINT('',(-0.00114944506887061,0.00750579582561147,0.0031));
#9879=CARTESIAN_POINT('',(-0.00175389822645533,0.00532625150062843,0.00343173005731936));
#9880=CARTESIAN_POINT('',(-0.00177579388357518,0.00535597161361969,0.00341801150759089));
#9881=CARTESIAN_POINT('',(-0.00179635537942878,0.00538388080020945,0.00340231010079132));
#9882=CARTESIAN_POINT('',(-0.00183497361979592,0.00543629934426502,0.00336366621510995));
#9883=CARTESIAN_POINT('',(-0.0018536260616523,0.00546161727267832,0.00334030209987438));
#9884=CARTESIAN_POINT('',(-0.00187398747603069,0.00548925487828696,0.00329519425867021));
#9885=CARTESIAN_POINT('',(-0.00187947843003962,0.00549670803544407,0.00327806207405234));
#9886=CARTESIAN_POINT('',(-0.00188417168543396,0.00550307843482869,0.00323996828800826));
#9887=CARTESIAN_POINT('',(-0.00188308454562092,0.00550160280347769,0.00321854985661387));
#9888=CARTESIAN_POINT('',(-0.00187282446448791,0.005487676262296,0.00318623622774669));
#9889=CARTESIAN_POINT('',(-0.00186782083387415,0.00548088457450112,0.00317528449853949));
#9890=CARTESIAN_POINT('',(-0.00185496440820177,0.00546343387998377,0.00315444373108366));
#9891=CARTESIAN_POINT('',(-0.00184701102172093,0.00545263833529774,0.00314460504928388));
#9892=CARTESIAN_POINT('',(-0.00182173648834206,0.00541833189800666,0.00311857679484725));
#9893=CARTESIAN_POINT('',(-0.00180447857606648,0.00539490683704253,0.00310789049261938));
#9894=CARTESIAN_POINT('',(-0.00180447857591312,0.00539490683683813,0.0031));
#9895=CARTESIAN_POINT('',(-0.0020953831714791,0.00508841976877275,0.00348891558410662));
#9896=CARTESIAN_POINT('',(-0.00215921188868376,0.00509861247864615,0.00348646479472308));
#9897=CARTESIAN_POINT('',(-0.00222507565813799,0.0051091301628683,0.00348357131710689));
#9898=CARTESIAN_POINT('',(-0.00238173809633905,0.00513414734730116,0.00347521461027325));
#9899=CARTESIAN_POINT('',(-0.00247083353767608,0.00514837486111285,0.00347005772401709));
#9900=CARTESIAN_POINT('',(-0.00265916305686317,0.00517844891362945,0.00345557853484428));
#9901=CARTESIAN_POINT('',(-0.00273138626144152,0.00518998212533589,0.00344961049406908));
#9902=CARTESIAN_POINT('',(-0.00291054815908959,0.00521859221536246,0.00343203421085806));
#9903=CARTESIAN_POINT('',(-0.00301778257048645,0.00523571630937745,0.00342070254770287));
#9904=CARTESIAN_POINT('',(-0.00322302525018921,0.0052684912035863,0.00339216677739426));
#9905=CARTESIAN_POINT('',(-0.00329902610735861,0.00528062765745134,0.00338065051443514));
#9906=CARTESIAN_POINT('',(-0.00346562758707535,0.00530723200102284,0.00335070718059438));
#9907=CARTESIAN_POINT('',(-0.00355679041353526,0.00532178963865993,0.003332235111819));
#9908=CARTESIAN_POINT('',(-0.00383099285257307,0.00536557663450538,0.00326045545877638));
#9909=CARTESIAN_POINT('',(-0.0040146643621417,0.00539490683683813,0.00318685296975641));
#9910=CARTESIAN_POINT('',(-0.00401466436409314,0.00539490683683813,0.0031));
#9911=CARTESIAN_POINT('',(-0.00114944506887061,0.00750579582561147,0.0031));
#9912=CARTESIAN_POINT('',(-0.00180447857591312,0.00539490683683813,0.0031));
#9913=CARTESIAN_POINT('',(-0.00401466436409314,0.00539490683683813,0.0031));
#9914=CARTESIAN_POINT('',(-0.00401466436409314,0.00839490683683813,0.0035));
#9915=CARTESIAN_POINT('',(0.0129864551740895,0.00509165443208546,0.00348812356642422));
#9916=CARTESIAN_POINT('',(0.0130502996197558,0.00510207122081509,0.00348552697258923));
#9917=CARTESIAN_POINT('',(0.0131162724862869,0.00511283528030011,0.00348246048670895));
#9918=CARTESIAN_POINT('',(0.0132730516216382,0.00513841518977718,0.00347361543638844));
#9919=CARTESIAN_POINT('',(0.0133622470205135,0.00515296821133658,0.00346815148152717));
#9920=CARTESIAN_POINT('',(0.0135496760429113,0.00518354892285886,0.00345290776591978));
#9921=CARTESIAN_POINT('',(0.0136214273085488,0.00519525577850281,0.00344663080651549));
#9922=CARTESIAN_POINT('',(0.0137983204953222,0.00522411747577162,0.00342826071566887));
#9923=CARTESIAN_POINT('',(0.0139038550432108,0.0052413363705271,0.00341642579605624));
#9924=CARTESIAN_POINT('',(0.0141030987807106,0.00527384476295268,0.00338706590401144));
#9925=CARTESIAN_POINT('',(0.014176484389043,0.00528581827081634,0.00337526380443974));
#9926=CARTESIAN_POINT('',(0.0143358096225329,0.00531181360758146,0.00334488716403873));
#9927=CARTESIAN_POINT('',(0.014422234332404,0.0053259145535175,0.00332626275835872));
#9928=CARTESIAN_POINT('',(0.0145933940284503,0.00535384079750198,0.00327868227725083));
#9929=CARTESIAN_POINT('',(0.0146782081247459,0.00536767895021847,0.00324947845503693));
#9930=CARTESIAN_POINT('',(0.0148053079224485,0.00538841643532133,0.003180330896521));
#9931=CARTESIAN_POINT('',(0.014845087631707,0.00539490683683813,0.00314046553344175));
#9932=CARTESIAN_POINT('',(0.014845087632515,0.00539490683683813,0.0031));
#9933=CARTESIAN_POINT('',(0.0126351952234969,0.00533011634205667,0.00342868214533158));
#9934=CARTESIAN_POINT('',(0.0126563951740412,0.00535951750503882,0.00341457685333781));
#9935=CARTESIAN_POINT('',(0.0126762363969053,0.00538703431582073,0.00339846084424871));
#9936=CARTESIAN_POINT('',(0.0127131473601297,0.00543822430533287,0.00335902723612207));
#9937=CARTESIAN_POINT('',(0.0127307734199181,0.00546266901598107,0.00333526277017717));
#9938=CARTESIAN_POINT('',(0.0127493644603582,0.00548845201057181,0.00328995419101417));
#9939=CARTESIAN_POINT('',(0.0127542117562646,0.00549517448554711,0.00327283650367674));
#9940=CARTESIAN_POINT('',(0.0127577516531194,0.00550008379343603,0.00323510574442293));
#9941=CARTESIAN_POINT('',(0.0127561515950205,0.00549786475198714,0.00321407862762802));
#9942=CARTESIAN_POINT('',(0.0127457576171455,0.00548344985809154,0.00318268966689368));
#9943=CARTESIAN_POINT('',(0.0127408334713878,0.00547662080385722,0.00317212029440614));
#9944=CARTESIAN_POINT('',(0.0127284757660137,0.00545948251340855,0.00315210887622855));
#9945=CARTESIAN_POINT('',(0.0127209611100298,0.00544906080865125,0.00314271827968296));
#9946=CARTESIAN_POINT('',(0.0127054390379723,0.00542753401453836,0.00312635590481427));
#9947=CARTESIAN_POINT('',(0.012697497345228,0.00541652007361774,0.00311952119508067));
#9948=CARTESIAN_POINT('',(0.0126855891293053,0.00540000515785797,0.00310839752715656));
#9949=CARTESIAN_POINT('',(0.012681912943047,0.00539490683693565,0.0031041497601258));
#9950=CARTESIAN_POINT('',(0.012681912942975,0.00539490683683813,0.0031));
#9951=CARTESIAN_POINT('',(0.0122979937258949,0.00558807522523836,0.00348812356642422));
#9952=CARTESIAN_POINT('',(0.0122877117041276,0.00565194151335822,0.00348552697258979));
#9953=CARTESIAN_POINT('',(0.0122770869043677,0.00571793695051178,0.00348246048670899));
#9954=CARTESIAN_POINT('',(0.0122518379347025,0.00587476972317407,0.00347361543638839));
#9955=CARTESIAN_POINT('',(0.012237473191569,0.00596399563741428,0.00346815148152697));
#9956=CARTESIAN_POINT('',(0.0122072881187265,0.00615148878323855,0.00345290776591989));
#9957=CARTESIAN_POINT('',(0.0121957327182522,0.00622326459608407,0.00344663080651558));
#9958=CARTESIAN_POINT('',(0.0121672444218266,0.00640021830207161,0.00342826071566877));
#9959=CARTESIAN_POINT('',(0.012150248287078,0.00650578895395114,0.00341642579605636));
#9960=CARTESIAN_POINT('',(0.0121181604825923,0.00670510085854884,0.00338706590401139));
#9961=CARTESIAN_POINT('',(0.0121063418694139,0.00677851157155044,0.00337526380443971));
#9962=CARTESIAN_POINT('',(0.0120806828639764,0.00693789131618611,0.00334488716403876));
#9963=CARTESIAN_POINT('',(0.0120667643224124,0.0070243455893789,0.00332626275835866));
#9964=CARTESIAN_POINT('',(0.012039199409164,0.00719556384836854,0.00327868227725087));
#9965=CARTESIAN_POINT('',(0.0120255402468059,0.00728040695465697,0.00324947845503684));
#9966=CARTESIAN_POINT('',(0.0120050710979417,0.00740755024315178,0.00318033089652108));
#9967=CARTESIAN_POINT('',(0.0119986646434048,0.00744734355817822,0.00314046553344169));
#9968=CARTESIAN_POINT('',(0.0119986646431495,0.0074473435589449,0.0031));
#9969=CARTESIAN_POINT('',(0.014845087632515,0.00539490683683813,0.0031));
#9970=CARTESIAN_POINT('',(0.012681912942975,0.00539490683683813,0.0031));
#9971=CARTESIAN_POINT('',(0.0119986646431495,0.0074473435589449,0.0031));
#9972=CARTESIAN_POINT('',(0.014845087632515,0.00839490683683813,0.0035));
#9973=CARTESIAN_POINT('',(0.00550449516867876,-0.0197118851457864,0.00349021423674344));
#9974=CARTESIAN_POINT('',(0.00545987841341418,-0.0197583165497349,0.00348802332046975));
#9975=CARTESIAN_POINT('',(0.00541395626860963,-0.0198061064358776,0.00348544032773325));
#9976=CARTESIAN_POINT('',(0.00530454421104283,-0.019919968491046,0.00347797107424466));
#9977=CARTESIAN_POINT('',(0.00524236735508916,-0.0199846741979734,0.00347337291378458));
#9978=CARTESIAN_POINT('',(0.00510949886924727,-0.0201229466998198,0.0034603242829819));
#9979=CARTESIAN_POINT('',(0.00505838370472101,-0.0201761408145352,0.00345493791918628));
#9980=CARTESIAN_POINT('',(0.00493010924141046,-0.0203096324473593,0.00343889463267682));
#9981=CARTESIAN_POINT('',(0.00485290308125657,-0.020389978723508,0.00342854568053345));
#9982=CARTESIAN_POINT('',(0.00470117364964654,-0.0205478792887159,0.00340173139862451));
#9983=CARTESIAN_POINT('',(0.00464442097246759,-0.0206069401967283,0.00339083175385786));
#9984=CARTESIAN_POINT('',(0.00451760403366047,-0.0207389150356893,0.00336191928584226));
#9985=CARTESIAN_POINT('',(0.00444703274517923,-0.0208123565714502,0.00334387696660867));
#9986=CARTESIAN_POINT('',(0.00422919890273803,-0.0210390501788542,0.00327171718489637));
#9987=CARTESIAN_POINT('',(0.00407236770440566,-0.02120225997145,0.00319462759163182));
#9988=CARTESIAN_POINT('',(0.00407236770225907,-0.0212022599730947,0.0031));
#9989=CARTESIAN_POINT('',(0.00590698732769897,-0.0197033542113186,0.00343657611518508));
#9990=CARTESIAN_POINT('',(0.00590688857276156,-0.0197413872378028,0.00342357511036215));
#9991=CARTESIAN_POINT('',(0.00590679531768401,-0.0197773021356311,0.00340866636451799));
#9992=CARTESIAN_POINT('',(0.0059066171738885,-0.0198459098275027,0.00337160947288188));
#9993=CARTESIAN_POINT('',(0.00590652944406689,-0.0198796968061754,0.00334909313869857));
#9994=CARTESIAN_POINT('',(0.00590642790802474,-0.0199188009093964,0.00330460061691829));
#9995=CARTESIAN_POINT('',(0.00590639903936283,-0.0199299189633561,0.00328753920350507));
#9996=CARTESIAN_POINT('',(0.00590636893507985,-0.0199415128854894,0.00324896497178128));
#9997=CARTESIAN_POINT('',(0.00590636885173708,-0.019941544982985,0.00322691040669337));
#9998=CARTESIAN_POINT('',(0.00590641097177181,-0.0199253234900316,0.00319293585864856));
#9999=CARTESIAN_POINT('',(0.00590643284351117,-0.0199169001287992,0.00318127268398583));
#10000=CARTESIAN_POINT('',(0.00590649191401103,-0.0198941505815595,0.00315885120530816));
#10001=CARTESIAN_POINT('',(0.00590652974542879,-0.019879580743933,0.00314813769733531));
#10002=CARTESIAN_POINT('',(0.00590665401063535,-0.0198317230617899,0.00311964430189188));
#10003=CARTESIAN_POINT('',(0.00590674463316055,-0.0197968220303975,0.00310802736346075));
#10004=CARTESIAN_POINT('',(0.00590674463316185,-0.0197968220300715,0.0031));
#10005=CARTESIAN_POINT('',(0.00630942975764371,-0.0197139752044835,0.00349021423674344));
#10006=CARTESIAN_POINT('',(0.00635380478932859,-0.0197606376806942,0.0034880233204708));
#10007=CARTESIAN_POINT('',(0.00639947813823574,-0.0198086653997758,0.0034854403277335));
#10008=CARTESIAN_POINT('',(0.00650829742578782,-0.0199230941051164,0.00347797107424442));
#10009=CARTESIAN_POINT('',(0.00657013742146887,-0.0199881218288924,0.0034733729137841));
#10010=CARTESIAN_POINT('',(0.00670228605561638,-0.020127082462845,0.00346032428298214));
#10011=CARTESIAN_POINT('',(0.0067531242896398,-0.0201805413053926,0.00345493791918594));
#10012=CARTESIAN_POINT('',(0.00688070379063592,-0.0203146972776666,0.00343889463267716));
#10013=CARTESIAN_POINT('',(0.00695749166514255,-0.0203954434081345,0.00342854568053339));
#10014=CARTESIAN_POINT('',(0.00710839906064538,-0.0205541297871728,0.00340173139862455));
#10015=CARTESIAN_POINT('',(0.00716484426458081,-0.0206134846199577,0.00339083175385791));
#10016=CARTESIAN_POINT('',(0.00729097413755777,-0.0207461162497823,0.00336191928584222));
#10017=CARTESIAN_POINT('',(0.00736116308672221,-0.0208199232775508,0.0033438769666087));
#10018=CARTESIAN_POINT('',(0.00757781675396738,-0.0210477450566236,0.00327171718489631));
#10019=CARTESIAN_POINT('',(0.0077337982761601,-0.021211767085339,0.00319462759163188));
#10020=CARTESIAN_POINT('',(0.00773379827829811,-0.0212117670869948,0.0031));
#10021=CARTESIAN_POINT('',(0.00407236770225907,-0.0212022599730947,0.0031));
#10022=CARTESIAN_POINT('',(0.00590674463316185,-0.0197968220300715,0.0031));
#10023=CARTESIAN_POINT('',(0.00773379827829811,-0.0212117670869948,0.0031));
#10024=CARTESIAN_POINT('',(0.00589691190686111,-0.0235836541961189,0.0035));
#10025=CARTESIAN_POINT('',(0.0177998581480069,-0.0109331213423614,0.00348764040950715));
#10026=CARTESIAN_POINT('',(0.0178300173146797,-0.0109903573431791,0.00348495843807323));
#10027=CARTESIAN_POINT('',(0.0178612073465675,-0.0110495497178061,0.00348179096004914));
#10028=CARTESIAN_POINT('',(0.0179352886153511,-0.0111901409879595,0.00347266266954703));
#10029=CARTESIAN_POINT('',(0.0179774438253833,-0.0112701430548201,0.0034670207222846));
#10030=CARTESIAN_POINT('',(0.0180657240339536,-0.0114376810407114,0.00345134050009842));
#10031=CARTESIAN_POINT('',(0.0180994844124811,-0.0115017514158087,0.00344488779092654));
#10032=CARTESIAN_POINT('',(0.0181824219192226,-0.0116591500317094,0.00342607234603656));
#10033=CARTESIAN_POINT('',(0.0182318072915623,-0.0117528734937977,0.00341395699148341));
#10034=CARTESIAN_POINT('',(0.0183243299759881,-0.0119284628301902,0.00338415498759562));
#10035=CARTESIAN_POINT('',(0.0183583041576688,-0.0119929389715945,0.00337220251935867));
#10036=CARTESIAN_POINT('',(0.0184316720495744,-0.012132176378307,0.00334161187745513));
#10037=CARTESIAN_POINT('',(0.0184712755747995,-0.0122073358902269,0.00332292191559601));
#10038=CARTESIAN_POINT('',(0.0185491831018705,-0.0123551885877812,0.00327553306802966));
#10039=CARTESIAN_POINT('',(0.0185874948297868,-0.0124278965435656,0.00324660382824607));
#10040=CARTESIAN_POINT('',(0.0186446104160952,-0.0125362903321772,0.00317857536707066));
#10041=CARTESIAN_POINT('',(0.0186623416649745,-0.0125699406806899,0.00313955966681415));
#10042=CARTESIAN_POINT('',(0.0186623416652082,-0.012569940681392,0.0031));
#10043=CARTESIAN_POINT('',(0.0179138351690973,-0.010518854101409,0.00342681045791817));
#10044=CARTESIAN_POINT('',(0.0179481032926603,-0.0105293732709887,0.00341248460208752));
#10045=CARTESIAN_POINT('',(0.0179801094335609,-0.0105391980874194,0.00339613572745353));
#10046=CARTESIAN_POINT('',(0.0180393166832639,-0.0105573727358989,0.00335627076643838));
#10047=CARTESIAN_POINT('',(0.0180673968667879,-0.0105659924145219,0.00333229452341915));
#10048=CARTESIAN_POINT('',(0.0180964040190518,-0.0105748966415971,0.00328690960575839));
#10049=CARTESIAN_POINT('',(0.0181038062204086,-0.0105771688702226,0.00326981550364707));
#10050=CARTESIAN_POINT('',(0.018108609304353,-0.010578643256597,0.00323232207208558));
#10051=CARTESIAN_POINT('',(0.0181055278624914,-0.0105776973568488,0.00321153225681199));
#10052=CARTESIAN_POINT('',(0.0180883087401516,-0.0105724116613096,0.00318068014954546));
#10053=CARTESIAN_POINT('',(0.0180802756714153,-0.0105699457774661,0.0031703291261093));
#10054=CARTESIAN_POINT('',(0.0180603686344852,-0.0105638349819087,0.00315078597339743));
#10055=CARTESIAN_POINT('',(0.0180483769148187,-0.0105601539244253,0.00314164548257061));
#10056=CARTESIAN_POINT('',(0.0180238081007318,-0.0105526121189583,0.0031257357142202));
#10057=CARTESIAN_POINT('',(0.0180113409414479,-0.0105487851173884,0.00311909488385725));
#10058=CARTESIAN_POINT('',(0.0179927302620294,-0.0105430722602979,0.00310824849234331));
#10059=CARTESIAN_POINT('',(0.0179870215976428,-0.0105413198909654,0.00310407935088448));
#10060=CARTESIAN_POINT('',(0.0179870215975334,-0.0105413198909335,0.0031));
#10061=CARTESIAN_POINT('',(0.0180519190157298,-0.0101119868508689,0.00348764040950716));
#10062=CARTESIAN_POINT('',(0.0181089970352555,-0.0100815297529934,0.00348495843807357));
#10063=CARTESIAN_POINT('',(0.018168026028639,-0.0100500316063283,0.00348179096004952));
#10064=CARTESIAN_POINT('',(0.0183082292426632,-0.00997521851653083,0.00347266266954665));
#10065=CARTESIAN_POINT('',(0.0183880104894695,-0.00993264686994019,0.00346702072228467));
#10066=CARTESIAN_POINT('',(0.0185550860421675,-0.00984349457534954,0.00345134050009839));
#10067=CARTESIAN_POINT('',(0.0186189795709283,-0.00980940068870952,0.00344488779092655));
#10068=CARTESIAN_POINT('',(0.0187759437409729,-0.00972564387624828,0.00342607234603655));
#10069=CARTESIAN_POINT('',(0.0188694085056706,-0.00967577063585757,0.00341395699148357));
#10070=CARTESIAN_POINT('',(0.0190445131905194,-0.00958233396461884,0.00338415498759554));
#10071=CARTESIAN_POINT('',(0.0191088113607373,-0.00954802415351646,0.00337220251935868));
#10072=CARTESIAN_POINT('',(0.0192476644562243,-0.0094739315029742,0.00334161187745512));
#10073=CARTESIAN_POINT('',(0.0193226165026341,-0.00943393672604957,0.0033229219155961));
#10074=CARTESIAN_POINT('',(0.0194700611175037,-0.00935525961060656,0.00327553306802957));
#10075=CARTESIAN_POINT('',(0.0195425683683991,-0.00931656938060148,0.003246603828246));
#10076=CARTESIAN_POINT('',(0.0196506629917084,-0.00925888960927234,0.00317857536707073));
#10077=CARTESIAN_POINT('',(0.0196842204493836,-0.00924098318092501,0.00313955966681408));
#10078=CARTESIAN_POINT('',(0.0196842204499716,-0.00924098318047452,0.0031));
#10079=CARTESIAN_POINT('',(0.0186623416652082,-0.012569940681392,0.0031));
#10080=CARTESIAN_POINT('',(0.0179870215975334,-0.0105413198909335,0.0031));
#10081=CARTESIAN_POINT('',(0.0196842204499716,-0.00924098318047452,0.0031));
#10082=CARTESIAN_POINT('',(0.0215087646545737,-0.0116223774034987,0.0035));
#10083=CARTESIAN_POINT('',(-0.0736787510107525,0.0215973264899956,0.0147550485968827));
#10084=CARTESIAN_POINT('',(0.00424789028793022,-0.00625394623419726,0.));
#10085=CARTESIAN_POINT('',(0.00424789028793023,0.0107129883170128,0.));
#10086=CARTESIAN_POINT('',(-0.0215823998637497,0.0107129883170128,-5.55111512312578E-17));
#10087=CARTESIAN_POINT('',(0.00341760013625026,0.0107129883170128,0.));
#10088=CARTESIAN_POINT('',(-0.0215823998637497,-0.00625394623419726,0.));
#10089=CARTESIAN_POINT('',(-0.0215823998637497,-0.0442870116829872,-5.55111512312578E-17));
#10090=CARTESIAN_POINT('',(0.00424789028793022,-0.0442870116829872,0.));
#10091=CARTESIAN_POINT('',(0.00341760013625026,-0.0442870116829872,-5.55111512312578E-17));
#10092=CARTESIAN_POINT('',(0.00341760013625026,-0.00625394623419726,0.));
#10093=CARTESIAN_POINT('',(-0.0215823998637497,-0.00625394623419726,0.));
#10094=CARTESIAN_POINT('',(-0.0215823998637497,0.037693750430546,0.));
#10095=CARTESIAN_POINT('',(-0.0215823998637497,0.0127129883170128,0.));
#10096=CARTESIAN_POINT('',(0.00424789028793023,0.0127129883170128,0.));
#10097=CARTESIAN_POINT('',(0.00339836224978342,0.0127129883170128,0.));
#10098=CARTESIAN_POINT('',(-0.0225823998637497,0.0117129883170128,0.));
#10099=CARTESIAN_POINT('',(0.00424789028793021,0.0624960537658028,0.));
#10100=CARTESIAN_POINT('',(-0.0645021097120698,0.0624960537658028,0.));
#10101=CARTESIAN_POINT('',(0.0729978902879302,0.0624960537658027,0.));
#10102=CARTESIAN_POINT('',(0.0729978902879302,-0.00625394623419726,0.));
#10103=CARTESIAN_POINT('',(0.0729978902879302,-0.0750039462341973,0.));
#10104=CARTESIAN_POINT('',(0.00424789028793022,-0.0750039462341973,0.));
#10105=CARTESIAN_POINT('',(-0.0645021097120698,-0.0750039462341973,0.));
#10106=CARTESIAN_POINT('',(-0.0645021097120698,-0.00625394623419726,0.));
#10107=CARTESIAN_POINT('',(-0.0235823998637497,-0.00625394623419726,0.));
#10108=CARTESIAN_POINT('',(-0.0235823998637497,0.037693750430546,0.));
#10109=CARTESIAN_POINT('',(-0.0235823998637497,0.0127129883170128,0.));
#10110=CARTESIAN_POINT('',(-0.0225823998637497,0.0117129883170128,0.));
#10111=CARTESIAN_POINT('',(-0.0485631619772829,0.0127129883170128,-5.55111512312578E-17));
#10112=CARTESIAN_POINT('',(0.00424789028793023,0.0127129883170128,0.));
#10113=CARTESIAN_POINT('',(0.00424789028793023,0.0107129883170128,0.));
#10114=CARTESIAN_POINT('',(-0.0485823998637497,0.0107129883170128,-5.55111512312578E-17));
#10115=CARTESIAN_POINT('',(-0.0235823998637497,0.0107129883170128,0.));
#10116=CARTESIAN_POINT('',(-0.0485823998637497,-0.00625394623419726,0.));
#10117=CARTESIAN_POINT('',(-0.0485823998637497,-0.0442870116829872,-5.55111512312578E-17));
#10118=CARTESIAN_POINT('',(0.00424789028793022,-0.0442870116829872,0.));
#10119=CARTESIAN_POINT('',(-0.0235823998637497,-0.0442870116829872,-5.55111512312578E-17));
#10120=CARTESIAN_POINT('',(-0.0235823998637497,-0.00625394623419726,0.));
#10121=CARTESIAN_POINT('',(0.00424789028793021,-0.00625394623419726,0.0075));
#10122=CARTESIAN_POINT('',(-0.00909201880698316,0.0127129883170128,0.0075));
#10123=CARTESIAN_POINT('',(-0.0215823998637497,0.0127129883170128,0.0075));
#10124=CARTESIAN_POINT('',(0.00339836224978342,0.0127129883170128,0.0075));
#10125=CARTESIAN_POINT('',(-0.0215823998637497,0.0252033693737794,0.0075));
#10126=CARTESIAN_POINT('',(-0.0215823998637497,0.037693750430546,0.0075));
#10127=CARTESIAN_POINT('',(-0.0225823998637497,0.0117129883170128,0.0075));
#10128=CARTESIAN_POINT('',(-0.0225823998637497,0.0117129883170128,0.0075));
#10129=CARTESIAN_POINT('',(0.00741760013625026,0.0117129883170128,0.0075));
#10130=CARTESIAN_POINT('',(-0.0525823998637497,0.0117129883170128,0.0075));
#10131=CARTESIAN_POINT('',(-0.0525823998637497,-0.0182870116829872,0.0075));
#10132=CARTESIAN_POINT('',(-0.0525823998637497,-0.0482870116829872,0.0075));
#10133=CARTESIAN_POINT('',(-0.0225823998637497,-0.0482870116829872,0.0075));
#10134=CARTESIAN_POINT('',(0.00741760013625026,-0.0482870116829872,0.0075));
#10135=CARTESIAN_POINT('',(0.00741760013625026,-0.0182870116829872,0.0075));
#10136=CARTESIAN_POINT('',(-0.0225823998637497,0.0117129883170128,0.0075));
#10137=CARTESIAN_POINT('',(-0.0235823998637497,0.037693750430546,0.0075));
#10138=CARTESIAN_POINT('',(-0.0485631619772829,0.0127129883170128,0.0075));
#10139=CARTESIAN_POINT('',(-0.0235823998637497,0.0252033693737794,0.0075));
#10140=CARTESIAN_POINT('',(-0.0235823998637497,0.0127129883170128,0.0075));
#10141=CARTESIAN_POINT('',(-0.0360727809205163,0.0127129883170128,0.0075));
#10142=CARTESIAN_POINT('',(-0.0215823998637497,-0.0167870116829872,0.0075));
#10143=CARTESIAN_POINT('',(-0.0215823998637497,0.0107129883170128,0.0075));
#10144=CARTESIAN_POINT('',(-0.0215823998637497,-0.0442870116829872,0.0075));
#10145=CARTESIAN_POINT('',(-0.00908239986374974,0.0107129883170128,0.0075));
#10146=CARTESIAN_POINT('',(0.00341760013625026,0.0107129883170128,0.0075));
#10147=CARTESIAN_POINT('',(0.00341760013625026,-0.0167870116829872,0.0075));
#10148=CARTESIAN_POINT('',(0.00341760013625026,-0.0442870116829872,0.0075));
#10149=CARTESIAN_POINT('',(-0.00908239986374974,-0.0442870116829872,0.0075));
#10150=CARTESIAN_POINT('',(-0.0485823998637497,-0.0167870116829872,0.0075));
#10151=CARTESIAN_POINT('',(-0.0485823998637497,0.0107129883170128,0.0075));
#10152=CARTESIAN_POINT('',(-0.0485823998637497,-0.0442870116829872,0.0075));
#10153=CARTESIAN_POINT('',(-0.0360823998637497,0.0107129883170128,0.0075));
#10154=CARTESIAN_POINT('',(-0.0235823998637497,0.0107129883170128,0.0075));
#10155=CARTESIAN_POINT('',(-0.0235823998637497,-0.0167870116829872,0.0075));
#10156=CARTESIAN_POINT('',(-0.0235823998637497,-0.0442870116829872,0.0075));
#10157=CARTESIAN_POINT('',(-0.0360823998637497,-0.0442870116829872,0.0075));
#10158=CARTESIAN_POINT('',(0.00424789028793021,0.0624960537658028,0.0025));
#10159=CARTESIAN_POINT('',(-0.0645021097120698,0.0624960537658028,0.0025));
#10160=CARTESIAN_POINT('',(-0.0645021097120698,0.0624960537658028,0.0025));
#10161=CARTESIAN_POINT('',(0.00424789028793021,0.0624960537658028,0.0025));
#10162=CARTESIAN_POINT('',(0.0729978902879302,0.0624960537658027,0.0025));
#10163=CARTESIAN_POINT('',(0.0729978902879302,0.0624960537658027,0.0025));
#10164=CARTESIAN_POINT('',(-0.0645021097120698,-0.00625394623419726,0.0025));
#10165=CARTESIAN_POINT('',(-0.0645021097120698,-0.0750039462341973,0.0025));
#10166=CARTESIAN_POINT('',(-0.0645021097120698,-0.0750039462341973,0.0025));
#10167=CARTESIAN_POINT('',(-0.0645021097120698,-0.00625394623419726,0.0025));
#10168=CARTESIAN_POINT('',(0.00424789028793022,-0.0750039462341973,0.0025));
#10169=CARTESIAN_POINT('',(0.0729978902879302,-0.0750039462341973,0.0025));
#10170=CARTESIAN_POINT('',(0.0729978902879302,-0.0750039462341973,0.0025));
#10171=CARTESIAN_POINT('',(0.00424789028793022,-0.0750039462341973,0.0025));
#10172=CARTESIAN_POINT('',(0.0729978902879302,-0.00625394623419726,0.0025));
#10173=CARTESIAN_POINT('',(0.0729978902879302,-0.00625394623419726,0.0025));
#10174=CARTESIAN_POINT('',(0.00424789028793022,-0.00625394623419726,0.0025));
#10175=CARTESIAN_POINT('',(-0.0225823998637497,0.0117129883170128,0.0025));
#10176=CARTESIAN_POINT('',(0.00741760013625026,0.0117129883170128,0.0025));
#10177=CARTESIAN_POINT('',(-0.0525823998637497,0.0117129883170128,0.0025));
#10178=CARTESIAN_POINT('',(0.00741760013625026,-0.0182870116829872,0.0025));
#10179=CARTESIAN_POINT('',(0.00741760013625026,-0.0482870116829872,0.0025));
#10180=CARTESIAN_POINT('',(-0.0225823998637497,-0.0482870116829872,0.0025));
#10181=CARTESIAN_POINT('',(-0.0525823998637497,-0.0482870116829872,0.0025));
#10182=CARTESIAN_POINT('',(-0.0525823998637497,-0.0182870116829872,0.0025));
#10183=CARTESIAN_POINT('',(-0.0225823998637497,0.0117129883170128,0.0075));
#10184=CARTESIAN_POINT('',(-0.0525823998637497,0.0117129883170128,0.0075));
#10185=CARTESIAN_POINT('',(0.00741760013625026,0.0117129883170128,0.0075));
#10186=CARTESIAN_POINT('',(-0.0525823998637497,-0.0182870116829872,0.0075));
#10187=CARTESIAN_POINT('',(-0.0525823998637497,-0.0482870116829872,0.0075));
#10188=CARTESIAN_POINT('',(-0.0225823998637497,-0.0482870116829872,0.0075));
#10189=CARTESIAN_POINT('',(0.00741760013625026,-0.0482870116829872,0.0075));
#10190=CARTESIAN_POINT('',(0.00741760013625026,-0.0182870116829872,0.0075));
#10191=CARTESIAN_POINT('',(-0.0235823998637497,0.0252033693737794,-0.187108967752407));
#10192=CARTESIAN_POINT('',(-0.0235823998637497,0.0127129883170128,-0.187108967752407));
#10193=CARTESIAN_POINT('',(-0.0235823998637497,0.037693750430546,-0.187108967752407));
#10194=CARTESIAN_POINT('',(-0.0225823998637497,0.0117129883170128,-0.187108967752407));
#10195=CARTESIAN_POINT('',(-0.0485631619772829,0.0127129883170128,-0.187108967752407));
#10196=CARTESIAN_POINT('',(-0.0360727809205163,0.0127129883170128,-0.187108967752407));
#10197=CARTESIAN_POINT('',(-0.00909201880698316,0.0127129883170128,-0.187108967752407));
#10198=CARTESIAN_POINT('',(-0.0215823998637497,0.0127129883170128,-0.187108967752407));
#10199=CARTESIAN_POINT('',(0.00339836224978342,0.0127129883170128,-0.187108967752407));
#10200=CARTESIAN_POINT('',(-0.0225823998637497,0.0117129883170128,-0.187108967752407));
#10201=CARTESIAN_POINT('',(-0.0215823998637497,0.037693750430546,-0.187108967752407));
#10202=CARTESIAN_POINT('',(-0.0215823998637497,0.0252033693737794,-0.187108967752407));
#10203=CARTESIAN_POINT('',(-0.00908239986374974,0.0107129883170128,-0.187108967752407));
#10204=CARTESIAN_POINT('',(0.00341760013625026,0.0107129883170128,-0.187108967752407));
#10205=CARTESIAN_POINT('',(-0.0215823998637497,0.0107129883170128,-0.187108967752407));
#10206=CARTESIAN_POINT('',(-0.0215823998637497,-0.0167870116829872,-0.187108967752407));
#10207=CARTESIAN_POINT('',(-0.0215823998637497,-0.0442870116829872,-0.187108967752407));
#10208=CARTESIAN_POINT('',(-0.00908239986374974,-0.0442870116829872,-0.187108967752407));
#10209=CARTESIAN_POINT('',(0.00341760013625026,-0.0442870116829872,-0.187108967752407));
#10210=CARTESIAN_POINT('',(0.00341760013625026,-0.0167870116829872,-0.187108967752407));
#10211=CARTESIAN_POINT('',(-0.0360823998637497,0.0107129883170128,-0.187108967752407));
#10212=CARTESIAN_POINT('',(-0.0235823998637497,0.0107129883170128,-0.187108967752407));
#10213=CARTESIAN_POINT('',(-0.0485823998637497,0.0107129883170128,-0.187108967752407));
#10214=CARTESIAN_POINT('',(-0.0485823998637497,-0.0167870116829872,-0.187108967752407));
#10215=CARTESIAN_POINT('',(-0.0485823998637497,-0.0442870116829872,-0.187108967752407));
#10216=CARTESIAN_POINT('',(-0.0360823998637497,-0.0442870116829872,-0.187108967752407));
#10217=CARTESIAN_POINT('',(-0.0235823998637497,-0.0442870116829872,-0.187108967752407));
#10218=CARTESIAN_POINT('',(-0.0235823998637497,-0.0167870116829872,-0.187108967752407));
#10219=CARTESIAN_POINT('',(0.00379512429237366,0.0155000846701805,0.09075899483108));
#10220=CARTESIAN_POINT('',(0.00747387530312619,0.0109048678922547,0.0055));
#10221=CARTESIAN_POINT('',(-0.0600261246968738,0.0109048678922547,0.0055));
#10222=CARTESIAN_POINT('',(-0.0600261246968738,0.0109048678922547,0.0053));
#10223=CARTESIAN_POINT('',(-0.0600261246968738,0.0109048678922547,0.004));
#10224=CARTESIAN_POINT('',(0.00747387530312619,0.0109048678922547,0.0053));
#10225=CARTESIAN_POINT('',(0.0749738753031262,0.0109048678922547,0.0053));
#10226=CARTESIAN_POINT('',(0.0749738753031262,0.0109048678922547,0.0055));
#10227=CARTESIAN_POINT('',(0.0749738753031262,0.0109048678922547,0.004));
#10228=CARTESIAN_POINT('',(0.00747387530312619,0.0109048678922547,0.004));
#10229=CARTESIAN_POINT('',(-0.0600261246968738,0.0646548678922547,0.0055));
#10230=CARTESIAN_POINT('',(-0.0600261246968738,-0.00409513210774533,0.0055));
#10231=CARTESIAN_POINT('',(-0.0600261246968738,-0.00409513210774533,0.0053));
#10232=CARTESIAN_POINT('',(-0.0600261246968738,-0.00409513210774533,0.004));
#10233=CARTESIAN_POINT('',(-0.0600261246968738,0.0646548678922547,0.0053));
#10234=CARTESIAN_POINT('',(-0.0600261246968738,0.0646548678922547,0.004));
#10235=CARTESIAN_POINT('',(0.0074738753031262,-0.00409513210774533,0.0055));
#10236=CARTESIAN_POINT('',(0.0749738753031262,-0.00409513210774533,0.0055));
#10237=CARTESIAN_POINT('',(0.0749738753031262,-0.00409513210774533,0.0053));
#10238=CARTESIAN_POINT('',(0.0749738753031262,-0.00409513210774533,0.004));
#10239=CARTESIAN_POINT('',(-0.0600261246968738,-0.00409513210774533,0.0053));
#10240=CARTESIAN_POINT('',(0.0074738753031262,-0.00409513210774533,0.004));
#10241=CARTESIAN_POINT('',(0.0749738753031262,0.0646548678922547,0.0055));
#10242=CARTESIAN_POINT('',(0.0749738753031262,-0.00409513210774533,0.0053));
#10243=CARTESIAN_POINT('',(0.0749738753031262,0.0646548678922547,0.004));
#10244=CARTESIAN_POINT('',(0.00747387530312618,0.0634048678922547,0.0055));
#10245=CARTESIAN_POINT('',(0.0749738753031262,-0.00389513210774532,0.0055));
#10246=CARTESIAN_POINT('',(-0.0598261246968738,-0.00389513210774532,0.0055));
#10247=CARTESIAN_POINT('',(0.0747738753031262,-0.00389513210774532,0.0055));
#10248=CARTESIAN_POINT('',(0.0747738753031262,0.0109048678922547,0.0055));
#10249=CARTESIAN_POINT('',(0.0747738753031262,0.0107048678922547,0.0055));
#10250=CARTESIAN_POINT('',(0.00747387530312618,0.0107048678922547,0.0055));
#10251=CARTESIAN_POINT('',(-0.0598261246968738,0.0107048678922547,0.0055));
#10252=CARTESIAN_POINT('',(-0.0598261246968738,0.0634048678922547,0.0055));
#10253=CARTESIAN_POINT('',(0.00747387530312618,0.0634048678922547,0.004));
#10254=CARTESIAN_POINT('',(-0.0600261246968738,0.0646548678922547,0.0053));
#10255=CARTESIAN_POINT('',(-0.037526124696875,-0.011595132107745,0.0278));
#10256=CARTESIAN_POINT('',(-0.0371094580302073,0.0188215345589229,0.0282166666666675));
#10257=CARTESIAN_POINT('',(0.00747387530312618,-0.00389513210774532,0.0055));
#10258=CARTESIAN_POINT('',(0.0523405419697924,0.0185382012255885,0.0279333333333331));
#10259=CARTESIAN_POINT('',(0.00747387530312619,0.0109048678922547,0.0053));
#10260=CARTESIAN_POINT('',(0.0524738753031252,-0.0115951321077455,0.0278));
#10261=CARTESIAN_POINT('',(0.0747738753031262,0.0634048678922547,0.0055));
#10262=CARTESIAN_POINT('',(-0.0736787510107525,0.0215973264899956,0.0147550485968827));
#10263=CARTESIAN_POINT('',(0.0550581099689007,0.0131393069028854,0.0055));
#10264=CARTESIAN_POINT('',(0.0550581099689007,0.0131393069028854,0.0025));
#10265=CARTESIAN_POINT('',(0.0550581099689007,0.0241393069028854,0.0025));
#10266=CARTESIAN_POINT('',(0.0550581099689007,0.00213930690288543,0.0025));
#10267=CARTESIAN_POINT('',(0.0550581099689007,0.00213930690288543,0.0055));
#10268=CARTESIAN_POINT('',(0.0550581099689007,0.00213930690288543,0.0055));
#10269=CARTESIAN_POINT('',(0.0550581099689007,0.0131393069028854,0.0055));
#10270=CARTESIAN_POINT('',(0.0550581099689007,0.0241393069028854,0.0055));
#10271=CARTESIAN_POINT('',(0.0550581099689007,0.0241393069028854,0.0055));
#10272=CARTESIAN_POINT('',(0.0440581099689007,0.00213930690288543,0.0055));
#10273=CARTESIAN_POINT('',(0.0440581099689007,0.00213930690288543,0.0025));
#10274=CARTESIAN_POINT('',(0.0330581099689007,0.00213930690288543,0.0025));
#10275=CARTESIAN_POINT('',(0.0330581099689007,0.00213930690288543,0.0055));
#10276=CARTESIAN_POINT('',(0.0330581099689007,0.00213930690288543,0.0055));
#10277=CARTESIAN_POINT('',(0.0440581099689007,0.00213930690288543,0.0055));
#10278=CARTESIAN_POINT('',(0.0330581099689007,0.0131393069028854,0.0055));
#10279=CARTESIAN_POINT('',(0.0330581099689007,0.0131393069028854,0.0025));
#10280=CARTESIAN_POINT('',(0.0330581099689007,0.0241393069028854,0.0025));
#10281=CARTESIAN_POINT('',(0.0330581099689007,0.0241393069028854,0.0055));
#10282=CARTESIAN_POINT('',(0.0330581099689007,0.0241393069028854,0.0055));
#10283=CARTESIAN_POINT('',(0.0330581099689007,0.0131393069028854,0.0055));
#10284=CARTESIAN_POINT('',(0.0590581099689007,0.0131393069028854,0.0055));
#10285=CARTESIAN_POINT('',(0.0590581099689007,0.0131393069028854,0.0025));
#10286=CARTESIAN_POINT('',(0.0590581099689007,0.0281393069028854,0.0025));
#10287=CARTESIAN_POINT('',(0.0590581099689007,-0.00186069309711456,0.0025));
#10288=CARTESIAN_POINT('',(0.0590581099689007,0.0281393069028854,0.0055));
#10289=CARTESIAN_POINT('',(0.0590581099689007,0.0281393069028854,0.0055));
#10290=CARTESIAN_POINT('',(0.0590581099689007,0.0131393069028854,0.0055));
#10291=CARTESIAN_POINT('',(0.0590581099689007,-0.00186069309711456,0.0055));
#10292=CARTESIAN_POINT('',(0.0590581099689007,-0.00186069309711456,0.0055));
#10293=CARTESIAN_POINT('',(0.0440581099689007,0.0281393069028854,0.0055));
#10294=CARTESIAN_POINT('',(0.0440581099689007,0.0281393069028854,0.0025));
#10295=CARTESIAN_POINT('',(0.0290581099689007,0.0281393069028854,0.0025));
#10296=CARTESIAN_POINT('',(0.0290581099689007,0.0281393069028854,0.0055));
#10297=CARTESIAN_POINT('',(0.0290581099689007,0.0281393069028854,0.0055));
#10298=CARTESIAN_POINT('',(0.0440581099689007,0.0281393069028854,0.0055));
#10299=CARTESIAN_POINT('',(0.0290581099689007,0.0131393069028854,0.0055));
#10300=CARTESIAN_POINT('',(0.0290581099689007,0.0131393069028854,0.0025));
#10301=CARTESIAN_POINT('',(0.0290581099689007,-0.00186069309711456,0.0025));
#10302=CARTESIAN_POINT('',(0.0290581099689007,-0.00186069309711456,0.0055));
#10303=CARTESIAN_POINT('',(0.0290581099689007,-0.00186069309711456,0.0055));
#10304=CARTESIAN_POINT('',(0.0290581099689007,0.0131393069028854,0.0055));
#10305=CARTESIAN_POINT('',(0.0440581099689007,-0.00186069309711456,0.0055));
#10306=CARTESIAN_POINT('',(0.0440581099689007,-0.00186069309711456,0.0025));
#10307=CARTESIAN_POINT('',(0.0440581099689007,-0.00186069309711456,0.0055));
#10308=CARTESIAN_POINT('',(0.0440581099689007,0.0241393069028854,0.0055));
#10309=CARTESIAN_POINT('',(0.0440581099689007,0.0241393069028854,0.0025));
#10310=CARTESIAN_POINT('',(0.0440581099689007,0.0241393069028854,0.0055));
#10311=CARTESIAN_POINT('',(0.00424789028793021,-0.00625394623419726,0.0055));
#10312=CARTESIAN_POINT('',(0.00424789028793021,-0.00625394623419726,0.0025));
#10313=CARTESIAN_POINT('',(0.00388470867842986,-0.0352983711765102,0.0558297176621854));
#10314=CARTESIAN_POINT('',(-1.7347234759768E-18,-0.01,0.025));
#10315=CARTESIAN_POINT('',(-1.7347234759768E-18,-0.01,0.014));
#10316=CARTESIAN_POINT('',(-0.007,-0.01,0.014));
#10317=CARTESIAN_POINT('',(0.007,-0.01,0.014));
#10318=CARTESIAN_POINT('',(0.007,-0.01,0.014));
#10319=CARTESIAN_POINT('',(0.007,-0.01,0.));
#10320=CARTESIAN_POINT('',(-1.7347234759768E-18,-0.01,0.));
#10321=CARTESIAN_POINT('',(0.01,-0.01,0.));
#10322=CARTESIAN_POINT('',(0.01,-0.01,0.025));
#10323=CARTESIAN_POINT('',(0.01,-0.01,0.025));
#10324=CARTESIAN_POINT('',(-1.7347234759768E-18,-0.01,0.025));
#10325=CARTESIAN_POINT('',(-0.01,-0.01,0.025));
#10326=CARTESIAN_POINT('',(-0.01,-0.01,0.025));
#10327=CARTESIAN_POINT('',(-0.01,-0.01,0.));
#10328=CARTESIAN_POINT('',(-1.7347234759768E-18,-0.01,0.));
#10329=CARTESIAN_POINT('',(-0.007,-0.01,0.));
#10330=CARTESIAN_POINT('',(-0.007,-0.01,0.014));
#10331=CARTESIAN_POINT('',(0.0085,-0.01,0.0195));
#10332=CARTESIAN_POINT('',(0.0085,-0.01,0.0235));
#10333=CARTESIAN_POINT('',(0.0085,-0.01,0.0155));
#10334=CARTESIAN_POINT('',(0.,-0.01,0.0155));
#10335=CARTESIAN_POINT('',(-0.0085,-0.01,0.0155));
#10336=CARTESIAN_POINT('',(-0.0085,-0.01,0.0195));
#10337=CARTESIAN_POINT('',(-0.0085,-0.01,0.0235));
#10338=CARTESIAN_POINT('',(-1.7347234759768E-18,-0.01,0.0235));
#10339=CARTESIAN_POINT('',(0.,0.,0.));
#10340=CARTESIAN_POINT('',(-0.0085,0.007,0.));
#10341=CARTESIAN_POINT('',(-0.01,0.007,0.));
#10342=CARTESIAN_POINT('',(-0.007,0.007,0.));
#10343=CARTESIAN_POINT('',(-0.01,0.,0.));
#10344=CARTESIAN_POINT('',(-0.01,0.01,0.));
#10345=CARTESIAN_POINT('',(1.7347234759768E-18,0.01,0.));
#10346=CARTESIAN_POINT('',(-0.007,0.01,0.));
#10347=CARTESIAN_POINT('',(-0.007,0.0085,0.));
#10348=CARTESIAN_POINT('',(0.,0.,0.));
#10349=CARTESIAN_POINT('',(0.007,0.0085,0.));
#10350=CARTESIAN_POINT('',(0.007,0.01,0.));
#10351=CARTESIAN_POINT('',(0.007,0.007,0.));
#10352=CARTESIAN_POINT('',(1.7347234759768E-18,0.01,0.));
#10353=CARTESIAN_POINT('',(0.01,0.01,0.));
#10354=CARTESIAN_POINT('',(0.01,0.,0.));
#10355=CARTESIAN_POINT('',(0.01,0.007,0.));
#10356=CARTESIAN_POINT('',(0.0085,0.007,0.));
#10357=CARTESIAN_POINT('',(0.,0.,0.));
#10358=CARTESIAN_POINT('',(0.0085,-0.007,0.));
#10359=CARTESIAN_POINT('',(0.01,-0.007,0.));
#10360=CARTESIAN_POINT('',(0.007,-0.007,0.));
#10361=CARTESIAN_POINT('',(0.01,0.,0.));
#10362=CARTESIAN_POINT('',(0.007,-0.0085,0.));
#10363=CARTESIAN_POINT('',(1.7347234759768E-18,0.01,0.025));
#10364=CARTESIAN_POINT('',(1.7347234759768E-18,0.01,0.014));
#10365=CARTESIAN_POINT('',(-0.007,0.01,0.014));
#10366=CARTESIAN_POINT('',(0.007,0.01,0.014));
#10367=CARTESIAN_POINT('',(-0.007,0.01,0.014));
#10368=CARTESIAN_POINT('',(-0.01,0.01,0.025));
#10369=CARTESIAN_POINT('',(-0.01,0.01,0.025));
#10370=CARTESIAN_POINT('',(1.7347234759768E-18,0.01,0.025));
#10371=CARTESIAN_POINT('',(0.01,0.01,0.025));
#10372=CARTESIAN_POINT('',(0.01,0.01,0.025));
#10373=CARTESIAN_POINT('',(0.007,0.01,0.014));
#10374=CARTESIAN_POINT('',(0.01,0.,0.025));
#10375=CARTESIAN_POINT('',(0.01,0.,0.014));
#10376=CARTESIAN_POINT('',(0.01,0.007,0.014));
#10377=CARTESIAN_POINT('',(0.01,-0.007,0.014));
#10378=CARTESIAN_POINT('',(0.01,0.007,0.014));
#10379=CARTESIAN_POINT('',(0.01,0.,0.025));
#10380=CARTESIAN_POINT('',(0.01,-0.007,0.014));
#10381=CARTESIAN_POINT('',(-0.01,0.,0.025));
#10382=CARTESIAN_POINT('',(-0.01,0.,0.014));
#10383=CARTESIAN_POINT('',(-0.01,0.007,0.014));
#10384=CARTESIAN_POINT('',(-0.01,-0.007,0.014));
#10385=CARTESIAN_POINT('',(-0.01,-0.007,0.014));
#10386=CARTESIAN_POINT('',(-0.01,-0.007,0.));
#10387=CARTESIAN_POINT('',(-0.01,0.,0.));
#10388=CARTESIAN_POINT('',(-0.01,0.,0.025));
#10389=CARTESIAN_POINT('',(-0.01,0.007,0.014));
#10390=CARTESIAN_POINT('',(0.,0.,0.025));
#10391=CARTESIAN_POINT('',(0.,0.,0.));
#10392=CARTESIAN_POINT('',(-0.0085,-0.007,0.));
#10393=CARTESIAN_POINT('',(-0.007,-0.007,0.));
#10394=CARTESIAN_POINT('',(-0.007,-0.0085,0.));
#10395=CARTESIAN_POINT('',(-0.0085,-0.007,0.014));
#10396=CARTESIAN_POINT('',(-0.0085,-0.007,0.014));
#10397=CARTESIAN_POINT('',(-0.007,-0.007,0.014));
#10398=CARTESIAN_POINT('',(-0.007,-0.007,0.014));
#10399=CARTESIAN_POINT('',(-0.0085,0.007,0.014));
#10400=CARTESIAN_POINT('',(-0.007,0.007,0.014));
#10401=CARTESIAN_POINT('',(-0.007,0.007,0.014));
#10402=CARTESIAN_POINT('',(-0.0085,0.007,0.014));
#10403=CARTESIAN_POINT('',(-0.007,0.0085,0.014));
#10404=CARTESIAN_POINT('',(-0.007,0.0085,0.014));
#10405=CARTESIAN_POINT('',(0.007,0.0085,0.014));
#10406=CARTESIAN_POINT('',(0.007,0.007,0.014));
#10407=CARTESIAN_POINT('',(0.007,0.007,0.014));
#10408=CARTESIAN_POINT('',(0.007,0.0085,0.014));
#10409=CARTESIAN_POINT('',(0.0085,0.007,0.014));
#10410=CARTESIAN_POINT('',(0.0085,0.007,0.014));
#10411=CARTESIAN_POINT('',(0.0085,-0.007,0.014));
#10412=CARTESIAN_POINT('',(0.007,-0.007,0.014));
#10413=CARTESIAN_POINT('',(0.007,-0.007,0.014));
#10414=CARTESIAN_POINT('',(0.0085,-0.007,0.014));
#10415=CARTESIAN_POINT('',(0.007,-0.0085,0.014));
#10416=CARTESIAN_POINT('',(0.007,-0.0085,0.014));
#10417=CARTESIAN_POINT('',(-0.007,-0.0085,0.014));
#10418=CARTESIAN_POINT('',(-0.007,-0.0085,0.014));
#10419=CARTESIAN_POINT('',(0.,0.,0.014));
#10420=CARTESIAN_POINT('',(0.0085,0.007,0.0195));
#10421=CARTESIAN_POINT('',(0.0085,0.007,0.0235));
#10422=CARTESIAN_POINT('',(0.0085,0.007,0.0235));
#10423=CARTESIAN_POINT('',(0.0085,0.007,0.0195));
#10424=CARTESIAN_POINT('',(0.0085,0.007,0.0155));
#10425=CARTESIAN_POINT('',(0.0085,0.007,0.0155));
#10426=CARTESIAN_POINT('',(-1.7347234759768E-18,0.007,0.0235));
#10427=CARTESIAN_POINT('',(-0.0085,0.007,0.0235));
#10428=CARTESIAN_POINT('',(-0.0085,0.007,0.0235));
#10429=CARTESIAN_POINT('',(-1.7347234759768E-18,0.007,0.0235));
#10430=CARTESIAN_POINT('',(-0.0085,0.007,0.0195));
#10431=CARTESIAN_POINT('',(-0.0085,0.007,0.0155));
#10432=CARTESIAN_POINT('',(-0.0085,0.007,0.0155));
#10433=CARTESIAN_POINT('',(-0.0085,0.007,0.0195));
#10434=CARTESIAN_POINT('',(0.,0.007,0.0155));
#10435=CARTESIAN_POINT('',(0.,0.007,0.0155));
#10436=CARTESIAN_POINT('',(-3.46944695195361E-18,0.007,0.0125));
#10437=CARTESIAN_POINT('',(-0.0503106353484001,0.0680648310739286,0.0207333330129104));
#10438=CARTESIAN_POINT('',(0.,0.05,0.033));
#10439=CARTESIAN_POINT('',(-0.035,0.05,0.033));
#10440=CARTESIAN_POINT('',(-0.035,0.05,0.0315));
#10441=CARTESIAN_POINT('',(-0.035,0.05,0.025));
#10442=CARTESIAN_POINT('',(0.,0.05,0.0315));
#10443=CARTESIAN_POINT('',(0.035,0.05,0.0315));
#10444=CARTESIAN_POINT('',(0.035,0.05,0.033));
#10445=CARTESIAN_POINT('',(0.035,0.05,0.025));
#10446=CARTESIAN_POINT('',(0.,0.05,0.025));
#10447=CARTESIAN_POINT('',(-0.035,-6.93889390390723E-18,0.033));
#10448=CARTESIAN_POINT('',(-0.035,-0.055,0.033));
#10449=CARTESIAN_POINT('',(-0.035,-0.055,0.0315));
#10450=CARTESIAN_POINT('',(-0.035,-0.055,0.025));
#10451=CARTESIAN_POINT('',(-0.035,0.05,0.0315));
#10452=CARTESIAN_POINT('',(-0.035,-6.93889390390723E-18,0.025));
#10453=CARTESIAN_POINT('',(0.,-0.055,0.033));
#10454=CARTESIAN_POINT('',(0.035,-0.055,0.033));
#10455=CARTESIAN_POINT('',(0.035,-0.055,0.0315));
#10456=CARTESIAN_POINT('',(0.035,-0.055,0.025));
#10457=CARTESIAN_POINT('',(0.,-0.055,0.0315));
#10458=CARTESIAN_POINT('',(0.,-0.055,0.025));
#10459=CARTESIAN_POINT('',(0.035,6.93889390390723E-18,0.033));
#10460=CARTESIAN_POINT('',(0.035,6.93889390390723E-18,0.0315));
#10461=CARTESIAN_POINT('',(0.035,6.93889390390723E-18,0.025));
#10462=CARTESIAN_POINT('',(0.,-0.0025,0.033));
#10463=CARTESIAN_POINT('',(-0.0335,-0.055,0.033));
#10464=CARTESIAN_POINT('',(-0.0335,0.0485,0.033));
#10465=CARTESIAN_POINT('',(-0.0335,-0.0535,0.033));
#10466=CARTESIAN_POINT('',(0.,-0.0535,0.033));
#10467=CARTESIAN_POINT('',(0.0335,-0.0535,0.033));
#10468=CARTESIAN_POINT('',(0.0335,-0.0025,0.033));
#10469=CARTESIAN_POINT('',(0.0335,0.0485,0.033));
#10470=CARTESIAN_POINT('',(0.,0.0485,0.033));
#10471=CARTESIAN_POINT('',(0.,-0.0025,0.025));
#10472=CARTESIAN_POINT('',(-0.0335,-0.0025,0.0315));
#10473=CARTESIAN_POINT('',(-0.0335,-0.0535,0.0315));
#10474=CARTESIAN_POINT('',(-0.0335,0.0485,0.0315));
#10475=CARTESIAN_POINT('',(0.,0.0485,0.0315));
#10476=CARTESIAN_POINT('',(0.0335,0.0485,0.0315));
#10477=CARTESIAN_POINT('',(0.,-0.0535,0.0315));
#10478=CARTESIAN_POINT('',(0.0335,-0.0535,0.0315));
#10479=CARTESIAN_POINT('',(0.0335,7.03351518441505E-18,0.0315));
#10480=CARTESIAN_POINT('',(-0.0985048757076263,0.0223021943822504,0.0202550485968828));
#10481=CARTESIAN_POINT('',(0.00424789028793021,0.0624960537658028,0.0025));
#10482=CARTESIAN_POINT('',(0.00424789028793021,0.0624960537658028,0.));
#10483=CARTESIAN_POINT('',(-0.0645021097120698,0.0624960537658028,0.));
#10484=CARTESIAN_POINT('',(0.0729978902879302,0.0624960537658027,0.));
#10485=CARTESIAN_POINT('',(-0.0645021097120698,0.0624960537658028,0.0025));
#10486=CARTESIAN_POINT('',(-0.0645021097120698,0.0624960537658028,0.0025));
#10487=CARTESIAN_POINT('',(0.00424789028793021,0.0624960537658028,0.0025));
#10488=CARTESIAN_POINT('',(0.0729978902879302,0.0624960537658027,0.0025));
#10489=CARTESIAN_POINT('',(0.0729978902879302,0.0624960537658027,0.0025));
#10490=CARTESIAN_POINT('',(-0.0645021097120698,-0.00625394623419726,0.0025));
#10491=CARTESIAN_POINT('',(-0.0645021097120698,-0.00625394623419726,0.));
#10492=CARTESIAN_POINT('',(-0.0645021097120698,-0.0750039462341973,0.));
#10493=CARTESIAN_POINT('',(-0.0645021097120698,-0.0750039462341973,0.0025));
#10494=CARTESIAN_POINT('',(-0.0645021097120698,-0.0750039462341973,0.0025));
#10495=CARTESIAN_POINT('',(-0.0645021097120698,-0.00625394623419726,0.0025));
#10496=CARTESIAN_POINT('',(0.00424789028793022,-0.0750039462341973,0.0025));
#10497=CARTESIAN_POINT('',(0.00424789028793022,-0.0750039462341973,0.));
#10498=CARTESIAN_POINT('',(0.0729978902879302,-0.0750039462341973,0.));
#10499=CARTESIAN_POINT('',(0.0729978902879302,-0.0750039462341973,0.0025));
#10500=CARTESIAN_POINT('',(0.0729978902879302,-0.0750039462341973,0.0025));
#10501=CARTESIAN_POINT('',(0.00424789028793022,-0.0750039462341973,0.0025));
#10502=CARTESIAN_POINT('',(0.0729978902879302,-0.00625394623419726,0.0025));
#10503=CARTESIAN_POINT('',(0.0729978902879302,-0.00625394623419726,0.));
#10504=CARTESIAN_POINT('',(0.0729978902879302,-0.00625394623419726,0.0025));
#10505=CARTESIAN_POINT('',(0.00424789028793022,-0.00625394623419726,0.0025));
#10506=CARTESIAN_POINT('',(0.00424789028793022,-0.00625394623419726,0.));
#10507=CARTESIAN_POINT('',(-0.136204875707626,0.0175061406164475,0.088752938884813));
#10508=CARTESIAN_POINT('',(0.0113233414361094,0.0118802268643609,0.));
#10509=CARTESIAN_POINT('',(0.0122976195981084,0.0129024203272049,0.));
#10510=CARTESIAN_POINT('',(-0.00321885764633545,0.0276915629698872,0.));
#10511=CARTESIAN_POINT('',(0.00440111957537492,0.00461756799507046,0.));
#10512=CARTESIAN_POINT('',(-0.000443541839506682,0.00923513599014092,0.));
#10513=CARTESIAN_POINT('',(0.0122976195981084,0.0129024203272049,0.));
#10514=CARTESIAN_POINT('',(0.0144884554602769,0.0152010021735616,0.));
#10515=CARTESIAN_POINT('',(0.00116281407800158,0.0279020043471231,0.));
#10516=CARTESIAN_POINT('',(0.00440111957537492,0.00461756799507046,0.));
#10517=CARTESIAN_POINT('',(0.00564968040542719,0.00592753343227556,0.));
#10518=CARTESIAN_POINT('',(0.00205357982059785,0.00935506686455112,0.));
#10519=CARTESIAN_POINT('',(0.00564968040542719,0.00592753343227556,0.));
#10520=CARTESIAN_POINT('',(-0.0662048757076263,0.0112521943822503,0.132565058721162));
#10521=CARTESIAN_POINT('',(0.00747387530312619,0.0259048678922546,0.0055));
#10522=CARTESIAN_POINT('',(-0.0600261246968738,0.0259048678922546,0.0055));
#10523=CARTESIAN_POINT('',(-0.0600261246968738,0.0259048678922546,0.0053));
#10524=CARTESIAN_POINT('',(-0.0600261246968738,0.0259048678922546,0.004));
#10525=CARTESIAN_POINT('',(0.00747387530312619,0.0259048678922546,0.0053));
#10526=CARTESIAN_POINT('',(0.0749738753031262,0.0259048678922546,0.0053));
#10527=CARTESIAN_POINT('',(0.0749738753031262,0.0259048678922546,0.0055));
#10528=CARTESIAN_POINT('',(0.0749738753031262,0.0259048678922546,0.004));
#10529=CARTESIAN_POINT('',(0.00747387530312619,0.0259048678922546,0.004));
#10530=CARTESIAN_POINT('',(-0.0600261246968738,0.0796548678922547,0.0055));
#10531=CARTESIAN_POINT('',(-0.0600261246968738,0.0109048678922547,0.0055));
#10532=CARTESIAN_POINT('',(-0.0600261246968738,0.0109048678922547,0.0053));
#10533=CARTESIAN_POINT('',(-0.0600261246968738,0.0109048678922547,0.004));
#10534=CARTESIAN_POINT('',(-0.0600261246968738,0.0796548678922547,0.0053));
#10535=CARTESIAN_POINT('',(-0.0600261246968738,0.0796548678922547,0.004));
#10536=CARTESIAN_POINT('',(0.0074738753031262,0.0109048678922547,0.0055));
#10537=CARTESIAN_POINT('',(0.0749738753031262,0.0109048678922547,0.0055));
#10538=CARTESIAN_POINT('',(0.0749738753031262,0.0109048678922547,0.0053));
#10539=CARTESIAN_POINT('',(0.0749738753031262,0.0109048678922547,0.004));
#10540=CARTESIAN_POINT('',(-0.0600261246968738,0.0109048678922547,0.0053));
#10541=CARTESIAN_POINT('',(0.0074738753031262,0.0109048678922547,0.004));
#10542=CARTESIAN_POINT('',(0.0749738753031262,0.0796548678922547,0.0055));
#10543=CARTESIAN_POINT('',(0.0749738753031262,0.0109048678922547,0.0053));
#10544=CARTESIAN_POINT('',(0.0749738753031262,0.0796548678922547,0.004));
#10545=CARTESIAN_POINT('',(0.00747387530312618,0.0784048678922547,0.0055));
#10546=CARTESIAN_POINT('',(0.0749738753031262,0.0111048678922547,0.0055));
#10547=CARTESIAN_POINT('',(-0.0598261246968738,0.0111048678922547,0.0055));
#10548=CARTESIAN_POINT('',(0.0747738753031262,0.0111048678922547,0.0055));
#10549=CARTESIAN_POINT('',(0.0747738753031262,0.0259048678922546,0.0055));
#10550=CARTESIAN_POINT('',(0.0747738753031262,0.0257048678922546,0.0055));
#10551=CARTESIAN_POINT('',(0.00747387530312618,0.0257048678922546,0.0055));
#10552=CARTESIAN_POINT('',(-0.0598261246968738,0.0257048678922546,0.0055));
#10553=CARTESIAN_POINT('',(-0.0598261246968738,0.0784048678922547,0.0055));
#10554=CARTESIAN_POINT('',(0.00747387530312618,0.0784048678922547,0.004));
#10555=CARTESIAN_POINT('',(-0.0600261246968738,0.0796548678922547,0.0053));
#10556=CARTESIAN_POINT('',(-0.037526124696875,0.003404867892255,0.0278));
#10557=CARTESIAN_POINT('',(-0.0371094580302073,0.0338215345589229,0.0282166666666675));
#10558=CARTESIAN_POINT('',(0.00747387530312618,0.0111048678922547,0.0055));
#10559=CARTESIAN_POINT('',(0.0523405419697924,0.0335382012255885,0.0279333333333331));
#10560=CARTESIAN_POINT('',(0.00747387530312619,0.0259048678922546,0.0053));
#10561=CARTESIAN_POINT('',(0.0524738753031252,0.00340486789225446,0.0278));
#10562=CARTESIAN_POINT('',(0.0747738753031262,0.0784048678922547,0.0055));
#10563=CARTESIAN_POINT('',(-0.0736787510107525,0.0215973264899956,0.0147550485968827));
#10564=CARTESIAN_POINT('',(0.00747387530312619,-0.0640951321077453,0.0055));
#10565=CARTESIAN_POINT('',(-0.0600261246968738,-0.0640951321077453,0.0055));
#10566=CARTESIAN_POINT('',(-0.0600261246968738,-0.0640951321077453,0.0053));
#10567=CARTESIAN_POINT('',(-0.0600261246968738,-0.0640951321077453,0.004));
#10568=CARTESIAN_POINT('',(0.00747387530312619,-0.0640951321077453,0.0053));
#10569=CARTESIAN_POINT('',(0.0749738753031262,-0.0640951321077453,0.0053));
#10570=CARTESIAN_POINT('',(0.0749738753031262,-0.0640951321077453,0.0055));
#10571=CARTESIAN_POINT('',(0.0749738753031262,-0.0640951321077453,0.004));
#10572=CARTESIAN_POINT('',(0.00747387530312619,-0.0640951321077453,0.004));
#10573=CARTESIAN_POINT('',(-0.0600261246968738,-0.0103451321077453,0.0055));
#10574=CARTESIAN_POINT('',(-0.0600261246968738,-0.0790951321077453,0.0055));
#10575=CARTESIAN_POINT('',(-0.0600261246968738,-0.0790951321077453,0.0053));
#10576=CARTESIAN_POINT('',(-0.0600261246968738,-0.0790951321077453,0.004));
#10577=CARTESIAN_POINT('',(-0.0600261246968738,-0.0103451321077453,0.0053));
#10578=CARTESIAN_POINT('',(-0.0600261246968738,-0.0103451321077453,0.004));
#10579=CARTESIAN_POINT('',(0.0074738753031262,-0.0790951321077453,0.0055));
#10580=CARTESIAN_POINT('',(0.0749738753031262,-0.0790951321077453,0.0055));
#10581=CARTESIAN_POINT('',(0.0749738753031262,-0.0790951321077453,0.0053));
#10582=CARTESIAN_POINT('',(0.0749738753031262,-0.0790951321077453,0.004));
#10583=CARTESIAN_POINT('',(-0.0600261246968738,-0.0790951321077453,0.0053));
#10584=CARTESIAN_POINT('',(0.0074738753031262,-0.0790951321077453,0.004));
#10585=CARTESIAN_POINT('',(0.0749738753031262,-0.0103451321077453,0.0055));
#10586=CARTESIAN_POINT('',(0.0749738753031262,-0.0790951321077453,0.0053));
#10587=CARTESIAN_POINT('',(0.0749738753031262,-0.0103451321077453,0.004));
#10588=CARTESIAN_POINT('',(0.00747387530312618,-0.0115951321077453,0.0055));
#10589=CARTESIAN_POINT('',(0.0749738753031262,-0.0788951321077453,0.0055));
#10590=CARTESIAN_POINT('',(-0.0598261246968738,-0.0788951321077453,0.0055));
#10591=CARTESIAN_POINT('',(0.0747738753031262,-0.0788951321077453,0.0055));
#10592=CARTESIAN_POINT('',(0.0747738753031262,-0.0640951321077453,0.0055));
#10593=CARTESIAN_POINT('',(0.0747738753031262,-0.0642951321077453,0.0055));
#10594=CARTESIAN_POINT('',(0.00747387530312618,-0.0642951321077453,0.0055));
#10595=CARTESIAN_POINT('',(-0.0598261246968738,-0.0642951321077453,0.0055));
#10596=CARTESIAN_POINT('',(-0.0598261246968738,-0.0115951321077453,0.0055));
#10597=CARTESIAN_POINT('',(0.00747387530312618,-0.0115951321077453,0.004));
#10598=CARTESIAN_POINT('',(-0.0600261246968738,-0.0103451321077453,0.0053));
#10599=CARTESIAN_POINT('',(-0.0375261246968734,-0.0865951321077458,0.0278));
#10600=CARTESIAN_POINT('',(-0.0371094580302067,-0.0561784654410782,0.0282166666666664));
#10601=CARTESIAN_POINT('',(0.00747387530312618,-0.0788951321077453,0.0055));
#10602=CARTESIAN_POINT('',(0.0523405419697924,-0.0564617987744115,0.0279333333333331));
#10603=CARTESIAN_POINT('',(0.00747387530312619,-0.0640951321077453,0.0053));
#10604=CARTESIAN_POINT('',(0.0524738753031257,-0.0865951321077458,0.0278));
#10605=CARTESIAN_POINT('',(0.0747738753031262,-0.0115951321077453,0.0055));
#10606=CARTESIAN_POINT('',(-0.0736787510107525,0.0215973264899956,0.0147550485968827));
#10607=CARTESIAN_POINT('',(0.00747387530312619,-0.00409513210774533,0.0055));
#10608=CARTESIAN_POINT('',(-0.0600261246968738,-0.00409513210774533,0.0055));
#10609=CARTESIAN_POINT('',(-0.0600261246968738,-0.00409513210774533,0.0053));
#10610=CARTESIAN_POINT('',(-0.0600261246968738,-0.00409513210774533,0.004));
#10611=CARTESIAN_POINT('',(0.00747387530312619,-0.00409513210774533,0.0053));
#10612=CARTESIAN_POINT('',(0.0749738753031262,-0.00409513210774533,0.0053));
#10613=CARTESIAN_POINT('',(0.0749738753031262,-0.00409513210774533,0.0055));
#10614=CARTESIAN_POINT('',(0.0749738753031262,-0.00409513210774533,0.004));
#10615=CARTESIAN_POINT('',(0.00747387530312619,-0.00409513210774533,0.004));
#10616=CARTESIAN_POINT('',(-0.0600261246968738,0.0496548678922547,0.0055));
#10617=CARTESIAN_POINT('',(-0.0600261246968738,-0.0190951321077453,0.0055));
#10618=CARTESIAN_POINT('',(-0.0600261246968738,-0.0190951321077453,0.0053));
#10619=CARTESIAN_POINT('',(-0.0600261246968738,-0.0190951321077453,0.004));
#10620=CARTESIAN_POINT('',(-0.0600261246968738,0.0496548678922547,0.0053));
#10621=CARTESIAN_POINT('',(-0.0600261246968738,0.0496548678922547,0.004));
#10622=CARTESIAN_POINT('',(0.0074738753031262,-0.0190951321077453,0.0055));
#10623=CARTESIAN_POINT('',(0.0749738753031262,-0.0190951321077453,0.0055));
#10624=CARTESIAN_POINT('',(0.0749738753031262,-0.0190951321077453,0.0053));
#10625=CARTESIAN_POINT('',(0.0749738753031262,-0.0190951321077453,0.004));
#10626=CARTESIAN_POINT('',(-0.0600261246968738,-0.0190951321077453,0.0053));
#10627=CARTESIAN_POINT('',(0.0074738753031262,-0.0190951321077453,0.004));
#10628=CARTESIAN_POINT('',(0.0749738753031262,0.0496548678922547,0.0055));
#10629=CARTESIAN_POINT('',(0.0749738753031262,-0.0190951321077453,0.0053));
#10630=CARTESIAN_POINT('',(0.0749738753031262,0.0496548678922547,0.004));
#10631=CARTESIAN_POINT('',(0.00747387530312618,0.0484048678922547,0.0055));
#10632=CARTESIAN_POINT('',(0.0749738753031262,-0.0188951321077453,0.0055));
#10633=CARTESIAN_POINT('',(-0.0598261246968738,-0.0188951321077453,0.0055));
#10634=CARTESIAN_POINT('',(0.0747738753031262,-0.0188951321077453,0.0055));
#10635=CARTESIAN_POINT('',(0.0747738753031262,-0.00409513210774533,0.0055));
#10636=CARTESIAN_POINT('',(0.0747738753031262,-0.00429513210774532,0.0055));
#10637=CARTESIAN_POINT('',(0.00747387530312618,-0.00429513210774532,0.0055));
#10638=CARTESIAN_POINT('',(-0.0598261246968738,-0.00429513210774532,0.0055));
#10639=CARTESIAN_POINT('',(-0.0598261246968738,0.0484048678922547,0.0055));
#10640=CARTESIAN_POINT('',(0.00747387530312618,0.0484048678922547,0.004));
#10641=CARTESIAN_POINT('',(-0.0600261246968738,0.0496548678922547,0.0053));
#10642=CARTESIAN_POINT('',(-0.037526124696875,-0.026595132107745,0.0278));
#10643=CARTESIAN_POINT('',(-0.0371094580302073,0.00382153455892289,0.0282166666666675));
#10644=CARTESIAN_POINT('',(0.00747387530312618,-0.0188951321077453,0.0055));
#10645=CARTESIAN_POINT('',(0.0523405419697924,0.00353820122558847,0.0279333333333331));
#10646=CARTESIAN_POINT('',(0.00747387530312619,-0.00409513210774533,0.0053));
#10647=CARTESIAN_POINT('',(0.0524738753031252,-0.0265951321077455,0.0278));
#10648=CARTESIAN_POINT('',(0.0747738753031262,0.0484048678922547,0.0055));
#10649=CARTESIAN_POINT('',(-0.0736787510107525,0.0215973264899956,0.0147550485968827));
#10650=CARTESIAN_POINT('',(0.00370759782966189,0.0625711794310936,0.0025));
#10651=CARTESIAN_POINT('',(0.00370759782966189,0.0625711794310936,0.));
#10652=CARTESIAN_POINT('',(-0.0662924021703381,0.0625711794310936,0.));
#10653=CARTESIAN_POINT('',(0.0737075978296619,0.0625711794310936,0.));
#10654=CARTESIAN_POINT('',(-0.0662924021703381,0.0625711794310936,0.0025));
#10655=CARTESIAN_POINT('',(-0.0662924021703381,0.0625711794310936,0.0025));
#10656=CARTESIAN_POINT('',(0.00370759782966189,0.0625711794310936,0.0025));
#10657=CARTESIAN_POINT('',(0.0737075978296619,0.0625711794310936,0.0025));
#10658=CARTESIAN_POINT('',(0.0737075978296619,0.0625711794310936,0.0025));
#10659=CARTESIAN_POINT('',(-0.0662924021703381,-0.00617882056890641,0.0025));
#10660=CARTESIAN_POINT('',(-0.0662924021703381,-0.00617882056890641,0.));
#10661=CARTESIAN_POINT('',(-0.0662924021703381,-0.0749288205689064,0.));
#10662=CARTESIAN_POINT('',(-0.0662924021703381,-0.0749288205689064,0.0025));
#10663=CARTESIAN_POINT('',(-0.0662924021703381,-0.0749288205689064,0.0025));
#10664=CARTESIAN_POINT('',(-0.0662924021703381,-0.00617882056890641,0.0025));
#10665=CARTESIAN_POINT('',(0.00370759782966189,-0.0749288205689064,0.0025));
#10666=CARTESIAN_POINT('',(0.00370759782966189,-0.0749288205689064,0.));
#10667=CARTESIAN_POINT('',(0.0737075978296619,-0.0749288205689064,0.));
#10668=CARTESIAN_POINT('',(0.0737075978296619,-0.0749288205689064,0.0025));
#10669=CARTESIAN_POINT('',(0.0737075978296619,-0.0749288205689064,0.0025));
#10670=CARTESIAN_POINT('',(0.00370759782966189,-0.0749288205689064,0.0025));
#10671=CARTESIAN_POINT('',(0.0737075978296619,-0.00617882056890641,0.0025));
#10672=CARTESIAN_POINT('',(0.0737075978296619,-0.00617882056890641,0.));
#10673=CARTESIAN_POINT('',(0.0737075978296619,-0.00617882056890641,0.0025));
#10674=CARTESIAN_POINT('',(0.00370759782966189,-0.00617882056890641,0.0025));
#10675=CARTESIAN_POINT('',(0.00370759782966189,-0.00617882056890641,0.));
#10676=CARTESIAN_POINT('',(-0.0699124735372882,0.0825021943822503,0.0906838691657891));
#10677=MECHANICAL_DESIGN_GEOMETRIC_PRESENTATION_REPRESENTATION('',(#5953,
#5954,#5955,#5956,#5957,#5958,#5959,#5960,#5961,#5962,#5963,#5964,#5965,
#5966,#5967,#5968,#5969,#5970,#5971,#5972,#5973,#5974,#5975,#5976,#5977,
#5978,#5979),#10678);
#10678=(
GEOMETRIC_REPRESENTATION_CONTEXT(3)
GLOBAL_UNCERTAINTY_ASSIGNED_CONTEXT((#10706))
GLOBAL_UNIT_ASSIGNED_CONTEXT((#10736,#10735,#10734))
REPRESENTATION_CONTEXT('Assembly 1','TOP_LEVEL_ASSEMBLY_PART')
);
#10679=(
GEOMETRIC_REPRESENTATION_CONTEXT(3)
GLOBAL_UNCERTAINTY_ASSIGNED_CONTEXT((#10707))
GLOBAL_UNIT_ASSIGNED_CONTEXT((#10736,#10735,#10734))
REPRESENTATION_CONTEXT('Part 1','COMPONENT_PART')
);
#10680=(
GEOMETRIC_REPRESENTATION_CONTEXT(3)
GLOBAL_UNCERTAINTY_ASSIGNED_CONTEXT((#10708))
GLOBAL_UNIT_ASSIGNED_CONTEXT((#10736,#10735,#10734))
REPRESENTATION_CONTEXT('Part 3','COMPONENT_PART')
);
#10681=(
GEOMETRIC_REPRESENTATION_CONTEXT(3)
GLOBAL_UNCERTAINTY_ASSIGNED_CONTEXT((#10709))
GLOBAL_UNIT_ASSIGNED_CONTEXT((#10736,#10735,#10734))
REPRESENTATION_CONTEXT('Part 19','COMPONENT_PART')
);
#10682=(
GEOMETRIC_REPRESENTATION_CONTEXT(3)
GLOBAL_UNCERTAINTY_ASSIGNED_CONTEXT((#10710))
GLOBAL_UNIT_ASSIGNED_CONTEXT((#10736,#10735,#10734))
REPRESENTATION_CONTEXT('Part 10','COMPONENT_PART')
);
#10683=(
GEOMETRIC_REPRESENTATION_CONTEXT(3)
GLOBAL_UNCERTAINTY_ASSIGNED_CONTEXT((#10711))
GLOBAL_UNIT_ASSIGNED_CONTEXT((#10736,#10735,#10734))
REPRESENTATION_CONTEXT('Part 4','COMPONENT_PART')
);
#10684=(
GEOMETRIC_REPRESENTATION_CONTEXT(3)
GLOBAL_UNCERTAINTY_ASSIGNED_CONTEXT((#10712))
GLOBAL_UNIT_ASSIGNED_CONTEXT((#10736,#10735,#10734))
REPRESENTATION_CONTEXT('Part 1','COMPONENT_PART')
);
#10685=(
GEOMETRIC_REPRESENTATION_CONTEXT(3)
GLOBAL_UNCERTAINTY_ASSIGNED_CONTEXT((#10713))
GLOBAL_UNIT_ASSIGNED_CONTEXT((#10736,#10735,#10734))
REPRESENTATION_CONTEXT('Part 6','COMPONENT_PART')
);
#10686=(
GEOMETRIC_REPRESENTATION_CONTEXT(3)
GLOBAL_UNCERTAINTY_ASSIGNED_CONTEXT((#10714))
GLOBAL_UNIT_ASSIGNED_CONTEXT((#10736,#10735,#10734))
REPRESENTATION_CONTEXT('Part 1','COMPONENT_PART')
);
#10687=(
GEOMETRIC_REPRESENTATION_CONTEXT(3)
GLOBAL_UNCERTAINTY_ASSIGNED_CONTEXT((#10715))
GLOBAL_UNIT_ASSIGNED_CONTEXT((#10736,#10735,#10734))
REPRESENTATION_CONTEXT('Part 13','COMPONENT_PART')
);
#10688=(
GEOMETRIC_REPRESENTATION_CONTEXT(3)
GLOBAL_UNCERTAINTY_ASSIGNED_CONTEXT((#10716))
GLOBAL_UNIT_ASSIGNED_CONTEXT((#10736,#10735,#10734))
REPRESENTATION_CONTEXT('Part 4','COMPONENT_PART')
);
#10689=(
GEOMETRIC_REPRESENTATION_CONTEXT(3)
GLOBAL_UNCERTAINTY_ASSIGNED_CONTEXT((#10717))
GLOBAL_UNIT_ASSIGNED_CONTEXT((#10736,#10735,#10734))
REPRESENTATION_CONTEXT('Part 11','COMPONENT_PART')
);
#10690=(
GEOMETRIC_REPRESENTATION_CONTEXT(3)
GLOBAL_UNCERTAINTY_ASSIGNED_CONTEXT((#10718))
GLOBAL_UNIT_ASSIGNED_CONTEXT((#10736,#10735,#10734))
REPRESENTATION_CONTEXT('Part 2','COMPONENT_PART')
);
#10691=(
GEOMETRIC_REPRESENTATION_CONTEXT(3)
GLOBAL_UNCERTAINTY_ASSIGNED_CONTEXT((#10719))
GLOBAL_UNIT_ASSIGNED_CONTEXT((#10736,#10735,#10734))
REPRESENTATION_CONTEXT('Part 5','COMPONENT_PART')
);
#10692=(
GEOMETRIC_REPRESENTATION_CONTEXT(3)
GLOBAL_UNCERTAINTY_ASSIGNED_CONTEXT((#10720))
GLOBAL_UNIT_ASSIGNED_CONTEXT((#10736,#10735,#10734))
REPRESENTATION_CONTEXT('Part 3','COMPONENT_PART')
);
#10693=(
GEOMETRIC_REPRESENTATION_CONTEXT(3)
GLOBAL_UNCERTAINTY_ASSIGNED_CONTEXT((#10721))
GLOBAL_UNIT_ASSIGNED_CONTEXT((#10736,#10735,#10734))
REPRESENTATION_CONTEXT('Part 2','COMPONENT_PART')
);
#10694=(
GEOMETRIC_REPRESENTATION_CONTEXT(3)
GLOBAL_UNCERTAINTY_ASSIGNED_CONTEXT((#10722))
GLOBAL_UNIT_ASSIGNED_CONTEXT((#10736,#10735,#10734))
REPRESENTATION_CONTEXT('Part 12','COMPONENT_PART')
);
#10695=(
GEOMETRIC_REPRESENTATION_CONTEXT(3)
GLOBAL_UNCERTAINTY_ASSIGNED_CONTEXT((#10723))
GLOBAL_UNIT_ASSIGNED_CONTEXT((#10736,#10735,#10734))
REPRESENTATION_CONTEXT('Part 1','COMPONENT_PART')
);
#10696=(
GEOMETRIC_REPRESENTATION_CONTEXT(3)
GLOBAL_UNCERTAINTY_ASSIGNED_CONTEXT((#10724))
GLOBAL_UNIT_ASSIGNED_CONTEXT((#10736,#10735,#10734))
REPRESENTATION_CONTEXT('Part 8','COMPONENT_PART')
);
#10697=(
GEOMETRIC_REPRESENTATION_CONTEXT(3)
GLOBAL_UNCERTAINTY_ASSIGNED_CONTEXT((#10725))
GLOBAL_UNIT_ASSIGNED_CONTEXT((#10736,#10735,#10734))
REPRESENTATION_CONTEXT('Part 2','COMPONENT_PART')
);
#10698=(
GEOMETRIC_REPRESENTATION_CONTEXT(3)
GLOBAL_UNCERTAINTY_ASSIGNED_CONTEXT((#10726))
GLOBAL_UNIT_ASSIGNED_CONTEXT((#10736,#10735,#10734))
REPRESENTATION_CONTEXT('Part 1','COMPONENT_PART')
);
#10699=(
GEOMETRIC_REPRESENTATION_CONTEXT(3)
GLOBAL_UNCERTAINTY_ASSIGNED_CONTEXT((#10727))
GLOBAL_UNIT_ASSIGNED_CONTEXT((#10736,#10735,#10734))
REPRESENTATION_CONTEXT('Part 2','COMPONENT_PART')
);
#10700=(
GEOMETRIC_REPRESENTATION_CONTEXT(3)
GLOBAL_UNCERTAINTY_ASSIGNED_CONTEXT((#10728))
GLOBAL_UNIT_ASSIGNED_CONTEXT((#10736,#10735,#10734))
REPRESENTATION_CONTEXT('Part 1','COMPONENT_PART')
);
#10701=(
GEOMETRIC_REPRESENTATION_CONTEXT(3)
GLOBAL_UNCERTAINTY_ASSIGNED_CONTEXT((#10729))
GLOBAL_UNIT_ASSIGNED_CONTEXT((#10736,#10735,#10734))
REPRESENTATION_CONTEXT('Part 1','COMPONENT_PART')
);
#10702=(
GEOMETRIC_REPRESENTATION_CONTEXT(3)
GLOBAL_UNCERTAINTY_ASSIGNED_CONTEXT((#10730))
GLOBAL_UNIT_ASSIGNED_CONTEXT((#10736,#10735,#10734))
REPRESENTATION_CONTEXT('Part 9','COMPONENT_PART')
);
#10703=(
GEOMETRIC_REPRESENTATION_CONTEXT(3)
GLOBAL_UNCERTAINTY_ASSIGNED_CONTEXT((#10731))
GLOBAL_UNIT_ASSIGNED_CONTEXT((#10736,#10735,#10734))
REPRESENTATION_CONTEXT('Part 3','COMPONENT_PART')
);
#10704=(
GEOMETRIC_REPRESENTATION_CONTEXT(3)
GLOBAL_UNCERTAINTY_ASSIGNED_CONTEXT((#10732))
GLOBAL_UNIT_ASSIGNED_CONTEXT((#10736,#10735,#10734))
REPRESENTATION_CONTEXT('Part 7','COMPONENT_PART')
);
#10705=(
GEOMETRIC_REPRESENTATION_CONTEXT(3)
GLOBAL_UNCERTAINTY_ASSIGNED_CONTEXT((#10733))
GLOBAL_UNIT_ASSIGNED_CONTEXT((#10736,#10735,#10734))
REPRESENTATION_CONTEXT('Part 1','COMPONENT_PART')
);
#10706=UNCERTAINTY_MEASURE_WITH_UNIT(LENGTH_MEASURE(1.E-8),#10736,
'DISTANCE_ACCURACY_VALUE','Maximum Tolerance applied to model');
#10707=UNCERTAINTY_MEASURE_WITH_UNIT(LENGTH_MEASURE(1.E-8),#10736,
'DISTANCE_ACCURACY_VALUE','Maximum Tolerance applied to model');
#10708=UNCERTAINTY_MEASURE_WITH_UNIT(LENGTH_MEASURE(1.E-8),#10736,
'DISTANCE_ACCURACY_VALUE','Maximum Tolerance applied to model');
#10709=UNCERTAINTY_MEASURE_WITH_UNIT(LENGTH_MEASURE(2.E-5),#10736,
'DISTANCE_ACCURACY_VALUE','Maximum Tolerance applied to model');
#10710=UNCERTAINTY_MEASURE_WITH_UNIT(LENGTH_MEASURE(1.E-8),#10736,
'DISTANCE_ACCURACY_VALUE','Maximum Tolerance applied to model');
#10711=UNCERTAINTY_MEASURE_WITH_UNIT(LENGTH_MEASURE(1.E-8),#10736,
'DISTANCE_ACCURACY_VALUE','Maximum Tolerance applied to model');
#10712=UNCERTAINTY_MEASURE_WITH_UNIT(LENGTH_MEASURE(1.E-8),#10736,
'DISTANCE_ACCURACY_VALUE','Maximum Tolerance applied to model');
#10713=UNCERTAINTY_MEASURE_WITH_UNIT(LENGTH_MEASURE(1.E-8),#10736,
'DISTANCE_ACCURACY_VALUE','Maximum Tolerance applied to model');
#10714=UNCERTAINTY_MEASURE_WITH_UNIT(LENGTH_MEASURE(2.E-5),#10736,
'DISTANCE_ACCURACY_VALUE','Maximum Tolerance applied to model');
#10715=UNCERTAINTY_MEASURE_WITH_UNIT(LENGTH_MEASURE(2.E-5),#10736,
'DISTANCE_ACCURACY_VALUE','Maximum Tolerance applied to model');
#10716=UNCERTAINTY_MEASURE_WITH_UNIT(LENGTH_MEASURE(1.E-8),#10736,
'DISTANCE_ACCURACY_VALUE','Maximum Tolerance applied to model');
#10717=UNCERTAINTY_MEASURE_WITH_UNIT(LENGTH_MEASURE(1.E-8),#10736,
'DISTANCE_ACCURACY_VALUE','Maximum Tolerance applied to model');
#10718=UNCERTAINTY_MEASURE_WITH_UNIT(LENGTH_MEASURE(1.E-8),#10736,
'DISTANCE_ACCURACY_VALUE','Maximum Tolerance applied to model');
#10719=UNCERTAINTY_MEASURE_WITH_UNIT(LENGTH_MEASURE(1.E-8),#10736,
'DISTANCE_ACCURACY_VALUE','Maximum Tolerance applied to model');
#10720=UNCERTAINTY_MEASURE_WITH_UNIT(LENGTH_MEASURE(1.E-8),#10736,
'DISTANCE_ACCURACY_VALUE','Maximum Tolerance applied to model');
#10721=UNCERTAINTY_MEASURE_WITH_UNIT(LENGTH_MEASURE(1.E-8),#10736,
'DISTANCE_ACCURACY_VALUE','Maximum Tolerance applied to model');
#10722=UNCERTAINTY_MEASURE_WITH_UNIT(LENGTH_MEASURE(2.E-5),#10736,
'DISTANCE_ACCURACY_VALUE','Maximum Tolerance applied to model');
#10723=UNCERTAINTY_MEASURE_WITH_UNIT(LENGTH_MEASURE(2.20000000006939E-7),
#10736,'DISTANCE_ACCURACY_VALUE','Maximum Tolerance applied to model');
#10724=UNCERTAINTY_MEASURE_WITH_UNIT(LENGTH_MEASURE(1.E-8),#10736,
'DISTANCE_ACCURACY_VALUE','Maximum Tolerance applied to model');
#10725=UNCERTAINTY_MEASURE_WITH_UNIT(LENGTH_MEASURE(1.E-8),#10736,
'DISTANCE_ACCURACY_VALUE','Maximum Tolerance applied to model');
#10726=UNCERTAINTY_MEASURE_WITH_UNIT(LENGTH_MEASURE(1.E-8),#10736,
'DISTANCE_ACCURACY_VALUE','Maximum Tolerance applied to model');
#10727=UNCERTAINTY_MEASURE_WITH_UNIT(LENGTH_MEASURE(1.E-8),#10736,
'DISTANCE_ACCURACY_VALUE','Maximum Tolerance applied to model');
#10728=UNCERTAINTY_MEASURE_WITH_UNIT(LENGTH_MEASURE(1.E-8),#10736,
'DISTANCE_ACCURACY_VALUE','Maximum Tolerance applied to model');
#10729=UNCERTAINTY_MEASURE_WITH_UNIT(LENGTH_MEASURE(1.E-8),#10736,
'DISTANCE_ACCURACY_VALUE','Maximum Tolerance applied to model');
#10730=UNCERTAINTY_MEASURE_WITH_UNIT(LENGTH_MEASURE(1.E-8),#10736,
'DISTANCE_ACCURACY_VALUE','Maximum Tolerance applied to model');
#10731=UNCERTAINTY_MEASURE_WITH_UNIT(LENGTH_MEASURE(1.E-8),#10736,
'DISTANCE_ACCURACY_VALUE','Maximum Tolerance applied to model');
#10732=UNCERTAINTY_MEASURE_WITH_UNIT(LENGTH_MEASURE(1.E-8),#10736,
'DISTANCE_ACCURACY_VALUE','Maximum Tolerance applied to model');
#10733=UNCERTAINTY_MEASURE_WITH_UNIT(LENGTH_MEASURE(1.E-8),#10736,
'DISTANCE_ACCURACY_VALUE','Maximum Tolerance applied to model');
#10734=(
NAMED_UNIT(*)
SI_UNIT($,.STERADIAN.)
SOLID_ANGLE_UNIT()
);
#10735=(
NAMED_UNIT(*)
PLANE_ANGLE_UNIT()
SI_UNIT($,.RADIAN.)
);
#10736=(
LENGTH_UNIT()
NAMED_UNIT(*)
SI_UNIT($,.METRE.)
);
#10737=PRODUCT_DEFINITION_SHAPE('','',#10793);
#10738=PRODUCT_DEFINITION_SHAPE('','',#10794);
#10739=PRODUCT_DEFINITION_SHAPE(' ','NAUO PRDDFN',#258);
#10740=PRODUCT_DEFINITION_SHAPE('','',#10795);
#10741=PRODUCT_DEFINITION_SHAPE(' ','NAUO PRDDFN',#259);
#10742=PRODUCT_DEFINITION_SHAPE('','',#10796);
#10743=PRODUCT_DEFINITION_SHAPE(' ','NAUO PRDDFN',#260);
#10744=PRODUCT_DEFINITION_SHAPE('','',#10797);
#10745=PRODUCT_DEFINITION_SHAPE(' ','NAUO PRDDFN',#261);
#10746=PRODUCT_DEFINITION_SHAPE('','',#10798);
#10747=PRODUCT_DEFINITION_SHAPE(' ','NAUO PRDDFN',#262);
#10748=PRODUCT_DEFINITION_SHAPE('','',#10799);
#10749=PRODUCT_DEFINITION_SHAPE(' ','NAUO PRDDFN',#263);
#10750=PRODUCT_DEFINITION_SHAPE('','',#10800);
#10751=PRODUCT_DEFINITION_SHAPE(' ','NAUO PRDDFN',#264);
#10752=PRODUCT_DEFINITION_SHAPE('','',#10801);
#10753=PRODUCT_DEFINITION_SHAPE(' ','NAUO PRDDFN',#265);
#10754=PRODUCT_DEFINITION_SHAPE('','',#10802);
#10755=PRODUCT_DEFINITION_SHAPE(' ','NAUO PRDDFN',#266);
#10756=PRODUCT_DEFINITION_SHAPE('','',#10803);
#10757=PRODUCT_DEFINITION_SHAPE(' ','NAUO PRDDFN',#267);
#10758=PRODUCT_DEFINITION_SHAPE('','',#10804);
#10759=PRODUCT_DEFINITION_SHAPE(' ','NAUO PRDDFN',#268);
#10760=PRODUCT_DEFINITION_SHAPE('','',#10805);
#10761=PRODUCT_DEFINITION_SHAPE(' ','NAUO PRDDFN',#269);
#10762=PRODUCT_DEFINITION_SHAPE(' ','NAUO PRDDFN',#270);
#10763=PRODUCT_DEFINITION_SHAPE('','',#10806);
#10764=PRODUCT_DEFINITION_SHAPE(' ','NAUO PRDDFN',#271);
#10765=PRODUCT_DEFINITION_SHAPE('','',#10807);
#10766=PRODUCT_DEFINITION_SHAPE(' ','NAUO PRDDFN',#272);
#10767=PRODUCT_DEFINITION_SHAPE('','',#10808);
#10768=PRODUCT_DEFINITION_SHAPE(' ','NAUO PRDDFN',#273);
#10769=PRODUCT_DEFINITION_SHAPE('','',#10809);
#10770=PRODUCT_DEFINITION_SHAPE(' ','NAUO PRDDFN',#274);
#10771=PRODUCT_DEFINITION_SHAPE('','',#10810);
#10772=PRODUCT_DEFINITION_SHAPE(' ','NAUO PRDDFN',#275);
#10773=PRODUCT_DEFINITION_SHAPE('','',#10811);
#10774=PRODUCT_DEFINITION_SHAPE(' ','NAUO PRDDFN',#276);
#10775=PRODUCT_DEFINITION_SHAPE('','',#10812);
#10776=PRODUCT_DEFINITION_SHAPE(' ','NAUO PRDDFN',#277);
#10777=PRODUCT_DEFINITION_SHAPE('','',#10813);
#10778=PRODUCT_DEFINITION_SHAPE(' ','NAUO PRDDFN',#278);
#10779=PRODUCT_DEFINITION_SHAPE('','',#10814);
#10780=PRODUCT_DEFINITION_SHAPE(' ','NAUO PRDDFN',#279);
#10781=PRODUCT_DEFINITION_SHAPE('','',#10815);
#10782=PRODUCT_DEFINITION_SHAPE(' ','NAUO PRDDFN',#280);
#10783=PRODUCT_DEFINITION_SHAPE('','',#10816);
#10784=PRODUCT_DEFINITION_SHAPE(' ','NAUO PRDDFN',#281);
#10785=PRODUCT_DEFINITION_SHAPE('','',#10817);
#10786=PRODUCT_DEFINITION_SHAPE(' ','NAUO PRDDFN',#282);
#10787=PRODUCT_DEFINITION_SHAPE('','',#10818);
#10788=PRODUCT_DEFINITION_SHAPE(' ','NAUO PRDDFN',#283);
#10789=PRODUCT_DEFINITION_SHAPE('','',#10819);
#10790=PRODUCT_DEFINITION_SHAPE(' ','NAUO PRDDFN',#284);
#10791=PRODUCT_DEFINITION_SHAPE('','',#10820);
#10792=PRODUCT_DEFINITION_SHAPE(' ','NAUO PRDDFN',#285);
#10793=PRODUCT_DEFINITION('','',#10849,#10821);
#10794=PRODUCT_DEFINITION('','',#10850,#10822);
#10795=PRODUCT_DEFINITION('','',#10851,#10823);
#10796=PRODUCT_DEFINITION('','',#10852,#10824);
#10797=PRODUCT_DEFINITION('','',#10853,#10825);
#10798=PRODUCT_DEFINITION('','',#10854,#10826);
#10799=PRODUCT_DEFINITION('','',#10855,#10827);
#10800=PRODUCT_DEFINITION('','',#10856,#10828);
#10801=PRODUCT_DEFINITION('','',#10857,#10829);
#10802=PRODUCT_DEFINITION('','',#10858,#10830);
#10803=PRODUCT_DEFINITION('','',#10859,#10831);
#10804=PRODUCT_DEFINITION('','',#10860,#10832);
#10805=PRODUCT_DEFINITION('','',#10861,#10833);
#10806=PRODUCT_DEFINITION('','',#10862,#10834);
#10807=PRODUCT_DEFINITION('','',#10863,#10835);
#10808=PRODUCT_DEFINITION('','',#10864,#10836);
#10809=PRODUCT_DEFINITION('','',#10865,#10837);
#10810=PRODUCT_DEFINITION('','',#10866,#10838);
#10811=PRODUCT_DEFINITION('','',#10867,#10839);
#10812=PRODUCT_DEFINITION('','',#10868,#10840);
#10813=PRODUCT_DEFINITION('','',#10869,#10841);
#10814=PRODUCT_DEFINITION('','',#10870,#10842);
#10815=PRODUCT_DEFINITION('','',#10871,#10843);
#10816=PRODUCT_DEFINITION('','',#10872,#10844);
#10817=PRODUCT_DEFINITION('','',#10873,#10845);
#10818=PRODUCT_DEFINITION('','',#10874,#10846);
#10819=PRODUCT_DEFINITION('','',#10875,#10847);
#10820=PRODUCT_DEFINITION('','',#10876,#10848);
#10821=PRODUCT_DEFINITION_CONTEXT('',#10990,'design');
#10822=PRODUCT_DEFINITION_CONTEXT('',#10990,'design');
#10823=PRODUCT_DEFINITION_CONTEXT('',#10990,'design');
#10824=PRODUCT_DEFINITION_CONTEXT('',#10990,'design');
#10825=PRODUCT_DEFINITION_CONTEXT('',#10990,'design');
#10826=PRODUCT_DEFINITION_CONTEXT('',#10990,'design');
#10827=PRODUCT_DEFINITION_CONTEXT('',#10990,'design');
#10828=PRODUCT_DEFINITION_CONTEXT('',#10990,'design');
#10829=PRODUCT_DEFINITION_CONTEXT('',#10990,'design');
#10830=PRODUCT_DEFINITION_CONTEXT('',#10990,'design');
#10831=PRODUCT_DEFINITION_CONTEXT('',#10990,'design');
#10832=PRODUCT_DEFINITION_CONTEXT('',#10990,'design');
#10833=PRODUCT_DEFINITION_CONTEXT('',#10990,'design');
#10834=PRODUCT_DEFINITION_CONTEXT('',#10990,'design');
#10835=PRODUCT_DEFINITION_CONTEXT('',#10990,'design');
#10836=PRODUCT_DEFINITION_CONTEXT('',#10990,'design');
#10837=PRODUCT_DEFINITION_CONTEXT('',#10990,'design');
#10838=PRODUCT_DEFINITION_CONTEXT('',#10990,'design');
#10839=PRODUCT_DEFINITION_CONTEXT('',#10990,'design');
#10840=PRODUCT_DEFINITION_CONTEXT('',#10990,'design');
#10841=PRODUCT_DEFINITION_CONTEXT('',#10990,'design');
#10842=PRODUCT_DEFINITION_CONTEXT('',#10990,'design');
#10843=PRODUCT_DEFINITION_CONTEXT('',#10990,'design');
#10844=PRODUCT_DEFINITION_CONTEXT('',#10990,'design');
#10845=PRODUCT_DEFINITION_CONTEXT('',#10990,'design');
#10846=PRODUCT_DEFINITION_CONTEXT('',#10990,'design');
#10847=PRODUCT_DEFINITION_CONTEXT('',#10990,'design');
#10848=PRODUCT_DEFINITION_CONTEXT('',#10990,'design');
#10849=PRODUCT_DEFINITION_FORMATION_WITH_SPECIFIED_SOURCE('','',#10905,
 .NOT_KNOWN.);
#10850=PRODUCT_DEFINITION_FORMATION_WITH_SPECIFIED_SOURCE('','',#10906,
 .NOT_KNOWN.);
#10851=PRODUCT_DEFINITION_FORMATION_WITH_SPECIFIED_SOURCE('','',#10907,
 .NOT_KNOWN.);
#10852=PRODUCT_DEFINITION_FORMATION_WITH_SPECIFIED_SOURCE('','',#10908,
 .NOT_KNOWN.);
#10853=PRODUCT_DEFINITION_FORMATION_WITH_SPECIFIED_SOURCE('','',#10909,
 .NOT_KNOWN.);
#10854=PRODUCT_DEFINITION_FORMATION_WITH_SPECIFIED_SOURCE('','',#10910,
 .NOT_KNOWN.);
#10855=PRODUCT_DEFINITION_FORMATION_WITH_SPECIFIED_SOURCE('','',#10911,
 .NOT_KNOWN.);
#10856=PRODUCT_DEFINITION_FORMATION_WITH_SPECIFIED_SOURCE('','',#10912,
 .NOT_KNOWN.);
#10857=PRODUCT_DEFINITION_FORMATION_WITH_SPECIFIED_SOURCE('','',#10913,
 .NOT_KNOWN.);
#10858=PRODUCT_DEFINITION_FORMATION_WITH_SPECIFIED_SOURCE('','',#10914,
 .NOT_KNOWN.);
#10859=PRODUCT_DEFINITION_FORMATION_WITH_SPECIFIED_SOURCE('','',#10915,
 .NOT_KNOWN.);
#10860=PRODUCT_DEFINITION_FORMATION_WITH_SPECIFIED_SOURCE('','',#10916,
 .NOT_KNOWN.);
#10861=PRODUCT_DEFINITION_FORMATION_WITH_SPECIFIED_SOURCE('','',#10917,
 .NOT_KNOWN.);
#10862=PRODUCT_DEFINITION_FORMATION_WITH_SPECIFIED_SOURCE('','',#10918,
 .NOT_KNOWN.);
#10863=PRODUCT_DEFINITION_FORMATION_WITH_SPECIFIED_SOURCE('','',#10919,
 .NOT_KNOWN.);
#10864=PRODUCT_DEFINITION_FORMATION_WITH_SPECIFIED_SOURCE('','',#10920,
 .NOT_KNOWN.);
#10865=PRODUCT_DEFINITION_FORMATION_WITH_SPECIFIED_SOURCE('','',#10921,
 .NOT_KNOWN.);
#10866=PRODUCT_DEFINITION_FORMATION_WITH_SPECIFIED_SOURCE('','',#10922,
 .NOT_KNOWN.);
#10867=PRODUCT_DEFINITION_FORMATION_WITH_SPECIFIED_SOURCE('','',#10923,
 .NOT_KNOWN.);
#10868=PRODUCT_DEFINITION_FORMATION_WITH_SPECIFIED_SOURCE('','',#10924,
 .NOT_KNOWN.);
#10869=PRODUCT_DEFINITION_FORMATION_WITH_SPECIFIED_SOURCE('','',#10925,
 .NOT_KNOWN.);
#10870=PRODUCT_DEFINITION_FORMATION_WITH_SPECIFIED_SOURCE('','',#10926,
 .NOT_KNOWN.);
#10871=PRODUCT_DEFINITION_FORMATION_WITH_SPECIFIED_SOURCE('','',#10927,
 .NOT_KNOWN.);
#10872=PRODUCT_DEFINITION_FORMATION_WITH_SPECIFIED_SOURCE('','',#10928,
 .NOT_KNOWN.);
#10873=PRODUCT_DEFINITION_FORMATION_WITH_SPECIFIED_SOURCE('','',#10929,
 .NOT_KNOWN.);
#10874=PRODUCT_DEFINITION_FORMATION_WITH_SPECIFIED_SOURCE('','',#10930,
 .NOT_KNOWN.);
#10875=PRODUCT_DEFINITION_FORMATION_WITH_SPECIFIED_SOURCE('','',#10931,
 .NOT_KNOWN.);
#10876=PRODUCT_DEFINITION_FORMATION_WITH_SPECIFIED_SOURCE('','',#10932,
 .NOT_KNOWN.);
#10877=PRODUCT_RELATED_PRODUCT_CATEGORY('','',(#10905));
#10878=PRODUCT_RELATED_PRODUCT_CATEGORY('','',(#10906));
#10879=PRODUCT_RELATED_PRODUCT_CATEGORY('','',(#10907));
#10880=PRODUCT_RELATED_PRODUCT_CATEGORY('','',(#10908));
#10881=PRODUCT_RELATED_PRODUCT_CATEGORY('','',(#10909));
#10882=PRODUCT_RELATED_PRODUCT_CATEGORY('','',(#10910));
#10883=PRODUCT_RELATED_PRODUCT_CATEGORY('','',(#10911));
#10884=PRODUCT_RELATED_PRODUCT_CATEGORY('','',(#10912));
#10885=PRODUCT_RELATED_PRODUCT_CATEGORY('','',(#10913));
#10886=PRODUCT_RELATED_PRODUCT_CATEGORY('','',(#10914));
#10887=PRODUCT_RELATED_PRODUCT_CATEGORY('','',(#10915));
#10888=PRODUCT_RELATED_PRODUCT_CATEGORY('','',(#10916));
#10889=PRODUCT_RELATED_PRODUCT_CATEGORY('','',(#10917));
#10890=PRODUCT_RELATED_PRODUCT_CATEGORY('','',(#10918));
#10891=PRODUCT_RELATED_PRODUCT_CATEGORY('','',(#10919));
#10892=PRODUCT_RELATED_PRODUCT_CATEGORY('','',(#10920));
#10893=PRODUCT_RELATED_PRODUCT_CATEGORY('','',(#10921));
#10894=PRODUCT_RELATED_PRODUCT_CATEGORY('','',(#10922));
#10895=PRODUCT_RELATED_PRODUCT_CATEGORY('','',(#10923));
#10896=PRODUCT_RELATED_PRODUCT_CATEGORY('','',(#10924));
#10897=PRODUCT_RELATED_PRODUCT_CATEGORY('','',(#10925));
#10898=PRODUCT_RELATED_PRODUCT_CATEGORY('','',(#10926));
#10899=PRODUCT_RELATED_PRODUCT_CATEGORY('','',(#10927));
#10900=PRODUCT_RELATED_PRODUCT_CATEGORY('','',(#10928));
#10901=PRODUCT_RELATED_PRODUCT_CATEGORY('','',(#10929));
#10902=PRODUCT_RELATED_PRODUCT_CATEGORY('','',(#10930));
#10903=PRODUCT_RELATED_PRODUCT_CATEGORY('','',(#10931));
#10904=PRODUCT_RELATED_PRODUCT_CATEGORY('','',(#10932));
#10905=PRODUCT('Assembly 1','Assembly 1','Assembly 1',(#10961));
#10906=PRODUCT('Part 1','Part 1','Part 1',(#10962));
#10907=PRODUCT('Part 3','Part 3','Part 3',(#10963));
#10908=PRODUCT('Part 19','Part 19','Part 19',(#10964));
#10909=PRODUCT('Part 10','Part 10','Part 10',(#10965));
#10910=PRODUCT('Part 4','Part 4','Part 4',(#10966));
#10911=PRODUCT('Part 1','Part 1','Part 1',(#10967));
#10912=PRODUCT('Part 6','Part 6','Part 6',(#10968));
#10913=PRODUCT('Part 1','Part 1','Part 1',(#10969));
#10914=PRODUCT('Part 13','Part 13','Part 13',(#10970));
#10915=PRODUCT('Part 4','Part 4','Part 4',(#10971));
#10916=PRODUCT('Part 11','Part 11','Part 11',(#10972));
#10917=PRODUCT('Part 2','Part 2','Part 2',(#10973));
#10918=PRODUCT('Part 5','Part 5','Part 5',(#10974));
#10919=PRODUCT('Part 3','Part 3','Part 3',(#10975));
#10920=PRODUCT('Part 2','Part 2','Part 2',(#10976));
#10921=PRODUCT('Part 12','Part 12','Part 12',(#10977));
#10922=PRODUCT('Part 1','Part 1','Part 1',(#10978));
#10923=PRODUCT('Part 8','Part 8','Part 8',(#10979));
#10924=PRODUCT('Part 2','Part 2','Part 2',(#10980));
#10925=PRODUCT('Part 1','Part 1','Part 1',(#10981));
#10926=PRODUCT('Part 2','Part 2','Part 2',(#10982));
#10927=PRODUCT('Part 1','Part 1','Part 1',(#10983));
#10928=PRODUCT('Part 1','Part 1','Part 1',(#10984));
#10929=PRODUCT('Part 9','Part 9','Part 9',(#10985));
#10930=PRODUCT('Part 3','Part 3','Part 3',(#10986));
#10931=PRODUCT('Part 7','Part 7','Part 7',(#10987));
#10932=PRODUCT('Part 1','Part 1','Part 1',(#10988));
#10933=PRODUCT_CATEGORY('','');
#10934=PRODUCT_CATEGORY('','');
#10935=PRODUCT_CATEGORY('','');
#10936=PRODUCT_CATEGORY('','');
#10937=PRODUCT_CATEGORY('','');
#10938=PRODUCT_CATEGORY('','');
#10939=PRODUCT_CATEGORY('','');
#10940=PRODUCT_CATEGORY('','');
#10941=PRODUCT_CATEGORY('','');
#10942=PRODUCT_CATEGORY('','');
#10943=PRODUCT_CATEGORY('','');
#10944=PRODUCT_CATEGORY('','');
#10945=PRODUCT_CATEGORY('','');
#10946=PRODUCT_CATEGORY('','');
#10947=PRODUCT_CATEGORY('','');
#10948=PRODUCT_CATEGORY('','');
#10949=PRODUCT_CATEGORY('','');
#10950=PRODUCT_CATEGORY('','');
#10951=PRODUCT_CATEGORY('','');
#10952=PRODUCT_CATEGORY('','');
#10953=PRODUCT_CATEGORY('','');
#10954=PRODUCT_CATEGORY('','');
#10955=PRODUCT_CATEGORY('','');
#10956=PRODUCT_CATEGORY('','');
#10957=PRODUCT_CATEGORY('','');
#10958=PRODUCT_CATEGORY('','');
#10959=PRODUCT_CATEGORY('','');
#10960=PRODUCT_CATEGORY('','');
#10961=PRODUCT_CONTEXT('',#10990,'mechanical');
#10962=PRODUCT_CONTEXT('',#10990,'mechanical');
#10963=PRODUCT_CONTEXT('',#10990,'mechanical');
#10964=PRODUCT_CONTEXT('',#10990,'mechanical');
#10965=PRODUCT_CONTEXT('',#10990,'mechanical');
#10966=PRODUCT_CONTEXT('',#10990,'mechanical');
#10967=PRODUCT_CONTEXT('',#10990,'mechanical');
#10968=PRODUCT_CONTEXT('',#10990,'mechanical');
#10969=PRODUCT_CONTEXT('',#10990,'mechanical');
#10970=PRODUCT_CONTEXT('',#10990,'mechanical');
#10971=PRODUCT_CONTEXT('',#10990,'mechanical');
#10972=PRODUCT_CONTEXT('',#10990,'mechanical');
#10973=PRODUCT_CONTEXT('',#10990,'mechanical');
#10974=PRODUCT_CONTEXT('',#10990,'mechanical');
#10975=PRODUCT_CONTEXT('',#10990,'mechanical');
#10976=PRODUCT_CONTEXT('',#10990,'mechanical');
#10977=PRODUCT_CONTEXT('',#10990,'mechanical');
#10978=PRODUCT_CONTEXT('',#10990,'mechanical');
#10979=PRODUCT_CONTEXT('',#10990,'mechanical');
#10980=PRODUCT_CONTEXT('',#10990,'mechanical');
#10981=PRODUCT_CONTEXT('',#10990,'mechanical');
#10982=PRODUCT_CONTEXT('',#10990,'mechanical');
#10983=PRODUCT_CONTEXT('',#10990,'mechanical');
#10984=PRODUCT_CONTEXT('',#10990,'mechanical');
#10985=PRODUCT_CONTEXT('',#10990,'mechanical');
#10986=PRODUCT_CONTEXT('',#10990,'mechanical');
#10987=PRODUCT_CONTEXT('',#10990,'mechanical');
#10988=PRODUCT_CONTEXT('',#10990,'mechanical');
#10989=APPLICATION_PROTOCOL_DEFINITION('international standard',
'ap242_managed_model_based_3d_engineering',2020,#10990);
#10990=APPLICATION_CONTEXT('managed model based 3d engineering');
ENDSEC;
END-ISO-10303-21;
